filament_id,segmentation_rle
20110120105534Ch_1,l_Vi22mo13N101O001O0010O01ZPNJ_o1;11N6KO2O1N1O100O0011N10000000O1O1O2N1O01O01O01O010O10O10O101N2N2O0O1O1O1N3N1O1001N2N4K3N0O101O0O10001O01O01O10O100O1000O1000O00100O1O010O10O0O20O00010O1O01M2O1O10000O1001O01N10001O00000O2O000O2O000OW^mo0
20110120105534Ch_2,Zkdn13jo14N2N1O10O00OM301000O101O00000O1O10O1O2N1O2O01000O02O000N3M2000000O1000OO2O001O001O00K5O0100000O1O01O1000O0100O1L4O1J6O01O01O1J6O1O100O2M3MF[QNYOjn1c0;O01O20OO2I60M20I8101OO01O1N1O02000O1XOUQN;kn1CYQN;gn1D[QN;dn1E^QN:bn1F_QN8bn1G_QN9an1G`QN3en1M\QNOhn1O]YUk1
20110130110334Ch_1,a_Re2450^o1;N5L00O2OkPN@in1`0TQNDkn1=QQNEPo1e02O1N2N2OO2N4M2M1O1O2O3M01O1O0O1001N3N0005K1O01O001O00O2002M00O110;FL3L6K3N001N11O01O001O101N3M2OO10O1O3N1N0011N2O01N00100O00010O0001O010O01O001O1O0010O00010O0010O1O010O1O100O1O2O0O00010O01O2N1O2N1000O000O2O000O02O00010O1O00100O01O101N001O000010O000011010OOO1O10O01O2O1N3N0O10O1N7K1N00010O000O2O000010O0002O000O1O001O001N2O1NP\WP1
20110214175414Mh_1,V]f[2:do13M3K4M4N101O1oNWOhRNj0Vm1ZOhRNg0Wm1ZOgRNg0Xm1\OfRNd0Zm1^OcRNd0\m1B^RN>bm1JTRN9km1n001O0O\OXRNSOgm1k0^RNSOam1m0bRNPO^m1P1dRNoNZm1Q1hRNnNXm1R1iRNmNWm1R1kRNmNUm1R1mRNnNQm1R1QSNmNPm1P1TSNnNll1Q1R10000O2O1O1^OXQNJjn12ZQNLin10]QNKen13f0MPdka1
20110214175414Mh_2,b]Zb24lo1001O1O100O010O0010O01O00000O10000O1O100000010O00010O01O10O10O11O2cPNDPo1>lPNFSo1d0000O100O2N10O01@hPN6Yo1GkPN8^o11O01OO10000O010O1000O11O01O0001O0000001O01O01O00010O0010O10O010O010O010O1000000O10O10O100O010O0010O01O000O1000OO2N3O000001O001O1O000010O00010O01O100O1O2O0O010O10O011N6KO01O010O01O1O001O00001N10001O0000001O0010O02N100O1O1O1O1O1OY`gS1
20110214175414Mh_3,fYag2<co1<D101N1O1O00O0K501O0100O1N3O000001O000O001N2N3N1O2N101O001O010O010O1O010O100O100O010O10O10O10O100000O100O101N1O2N^gjT1
20110329082654Uh_1,^Vjb16io13M3M7J2M3N5K2PQNUOhn1R11N2003K02O3L2N5L1N1O101O01O2M2O10O0O2N001O00001O3M2N1O00100O1O11O00109GO1N2N1N2O2EdPNMWgSZ2
20110329082654Uh_2,X_jn04go17M2N0010O001O1O1O010O1000O01000O10000O10O01O1O01O01O01O10O01O1O01O10O01O2O0O101O1OO10000O10O01O1O001O1O1O1O1000O01000O00100O1O0101O0O10000000000O01000O010000O2O0O1000O10O0100O010O010O001O010O10000O1001O0O101O0O2O00010O2N2N001O000001N2M9Giaei2
20110329082654Uh_3,c_lR23ko1200O2001001N0000O100O01O100O1O01O0000O10001O0000000100O1O10O010O100O2O4L1jPNJ_n1\1@6J00000001iNRRN7Qn1ZO^RNd0`n1EmPNEVo18;M4Lc^oi1
20110329082654Uh_4,ZbRZ15ko1001O001O1O1O1O10O00100O0010O00010O001O010O010O01000O10O100O010O1O010000O1000O010O1000O10000O1O010O00010O1O0010O10O00010O010000O2OO01O01O10O00010O001O01O01O01O10O01O01O00101N1O115NMN0OQ\S`2
20110329082654Uh_5,\ebb12lo13N10O0101O0O101O000001O001O000010O000000001O00001O000001O0000001O0000O1000000O10O10O10O0100O001O000000000000000001O000O2O0O2O1O100O1O2O00U[QY2
20110329082654Uh_6,[lb\21mo13N2N1O101O002N4L01O00001N100010O00001O01O10O0010O0001O001O101N2O01N10O00100O001O1O2N1O2O2N200O0N10O01O01O0101SQNWO_n1k0]QNWOcn1S11N1O1O1O2[O[QNJnn1M`S]_1
20110329082654Uh_7,QRaV23mo12N3M3M2N2O01OO2N6K1N1O100011O1N107H1O1O0010O000O2O0O100001N2O1N02O001O3M01O0O2O10O0001O00O2O1O1N3N13L3M1O1M2Nfkne1
20110329082654Uh_8,jWgU153O_o1?iPNB`n1Q1M3N2M4L8H4M3L4L4M3L2O1N1000XOcRNnN\m1e0fRNlN4;Wm1h0]SNnNel1R1T11O1O011N\OdQNF\n18iQNEVn19PRNCQn1;j0O2O0O2O0O2O1O1O1O01000O010O2N^ibg2
20110329082654Uh_9,oWib24ko12N2N2O001O10O0010O01O100O01O100O1O1O1N2O001O2N2OO000O100000O1000O0100O001O001F]OUQNd0kn19O00010OO2N100O1GPQNCPo1<TQNAln1?;O000O2O001N11O001O001O00001O10O02O0O100O01O1O1O2N1N2O010O100O10000O1O010O1O100O100O2NWiXW1
20110329082654Uh_10,j\i`14ko14L3N1N2O0O2O0O101M3N2O2M3L4M3N02N2N1O2O0O1O101O0O1O2O1N2N3M2M2O00001O010O1O000010O000O1001O0000001O00001O000O1000O0100O010O0010O01O1O00hblZ2
20110408083214Th_1,Z`n\1?_o14L5K4K5M2O2MYO_QN2_n1KgQN4Wn1KmQN4Qn1KRRN5mm1JVRN5im1JYRN6em1J]RN7am1HbRN8[m1HgRN9Vm1GmRN:ol1GTSN8il1HZSN7el1I\SN7bl1IaSN6\l1KeSN5[l1JgSN4Yl1LhSN2Zl1MgSN0]l1Nl1M]`[a2
20110408083214Th_2,c`\R13lo12O1O2M2O00O01O1O010O10O11O00010O2\QNF]m1;bRNI\m16bRNO[m12aRN:Wm1EeRN`0[m1@aRN6CFlm15YRN9O@im18TRN77@fm1R1]RNlNem1Q1g0N3L4L3M3M5K4M4K4Lm^[k2
20110408083214Th_3,`iPc21no13N100O001O1O010O0010O0001O1O1N3N001M3J6N1O2N2O1O2N2N100O2OO01O101M4M2N001O2O1N2N1N2nQN]Nem1e1VRN_Nim1l1O00100O0101O000O2]Ob0N110O10O10O001O1O10aNkNRTNU1nk1lNRTNS1ok1mNQTNR1ok1oNQTNQ1nk1oNSTNQ1lk1POTTNo0lk1QOVTNn0ik1SOWTNm0hk1TOXTNk0gk1VOZTNh0gk1YOYTN;gN_OQm17WTN9Sl1ImSN7]k1^O`SNc0T1N\k1`0cTNA]k1?cTN_O_k1`0WTNmNWOb0cl1b0UTNoNTO`0hl1`0TTNIlk18STNHmk19RTNGnk19RTNGnk1:RTNEok1;oSNGQl19kSNJUl18iSNHXl18gSNG[l19dSNG\l1<TSNfN5o0hl1c0VSN]Okl1e0QSN\Onl1k1B>M3L30001000O101N1O2jLdSNf2]l1YMjSN_2Yl1_MXTNf1Ul1WNoSNd1Ym1L4L<C6K6F9L2O2O0O101N6JkX[U1
20110408083214Th_4,]kPk02mo14K6I8G9H5J7K5H>E3J6L2OVO_RNYO_m1f0gRNWOWm1g0QSNUOml1g0[SNVO^l1P1fSNjN]l1T1iSNgNXl1W1k0lNPRNT1Qn1oNkQNn0Yn184O0K6O100O1O1O01NO3M4N1O000100O1NNK611000001O1O0011O00001N1O1O1O1O1O10O1N2N2N20@ZQNGfn18^QNEcn19`QNDan1;cQNA_n1>c0N3M2M2N3MmXaP3
20110408083214Th_5,Vibn16go15M21O1O1O01N9H001O4M110N1N3M7\QNoNjm1MlQNP16TOXn1k0dQNWOan1e0[QN]Ogn1m02N4L3N5I3N1N2O000O2O0001O01O2O5J3KiTSo1
20110408083214Th_6,PkPX31jo18\PNKQo1e0QQN[O`n1j0\QN^OZn1W1M3F:M2N3L30O1O2M3M7G;]O>K4M;G4K;FlTef0
20110408083214Th_7,iXY]12mo12M2M3N1N3OO0N1101O1O2N1L40O101N1O0O101N2O1O001000O100001O0O10001O01O010O1O001O10O00000000001O0O10001O0001O010O1O01O000010O001O1O0000O0000101N1O010O2N2Ooil]2
20110408083214Th_8,TXUR24ko12O1O001N2O2N0N3N1O3M3N1ON2N20000O1000O1000O0N2O2O01O1O001O00010O10O0100O1NO0O2O2O10O0O2O00N3M5L4MRifj1
20110424064534Lh_1,f^dh02mo14L6K2N1O2N<E2O3L100O7J1N10N7K0004K7VRNgN^l1]1[SNlN`l1^1RSNeNnl1@nRN^2^m1L4N4L023K0O1O5L01N5J1007H2O1N1aNPRNH0j0Qn1[O]RNb0fm1ZO]RNe0fn1I2M2O010O1O101O0O10000O100O001O1O001N3Nm\cS3
20110424064534Lh_2,k`dX13lo14L4N2N3M01O1N2O0OfPNMhn12VQN1in11SQN2mn1`02N100O0010O2N011N2N2O0O001O[OVQN5in1I[QN6dn1I_QN7`n1HaQN9]n1GdQN;Yn1DjQN;Un1ElQN<Sn1CoQN<Qn1CQRN<nm1DSRN<nm1AURN=hn100000002N1O1O0001O0O2000O1001OO01000O100O1N1000000001O001000O1O0O1O100O1O010O00010O01O0001O01O01O10O101N10O00001O002M2Oc[Ya2
20110424064534Lh_3,ljbl12`o14fPN0Wo1>O1O1O1O001O01OQQN^O`n1d0\QNAbn1P1N100O100O2O117JN0N0O2N101O0O110O001O010O00001N101M4M2M3N2M3M3M2O1O2O0O10000O11O01O01O1O100O1O1O00000001O0001O00010O010100<C1O01N10O002VQNSO^n1Y1N2N1O100O0100N1O2SOcQN4_n1IeQN0bn1Mj0M2O2N2O2LmS]m1
20110424064534Lh_4,Q]Sf13mo11O1O1O001O01O01O1O010O001N0100O00001O010O010O0000010O010O01N20O01O1N2O001O1O100O1O1O1O1O10O0O20O10O01O1O2N1N2N2O0000O1N2O01N2O0000O1O01000O10O2O1ON011O2O0O3K4O100O1O`NBaSN=al1F[SN8hl1JTSN6ol1JkRN:Wm1GfRN9[m1HbRN9`m1H\RN9fm11hQN5Zn1g03F:K6J5L3L6I9H]fdS2
20110424064534Lh_5,Y]Yl09go14L2N2M3N1O2M2O1O100O1017H3M1O1O00001O00001O0000001O000O100O100O010O10O010O10000000O010O10O10O0010O010O00100O0010N101O001O1O2MQafo2
20110429120534Ch_1,\`ln22ko16L4L>C2N1N3N1O1O01O001O00001O0000100O1O02O1N10101N0001N1O1N2O1O001O0O200O1O100O11N202M3M1OO000100O1O2O0O1O2O2M22N0O10O2M100O0010000001iN^QNn0kn1O1O106J00O00O1O5K2N10O01O001O1O2F`PNOb\ik0
20110429120534Ch_2,jbdf28ho13M2N2O1O0002N4L1O00001OO100O1O100O1O10O2O1O1N01O100O001N101O0O110O01O2N2O0O00001O01O0000000000000O10O10001O0001O01O01O000001O1O100O1O10O0001Nn[kT1
20110429120534Ch_3,fch\22no13M3M3N0O01O1O2OO00010O2N1N2O01O1O1O1O00010O00100O00010O0001O000001O0000010O1O01O10O01O1O010O001000O1O1N2N3Mb[i_1
20110429120534Ch_4,ocfR23mo15L2N1O010gPNIgn16VQNNjn11SQN2nn1NnPN5Ro1<1O1010O[OmPN=]o1O1O1N100O01000O10O010O10O01O000000O100100O00000010O1O000010O00100O00100O1O101M9H1OO0000100O5K2O1N2O001N101N100O2O00O10000O00100O0010O01O1O2N1O2OO7I2MUXgg1
20110429120534Ch_5,led^13lo13N001N2O000O2N1O2O0O101O0102M3N2N1N10O100O10000000O100O010000O101N5L2N1O01N101N02cPNInn1JQQNc0Xo1N0]OgPN>`o1L5JkX]^2
20110429120534Ch_6,[kTa02io15N1O2K6O000O2OO10FBPQN:Uo17@D_QN<`n1H\QN:Sn1[OnQN`1Pn18001M2K6N02M3O001O1N100000O00L6H7M4M3M2I8JSOQSNUOel1UOYSNh16QO_l1U1eSNiNZl1V1iSNhNWl1U1nSNjNQl1U1RTNjNlk1V1VTNiNjk1V1YTNiNgk1c0`SNWOk06dk1b0eSNUOi07Yk1DhSNQ18ROj06Tk1R1TTNfNl03Qk1W1VTNcNl03nj1Z1U2000001BcQNXO]n1f0hQNUO[n1i0>O2O1O1EnPNGTo16=M3McYmZ3
20110429120534Ch_7,_gPQ15jo13L5M2O2N2001N00O2N010000O1007I2M6I=D332I1000N=Ca0^O:E3N10O00011M<F@fPN:bo1N5J\Ugl2
20110429120534Ch_8,hmXY2143bo16O1O1O1O00100O011M2N2N3SO]OjQN10h0Qn1IjQN:Tn1h0M2UOZN`SN_1[OaNUm1>PSNS1Xm1j00O2O10OO1D_RNVNem1d1>J8M6XObQN@hn14bQNHbn14`QNK\o1NmSgd1
20110429120534Ch_9,im\<5io12I7N2IBjPN`0Uo16O010O2O00002N1O1N101O0O2N2N2N2N2N1N2O10O1O1WOdQNN[n11jQNLVn13PRNGQn19RRNDmm1<VRNBim1=m000100N101N2O1OKkPN@Vo1>51O100000001O10OO2O1O01N00M400O1O2N2O001O100001N1O1000O01000N20O1UOoPNb0\o1L2H:L\Tg^3
20110429120534Ch_10,WmTR16io1;Eh0WO9G6K3N1O12M2\NURN6G:jn1@ZQN?Uo100000N3N10O00000OPQN@en1=WQNHhn1i0015H2N1O100O9G2O0O2N3L4M2LPPek2
20110429120534Ch_11,gXQe15io12O2O0O10O01O0O1N2M4L3K6K4O1MO110K41101N2J6G:MPi^Y2
20110429120534Ch_12,U[[m01jo17M1O101O000O0100O00O1O2O010O00001N2O001000000O10O10O10O10O001O001O1O0O2L4M3O1O10N2N2N20O10O10O1O1000O102XOlPNa0[o1N1O111N2N1O2M2N1O3MYedn2
20110429120534Ch_13,_^Q^22lo14M2O1O0001O01O00001N2O001N1O1000O0100O2N1N2N3I60000O0100OEWO`QNi0`n1ZO\QNe0gn145O00`MZOdUNk0\j1\ORTNDK2NY1Vl1VOiSNDNi1Yl1^13L3N;ROVSNPNml1f1`SNUNal1g1cSNWN`l1j0TSN_O`0Dfl1b0QSNBRn1;P1I3N1Mmcj^1
20110529063154Uh_1,^_`j24io14M2O1N3L3O10000000000001O001O00001O0001O0O101O1O1O1O2O2M100O010000O0100OHmPNCUo19oPNERo1:nPNFSo19:O2O1O1O1O1O001N10\`[R1
20110529063154Uh_2,nbTj13lo1101O0O102N5J3N1N10001O0O2O000O2OO01O1O1O0100O1O010O10O1O010O1O001O010O01000O01000O01000000O10O10O1O1H8N2O1M4Il][R2
20110529063154Uh_3,]bbi04ko16J4M3N2M4L3M3N2N1O114K13N10OOO0O00O2N1O3SOUQN>Zo1M2M5JQ\kT3
20110529063154Uh_4,giVV34jo13O1N2O0O1000000000000000001O00001O1O00001O000000O100O100O1O1O1O001O100O100O1O2M_VWg0
20110529063154Uh_5,aQaX1=4JRo1e0M2N2M3M3M2O2O0O1102M2O000O010O2O0oNYQNg0Ro1N3ZOjPN<co1J2N2N2M_mle2
20110529063154Uh_6,``_]25ko12N1N3N1O00001O0O101O1N2O2N2N1N100000000001O0O10000000001O01O01O010O01000O00010O0001O000O2O1O00000O10000O10O10O100N2M201O1O1O001O01N10100O101O1N101N2O0O1O2O0O100O10000O01000O010O10O0100O001O10O01O1O1000O01000O001O10O010O001N1O1J7N11000O10O100000O100O1OX`bZ1
20110529063154Uh_7,Rck`13mo11O1O1O001O1O1O1O1O001O1O001O0O2O100O100O1O100O1O2N2O0O1000000O100O101N2N10000001N100001N10O10O010O00010O0O2O001N100O2N1O101O001O001O100O2O0000O10O010O1001O1000O0001000O00O0010O010O0100O10O010O01O0100O010O010O02O0O010O100O011N100O010O1O2O1N1O100O0100O01O010O001O0010O01O001O0010O00010O001O010O1O001O1N10001O000O2O001N1O10000001O001O1O2N001O001O00100O00100O1O10O00010O1O00000000001N10000O1O01O10000O20O01O00001O00001O0000000000O10000O2O000O2O0O2O0O1O10001OO101HXQNUOjn1h08J7M2N2N3M3NZZXP2
20110531070514Th_1,aZ\P16io14L5L4L2N10010O11O00O1O102kPNYOln1o0O1N2N001N2105IcQNWOdm1f0ZRN_Oem1`0XRNDhm1<SRNHnm1T12O1O2N1OO011N3M100O11N20O1N1O01O01O01O020O1N2N11O3NO0O02O01N11O1OO1O1001O4LO0hNQRN`0nm1^OVRNa0jm1XO]RNh0bm1VOaRNi0_m1VOfRNf0Zm1YOiRNg0Um1XOmRNk0nl1VORSNn0jl1QOXSNQ1el1oNaSNm0]l1SOeSNm0Yl1ROjSNl0Vl1TOkSNl0Tl1SOoSNk0Ql1TOQTNk0cm101N2O00O1O100O2O3NO1O0O00011N2NVQNXO^n1h0^QN]Oan1R15K05J0O0100O1O1O1N2M3N3M4M2N2M2O1O1O2O5I6K2M]_Uh2
20110531070514Th_2,^bf\11jo18K400N101O1000O100000O101O2OO1N1O001O0101N6^QN@Wm1b0dRN^O`m1c0\RN]Ofm1f0VRNXOnm1n0jQNPOZn1o0dQNRO]n1o0_QNSOan1U12O1O2O3La0_O5J4L^[o`2
20110531070514Th_3,`cl\24ko13N2N001O00O10O100001O0O100000000000O10000O1N101O1O100O01O10O010000O101O000O2O0000000000000O10000000000001O00O1O1000O01001O0O101O1N1O100O0100O2O000O02O000O2O000001N10O10O11M2O1O1O101N1O1O101O0O101O0N3H7O1O01N1O1O2O1O10000O0101O000O1000N2J6G9M3N3M3O0O1O2OO0100Oe]mZ1
20110531070514Th_4,\cdg02mo13N0O2O001N2O001O001OO10010O1O02O2N0O101O1O2M4M2O2M3N1O106JO2N1O3L2N1O010104ONOO00N0010O5K2N1N2N2N2O000O2O00O101O0N2O0010001O01O0100O10O1O010O1O110O01O02O00O2M3M2O8SQNUOTn1\10000000O1DfQNPOen1O]QN7bo1HWYeR3
20110531070514Th_5,iY_h06jo1000O10000000001N0100O10000O10000000O1000O0100O1O1O001N1O2N1O1L4N2O1VOBoQNb0Pn1f01O0N3N2M4N1N1O1O2M4H8C=N2M\h\T3
20110531070514Th_6,ScUe27ho1101N1O2N101O2O0O000O2O001N2O1O1O0000O20O01O10O1O10O0001N201N0001O0O1010N10001N2N1O1O010O2O0O1DQOfQNQ1Yn1QOcQNQ1]n19O0010O10O10O10N2N1N3O1O01O1O1O1O2N1O1O1O1O101N10001N10O0100O010O01OC\QN@dn1=aQN@`n18iQNGVn18lQNHTn15PRNJPn14SRNJom14RRNKnm15o0000N101000N1O10O100002O1N2NT^VT1
20110531070514Th_7,Wc]S26io14L4M1O1N2O2L3N2N3mPNVOmn1o0001N10O00010O1O1O10WOTQN>jn1@ZQN?hn1]OZQNc0Ro100O3N1OO1O100O1N2O1O1O1O2M5L000O2O1N2O001O26J0OO00010O001O1O1N10001O1O1N1010O1O7J2N1N100000O1O01O01O000000O101O0O20O01O01O2O0O1O0000O2O000O20O0O101O0O10001O000011OO2N101N2N10O02N1O1O000O2O1O1O0O2O01O011cNcQNU1en130L1OO03M2OO00011M2O000O10001M2N2O2N1O1O2O0O102M4M1N110O10O1O1O00001O00010hNkQNc0Xn1WOmQNg0gn100O100O1O1O3N1N00018H1N010O2O0000O2N10O0001O01N102M2N1O1O2N1O5L2NeXX`1
20110603123034Ch_1,P[Ti12go18N3M4N2M2O1O0UQN_OVn1a0gQNCWn1?_QNYO1;`n1Q10O0O1O2M2O2N101N1O2O001N11O01OO2O1O0O2O0010N101N10001N3N1O100O2N01O10O0001O00010000000O1O2VQNYOXn1X1O1N1000O3M2L4K4N201O0O20O00O2N10001N100001O0O10001N100O2O00000O10001N1001N2O01O01O01O0000001O00001O2M4M3M;F1N11N2N2M101N1O101O0O2O2N2N2N1O1O00010O00000001O000101N10O00010O0O3O6I2N2O0O1O1O14K2OO0001N10O2O00010O000010O01O01O01O011`QNfNVn1d1N2O0O1O001O2N4M0O001002N1OO1000O1O3M2N010O1O1WNnQNc1Yn1N1O001O00002M3N2N1O00010O002O01N4M0O1O02M3O0O0001000O01O011N2M100101N2N20O1O00O2N00010O000100O1000000001N1O10O2N101N1O1N2O2iQNfNem1j11O2N2N001N100O2O1M3N2M3M3N2O3M2]OWQNJln12ZQNHin17a0Hb`ae1
20110603123034Ch_2,WaZc06:OPo16jPN1Ro1?O1O11N3N1O1O0O2O010N3N2N1O1O1N2N2OO01O1001O0O100O00100001N1001N2O00O00010O00010001O10O0106I1O1UQN^OUn1d0fQNAXn1e0_QN_Of00dl1R1XSNROgl1o0VSNSOkl1T1jRNPOWm1m17KN01O1N1OO201OlNaRNE^m18fRNGZm14oRNIol1N\SN4Wn110O01N1000XORQN=nn1@VQN?Wo1O1OO101N1O2O06K0OO2O1N101OO1AgPN6co1M3MhXoV3
20110603123034Ch_3,YcRh14ko12O1N3N2M3M4L3M3M2N1O1000000000O101O0O101O0000O10O100001O00010O1O1N2O1O1N2M3O2M2O1O01N101N2O001N11O01O02O0O11O0O1O01O01O02N11O1O001O001N1O100O101O1O1N1O101N1O2002N01M2O1N2N1010cPNLln1g0M0001O001O000O1N2N2O1O1N3N1O100O1O2O0O10O100000000O10001O1N2N3N0O00N2O101O2M101O010O0O101N1N201O0O110O000100O01O100O1000O1O010O0100O1000000O10O10O1000O0010O01O1O01O1O2O1N1O010O010O01O01O1O1NVY[l1
20110603123034Ch_4,kclX3;do18K02M7I1OO2O1N2N216dPN@hn1l0000O2O01O0O1O010O0PRNPOol1S1lRNRO[ON^m1[1iRNTOVm1o0dRNTO[m1i100N2M3O1O2M2M3O2O2N1ORMTSNO2c2Zm1L2O0000104jM`RNOM\1nm1_NWRN`1Wn1N3M1014LM2N1O3L6K5J3N1J6K6K5KiX_c0
20110603123034Ch_5,ed\S13lo13N0010O01O002N4_PNGSo1d0O2N2Na0_O3N7J4LZNURNZ1Xn12M10aNhQNX1^n11N23L00NkN^QNn0`n1POWRN<im1CZRN<cm1E_RN;dn1010O0001:E07H1N1K6JkWWj2
20110603123034Ch_6,PkRe01no13N1O1O2N1O2N2dPNEon1j0M00000O20O2N2O0O2N3M2N10000O0001O2M7J1N02O0O2O1O2O2N2N000O01O01O1O1O1O001N1000O1O10O01O01O0O2O1O1O010O000100O1000O100O2N2N3LZR_V3
20110603123034Ch_7,mY]l11oo10O2O0000000O2O000O10000O010O1O001O1O000010O0001O00000O1O1O100O1O00001O001N2M3L3O01O1000N2O010L41O2N3M2N1O2O1OO02N101O000O001000000O10O01O2O1O2N2Lkhnn1
20110603123034Ch_8,fY[V19co14M3N2N1N102N1M4L3NL50O00102O10O0100O100O@WQNKin13]QNGdn18b001O0100O001O1O1O1O0100000000O100000O100000000001N10001O0000000000O11O001N101O1O00010O00000O10000010O00001O00100O1000O010O010O101N2N3M[gnc2
20110603123034Ch_9,ccmk22no11N1N3L3N2^QNF]m1<`RNG^m1:bRNG]m19bRNJ\m18aRNK\m1;]RNI_m1;URNVOOc0hm1;TRN2im1T1O2M8I2N101O001O100O1N1YSN^Mnk1d2nSNbMok1Z3M1N10000OeNlSNkNTl1T1PTNiNPl1X1QTNgNok1X1STNfNnk1Z1RTNeNok1[1RTNaNQl1^1QTNUNFF\l1U2RTNoMYl1o1kSNnMWl1o1n000O1O2FVRN[Nkm1c1;N2N2_OeQNZO\n1d0hQNYOYn1e0jQNYOXn1e0kQNVOWn1i0a0O1O1O1O0DlPNLVo12=0OH]PN4[\ZP1
20110706164014Mh_1,kcVe22lo16L1N2O2M2O1O2N17J0O0001O001O1O000VQNGmm18oQNKSn15^QN8cn1b01N1N2O2M2N2O1M4L5L4N1O0O2O00101N1O1O2N1O3LP[UX1
20110706164014Mh_2,mn\i2:do16K7I6J4M8ML6K204J6M0M1O2N00O02N1N2OO00101N1O2O0O01O2N1O0O101O001O001N2O1MYoVT1
20110706164014Mh_3,h[QZ23ko12N0N3L5N110O1O001O00O2M2O2N1001O1N100O1001O1N0N01O202O1N1001O001O010OO1N2O1O1O001N100O1010O01O0OM401N2O10O0N2011O01O0100N2O1O101O0O1O1O1O001O1O010O101O1NVgRa1
20110811121534Ch_1,R]dP14jo13N2N1O100O100000000000001O00001O1O1O2N2M2O000O001000010O01O00010O000O2OO100001O10OO101O01O0O102N2M3N1N2N2O0O100001O2M3M2O2M2N3N0O101N1O100O10000O2O000000O101O02N11O0001N101O1N2N2NZbei2
20110811121534Ch_2,gado14ko12N2N3M2N2N1N2O001O2N10001N101O2N1O001O0001O010WOPQN`0Zo1N010O00001O0O2O000O2O000000002N2M11O01O01O00010O000010O01O010O0000001N10000O11O1N7Ii]Ul1
20110811121534Ch_3,fcZP25jo17J2N1O1N2O1O0O1O010O2N1N2O3M2N2O00O01N2M3N3M2O1N4L4Mf0\O000O00QN^RN`1cm1]NaRNb1^m1]NcRNc1]m1[NfRNe1Zm1XNhRNj1fm101O105J3O01OOO2O4K2N10O7I2cNkQNLMg0Wn1[O^RN>dn10N5L1N7I100O01010OO02N5L0O002]QNTOom1a1VRNUNYm1m1cRNVN]m1V21O2O2N4iMWRNn1om106JmQNZNkm1V2KM01M\N`RN^OOR1`m1^OnRNa0Rm1\OQSNe0ml1YOVSNg0hl1XOZSNj0dl1TO_SNR1Zl1mNgSNT1Wl1kNkSNU1Ul1iNnSNV1Sl1gNWTNP1_m1N5J3N001N200O3M2AaWci1
20110811121534Ch_4,RghU35ho14M2M3N1O001SOBXRN>hm1EURN<km1FRRN:nm1HoQN9Pn1JgQN?Wn1EeQN=Zn1d0jNaNlSN`1Rl1dNmRN7>V1el1UOWSNk0jl1WOPSNm0Qm1UOkRNk0Vm1m02K6BgRNQN]m1l1>L4M`0@4L4M3L2O2\OnPN6bo1KnZWh0
20110811121534Ch_5,TjPo05io12O1O1O1O1O1O001O010O01O01O001O10O01000000001N10O101OO10O01O10O01O00000O10000100O01000000O10000O100O010O10O0010O10O10O10O10000O10000O10O0001O00000O2L3O2M2O2N2N101O0O2O001O1O001N2N2O000000001N1N201N1O[O`QNM_n13eQNJYn17iQNHVn19kQNFRn1<QRNBnm1?RRNAlm1`0VRN_Ohm1b0ZRN]Oem1b0_RN[O`m1f0l000001M1^Oc0K5O1O1101O1O2N3M8H3M3L2M4L3N2O2M2M3M3N2JYZah2
20110811121534Ch_6,Rllj27fo13M2O00010001O1O0O2O010O10O1O010O010O1O00000O1O101O0001O00100O10O0101N1N2O2N2NjTcR1
20110811121534Ch_7,ZYWS36fo14N2O0000N2O10000000O1000000O100O100O1000O10O1O001M2M400O01000O1O1O2N100O2OIoPN_ORo1`08O1O001O00100O1N3N1O2N10001N10O10001O0000O2O001Mehhh0
20110811121534Ch_8,][Qm21oo11O0O1N3M1O2N2K4O3N1NNhPN@Wo1?41000000001O001O2N100O10O0100O010O00100O00010O1O01O01O01O10O100000O10000O10O01O0O10O11O00010O00000100O101N6Jnehn0
20110811121534Ch_9,haQb21oo11N200O0O2O000N3L30001OO001M3N11O10O1000000O10O10O1O00O2F:N1@@[QNf0cn1=O01O01000O101O00001N001O1OO0M4O2O1N101N2N2N2L4N11O010O10O10O010O001N110I6O10O100010O0O02O1O01000001N1O1O1O010O1O0O1K5O101O1O001O2N6J3M1O2N1O1O4Kj`\W1
20110819131834Ch_1,^eTW11oo100001N2O001O000010O01O01O010O1N100010OO100010O00002M2O1O1N101O00000O100000O2OO10001N10O10O2O000000O1001O00010O010O0001O0000000010O01O100O0002O0O001O0O2O000O10O00001O0000010O01O00100O010O1000000O1000001OO010000O001O1O1O1O2N100O100O10000O10O0010O01O10O01N100O1100O00100O2N1O101N2O1N100O10O0100O01O1N2N2O0O2M3N1O2M2O0010O100O10000O11O00000010O0100O1O1O0O2N2O1O010O100O010O100O001O1000O01000O10O01000000000O1000001O00001N2L\\e[2
20110819131834Ch_2,Yj^e0j0So15K;bQNmN\m1R2eRNRNXl1P3E9B=L3N2N2O1O0O1N1O2K40oMiTNdM1]1mj1S1fUNhNZj1b0UUN_Nj0g0Pj1j0ZUN\Ni0g0mi1k0`UNYNf0i0ki1k0RWNSOnh1i0WWNVOih1i0[WNTOfh1a0PUNhNb2c0^h1d0lWNYOTh1f0oWNXOPh1i0SXNTOmg1k0UXNTOkg1k0YXNROgg1n0[XNoNfg1R1d3N101O000100N10\OZQN0en1O_QNO`n11aQNN`n11bQNN]n12dQNN[n12gQNLZn14fQNJ[n15hQNHYn18iQNEYn1:f001O0000001O01O0O101N101O00000001O010O0O101N101O100O100O010O100O1O1O1O1O2O1NXYSU3
20110819131834Ch_3,XknP25jo15L100O1000O010O0O101O0000001O0001O00001N101O001O1O2N1O1O2M2O10O011N110OO1000000O101N2N3N1N1N2O1O1N2O2N1O1O20O3M101N10O12M6I3N2N1O00000010N100O2N11O01O1O1O000019G000O1O1N1O2N2M5ITR]i1
20110819131834Ch_4,`^SR15S1Mam16[RNOcm11RRN:nm1GfQNe0Yn1]OcQNe0^n1>1O1N2O2M2N2M3M3M4J5L5K5HWahl2
20110827141254Bh_1,f[l_25jo12N2N2N2O1O10N10O01O1O001O1O010O10O10O01O1000O10000O1O1000O01000O101N0100O1M3Nhdc]1
20110827141254Bh_2,Th`Z31mo14M2]OMVQN4LN]n12cQN4KN`n1S1N1N3L4L4K6L9F5L3M3NQNhRNX1Xm1cNoRN\1ol1bNUSN]1kl1aNXSN_1gl1]N_SNb1al1YNlSN_1]m1N1N106K0O0100[QNjN`n1[10O011N1O0O1O101O010000O7J021MO2N1N2N2O2N4M00O0010O01O3N01N1N3M2O0O11N3NO002O1O01O10001OO2O2N000001N1O12N1O000N3O^RNZOik1e0QTN_OQl1a0kSNAWl1?fSN@]l1a0fRNYO<5Qm1b0_RN\O?1Um1P1hRNROZm1n0\RNZOfm1^1200O2N4L2N5K:EYRNmNgl1o0XSNSOil1k0WSNVOhl1k0WSNUOkl1i0TSNYOnl1d0QSN]OQm1c0lRN^OTm1c0iRN_OXm1b0dRN@\m1b0aRN^Oam1b0]RN^Odm1b0ZRN_Oim1a0SRN_OTn1?gQNA]n1o01O2N2N2M4M4M2M2N101N1O1N3\OjPN:ao1L3N2N3LYQY=
20110827141254Bh_3,PhVc12no12N1O1O101N1O1001O00O1000O1O100O010O01O10O0101N2O000O0100O010O1000O20O0O100001O001O00001O1O3NO0001O2N20OnPN^Odn1o01M3M4L3M3L5IZVQY2
20110827141254Bh_4,ZldR24lo11O1O1O1O1O1O10O01O001O1O1O0010O1O4M1N00010O00000001O00010O1O010O00001O00010O000100O1000000O100O00010O1O10O100O0010O000O2O000O10O10O11O0000O10O10000000010O00010O0O10000O10001N10000O01O0O20000O1010O0O10000N2N2O1O100O2N10001O1005K1OO0010OO100001O100O1O01O2O0O010O10000O1O101N1O1O101000O10N2O3M1O00102ON7I1N20dPNDSo1d01N1O1N2O2M5K4K[QWc1
20110827141254Bh_5,am\o11no12N101O1O1O1O1O001O100000000O2O0000O1001O00O0101O00001O1O10O1O000O2N2M4LdQYn1
20110912142254Bh_1,f[ZX25ho15L3L5L3M2N3N1O1N3M2N2QOQOjRNS1Pm1TOlRNn0ol1XOkRNm0Qm1XOjRNm0Rm1XOjRNj0Qm1V1M3N3N2O2O=ClMcSNc0^l1WOgSNk0Zl1nNjSNROGk1al1mNRTNP1Sl1fNUTNX1nk1aNZTNY1mk1^NXTN_1Wm1M5J4N5J4M4K3N2N0O2O2M5K4LZcod1
20110912142254Bh_2,ocT_24ko16I3N2O0O11O000O1O1O10000O11O0O1000O10001O00000001O01O01O01O01O100O1000O010O2O001O000001OO10O00010O1O1O1O2O1O01N2O001O1O1N100O1O1000O2N2O0O2O3M0000O00101N2N11O1N1O10O00000001O01O01O000001O00000001O00001O1O1O2N1N2O001O1N2O1O1O0001N104L5K2O0O1O10O010O01000O10O010O010010O0001O01O1O001O000O1O100O0101O1O1O0O101N10O010000000001O00000100O00001O000O10O2N1O1O2M`XgU1
20110912142254Bh_3,[dng08go13L9G5L3M7J2N2O0000mN_QNf0on1O1O3M2N3M1O10O001O0001O000000000O01O010O1O2N6J2N2N6ZQNROnm1Q1mQNQOSn1Q1iQNQOWn1\11bNkQNP1dn1N1O02NTOZQN`0fn1ZO`QNg0kn14M14K1O002M5K3N10O1O0000O2O0O00001O00000001O00O2O0O2M2N\X]S3
20110912142254Bh_4,_nn`28fo12O1O1000O0100nNHbQN4>3Pn18lQNJTn18hQNJXn1P1O0005L2N1N2N2N3M3M3M3L4^OhPN5do1M3M`Q]]1
20110912142254Bh_5,[V_a05ho19H6J:E6J4M4L2N2L3O10N3N2M4I7QO`QN9en1B`QN8oh`]3
20110912142254Bh_6,baiT26io13M2N2O0O100O01O10O00001O1O001N200O0100O100O101O0O10O10000O10O00001O00010O01O0O2N100001O0000O1L4O1I8K4000N2M3O2N10100O0010O000O010O01000001O0O1O100O1N2O@AaQN?_n1IYQN7hn1`01N2O1O1O0O2O1N101O1O001O1N2M3N2O1O010O1O01O01O01O10O10O01O1N3K4N1O2N20O1N1F;N20O2OOO2O1M1OK602O1O010O10000O101O0O100O0010O102N1N3N000010N10000O10O101O00001O01O000O10O1000O101O0O101N10010O01O001N2N2O1O0O101O00001O00000000000001O00010O001O01O0O2O0O3MZb^^1
20110912142254Bh_7,Zbgf12ko15L2N2CFQQN<nn1;O1O1O1N2C=O01N2M3O2N2N3M2O2M2O1N3N1N3O0O2N1O1O2O0O1O101N1O3MP_PW2
20111015063134Lh_1,WcPQ31oo10O2O00000010O0001N101O1O10O2O00O100O0010O01O10O010O1O01O01O01O0000000O100001O0O010000IIcPN8]o1600O001O1O1O100O10O01O00N3N1100O010O1O101N100O2O2N1O1O100O1O2N1O2N2O1N110N1O10O00001O2N2N001O0O2O2N2M3O0O001O10O01O1000000O1O100O101N2N2O0O0011N4NO10O03L2N1Of[Wg0
20111015063134Lh_2,PdRS23mo11N1O1N2O101OO10000001O000000001O000001O00000000000000000000001O001O00010O0010O000100O00010O01O001O100O001O1O10O100000O010O0010OO2O1O1M2K6N2N2O1O1O01O1O1N2O1O1N2O100O1O100O010O10O01N2M3O1O0O20O01O0100O1O100O101N5LO01O100O0010O01O0001O000001O00000000O10001O00001O000010O000001O0O01000O10001N1000O10000000001O00010O1O1O1O010O1O0000N2N20000O100000001O00010O0O1001O000010O01O100O0001O00000010O00000010O001O010O00010O01O1O1O10O00001O1N2O1O0O101O0000000001O00010O01O01O01O00001N101O001O001O1OXZe]1
20111015063134Lh_3,dhPm04ko13M6J2O1O1N1010O01O0O01000O101O0O1N3O001O01O100O1O1O01O01O0100O1O100N2O1O1N3QQNSOfn1U1O1OlN`QNh0nn1N1O001O001O001O00001O010O8H2OO0010O000O10O2]OI[QN7en1KYQN5en10VQN3hn1d0N101N1010O3N1N0O1HXQNWOjn1f09O1N3M2O100O2O0O10O0100O000O10001N2O1N2O1O1O100O1OUWal2
20111015063134Lh_4,WjRU11no14M3M2N10001O5K3M1O0O10O100O3N2M2OO1O2O1N00001O101O2N2O4L2ON1000O6LN1O101O4L0:mPNoN`n1Y11eN_QNR1jn1N1N4L4L3M3N1O5J3N00001O000001O0000O20O00001O1O1N10000000M4M3MXS[f2
20111015063134Lh_5,nRYn13lo1100O1000O010000O1AMoPN5Po1NkPN4Vo1;O100O1N2N2N11000N2N3IB[QNM^n1AbQNb04KXn1<jQNCSn1>oQNAQn1?RRN^Omm1c0URN\Ojm1;kQN_O<7gm19eRNEZm1:mRNARm1`0U101O00100000O2O0O00N1100I@PQN`0hn1CVQNe0in1:CmNkQNT1Sn1QOiQNQ1Vn1=O01CiQNQOWn1JiQNl04XO\n1d0gQNZOZn1f0gQNYOYn1f0b0CkPNMXo1NlPN0Vo1MlPN1XoPn1
20111015063134Lh_6,PVmj01mo15J9G4O1N2O1N1O2N1O1N3K6M3M2O2M3MZOfQNHZn13mQNKSn13PRNLPn1NVRN2jm1LYRN3jn101O001O00010O0001O1O00001O01O0O4M2N1O1O001O1NXiXR3
20111015063134Lh_7,`Vc>5io13N1000O1001N10002^PNEZo1b0N100O1001O00001N0O200O0010001N10O10000O1N2O011O0O1N3N10O10O10O10O2O000O01O01O10O100I8M2O0O2O1O001000O010O1O100O100O10000O10000O2N1O101N2O0O101N100O100O100O10001O00002O0O2O0O2N10OO2O1O0O2O0O\O^QNLbn12bQNL^n13cQNM^n10dQN0]n1MfQN2Zn1KiQN5Xn1HkQN7Vn1FmQN:nn1N00002N2N2N^inY3
20111015063134Lh_8,YZSd24ho15N1N2N201O00011N00010O00001gPNCmn1?oPNDPo1f0000010O00O2O0O2N3N2M2O0O2M3O1O1N2O001O1O1O0O101O0000000O2O\ePY1
20111015063134Lh_9,oaQT23lo12O1O1O2N4L0000001O0000000O01000N2N2O101O00001O2N1O0000O2OO10O10000O2OO10001M2M3O1000O0100N1O2N01001000O100000O10001N100000O001O1O010O00010O1O0010000O10O10000000O10000O100O2O4K3N000O2O0O1O01000OO1O1001N2OO1N3O00000O2N2N101O1O1O10O010O1OO0N220O10O010^OPQN4on1KUQN3jn1NXQN0gn10\QNNcn12`QNL_n15aQNJ_n16cQNI\n18dQNH[n19eQNF\n19fQNF[n19f000O2N1O100MQ`Rc1
20111017113714Th_1,k^`U16ho15M3M3M100O1O2O0O1105J1O1O0010O10000O2N000O1000O100O1O1O1O1O1O1L4LU`[h2
20111017113714Th_2,Uch\23;0mn1Q1mPNROYn1b1^O=G9M3H7K5M3O1OYNnSN[OWO^Oll1l0R2J5O2N1O1N2N2O1O1O2O001O001O1N2N3M3Me^[a1
20111017113714Th_3,TdZn26io11O101O0O1000001O0O100000O010001O00001O01O0001O01O01N100010O00000O100001O00010O000010O000001O000O2O000000001O00010O000O2O1O0O3N1O1O00O1O10000O10O101O00001N101O1O1O1O1O0000N2J6N3K4N201O0O2O0010O00010O1O10O01O010O002O0O1O100O100O010O00100O0010O000000001O001O001O1O1O1DbPN4go1MV[Wi0
20111017113714Th_4,hiTf14ko13M2N2N1O2M2J6N3N1O2O20O4L3M1O1O100O1O2N1O001O0001N100O2O2N1N3M2O0N3N1O1CVO`QNm0_n1;O1O10O02N1O1O0000O1O10000O2N1O2I7M3M3O001N200O001O00001O01O00001000O1O010O10O0010O00001O01O01O0000000000010O1O001O00001O001N2O1O1N110O1O001O1O00100O1O2O0O1O2MlT_R2
20111017113714Th_5,`jTc05jo12O1N2O0000000O10O10O101N100O1000O0001O010O001O00010O01O1O0010000O1000000O1OPV]Z3
20111017113714Th_6,jPSm14lo11N2O2M4M1O1N10000O2O0O1O3N2N1O1O0O0100O010N010O2O1N2O2N2O2N1N3O1N2N2N1O1MTo`P2
20111017113714Th_7,aT[j23lo12N2N3L9G5K3N2N2N2N2O0O1O3L9H2O1N1O3M2O1M2N2N2mNRNSTNo1fk1\NUTNe1jk1lNeSNU1Zl1QO_SNQ1al1W10O100O1L5M4L3M2N2N3hNPSN]OQm1a0SSNROICVm1X1XSNmNUm1Q1n0O1O1O1N2I7M4M3M5I8JZm\R1
20111017113714Th_8,PWmZ35jo12N2@0lPN2Ro1?O2N100O2N1O1O2N1O1O2N1O001HjNdQNX1Zn19N1O1N3O0ON3N3N3M3N2M2O2L5M2M6K2N0O2L4Kjidb0
20111017113714Th_9,d^Yj1152co18M3M2O0002N2N100O1N01O100O1O1O1O0010010O2OO01O3N2N002M2N1O4MO1O:F4K2N2M3Na_ZS2
20111017113714Th_10,m`mh04ko12N3M101N10O01O00001O001O10O10O1000001N10O10O10O01O000001O10O1N1O2L4N101O10O0100O100O1OEWQNAhn1>>O0O101O1N101O1O1O00101N1O2M[`ZS3
20111017113714Th_11,eaih24ko12N3N4K3N1N101OO10001O000000O10000O10O10O10000O100000O10000O100000O010000O101O00OO2O1O0010O00001O010O10O10O10O10N3J5M3O100O10000001N3N2M10001N0100001O0O100O001000O001O1O00100O1O1O2N100000000000O1O001O1O001O000010O01O010O1O00O1O1N2O10000100O1O101N1O10O0100N101OO2N1010O1O1O2O0O10O01O1O001O1N2M2O2O1NV`jm0
20111114063134Lh_1,[]fk03ko14J7L3M3L4L3M3N1O1000000O01001N1O101N101O01O0000002N4K3N2N2M3O0O1O2O01O0O10O110O01N1O2O1O02M2O00O1003M100O0O010O01O01O1O1O00100O000100O0010O01O00001N101O1O011N1012N0O01O2M1000O010O2O1N1O000010O00001O1000O01O2O0OO001O1O1O1O001O1O1O101O0O101O01O00000O0100O2N101N101N100O2Om`ik2
20111114063134Lh_2,kbfY28eo13N1O0J6E;00NO21N2OH:O0O2L3000100O1M201O101O0O101O001O001O00100O1O2NU_Sd1
20111114063134Lh_3,^b\j21mo13N2M101N2O000000001O01O000001O001O10O01N2K6N100O010O1O10O01O01O001O001O0M4N2N10100O1O10000O10000O010000001O01N10001O0000O1O1O10000O1000001O0001O0000010O00010O00001O000000000010O00000000001O010O0011N5L0O100O1O100O0010O0O101O002O0O2N10O1O01O00O1000O01O01O0010O01000O0100000001O001O001O1J\PNNl]el0
20111114063134Lh_4,Zb^V14Xo1NWQN6gn1MSQN8ln1JPQN8Po1<001O0010O01O1O1O0O2O0O2N101O0O2O000010O0000001O00001O1O001O1O010O1O1O001N3N1O1O101N100O0001N1O101N1O1O1O1O100O2O001N2O000O2N10000O11O00010N101O1M2N3N2N2O1O20O1O101O0O3M1O0001O4L1O0O00010O00100O2N2O1N\OTQN6jn1HZQN8dn1GbQN6[n1JhQN7Un1HmQN9Qn1GQRN:lm1EVRN<jm1AYRN?dn101O100O000O001O01O01O02M2O2N1N2N2O1O1;F0O10O001fPNCnn1l0L0O01O0O2N1O1O2N1O2O1O1N2O0O1O2N1O100O10000O1000010O00100O010O100O2O0O100O0100O010O10001N100O1O100O2O3L2N10O0O100O1O100N3N010O10O01000O011N100O2O0O2O001O01O010O0010O010O01O1001O0000O1O2O0O100000O100O1O0100O1O010O1O101O001O0O0100O1O100001OO10O00100O1O10O1O010O00100O01O1O00001O01O01O01O0000101N2N2O1M2O1O1N1O01N1O2O101O0O101O01O000010^OgPN<`o1N01O010O1O1001N10O1O1000O000010O0000E`PN8eo1OO100O10O0010O0100O11[PNJ\o1>00O10O010O0010O0001O000O100000000000000O10000O101O2O1N0010O0100O010O10O010O01O010O10O01O10O01O10O01O00001NaWYQ2
20111114063134Lh_5,jd`h235Nbo170100O2O01O00000O011O000001O000O3N5K1O1O000O2O001O1O01O010O10O1O010O00010O001O10O000O2O000001O01O01O01O01000O02O5nPNSOfn1W1MO01O100O1O2O3L1O001OaNdQN[1bn1fN_QNS1hn1O000O1000O101O000O2OO1YOYQN4in1G[QN8gn1@^QNa0Qo10O100000O2N3M2O1M2O3KlX_Q1
20111114063134Lh_6,Vg^_22jo15K4O0O2O001OO10O1L40O2N1O1O2O1O001O01O00010O001O1O001O100O1O010O100O010O1000O010J5O2O001O010O0001O010O00001O1O010O1O01000O10O01000O010O010O001O1O0010000O1000000O10000O10000O10O1000O10000000000000O1000000O10000O100O100O010000000000O00100O2O000O100001O000010O0001O00001O0O101O01O01O0OE`PN8fo1N010O00010O00001O001N2OaZkV1
20111114063134Lh_7,]SU`11_o13kPNORo16hPNNUo1a0N102M6J100O100O1O000010O0O10001O1[OVQN3jn1LZQN0hn1M\QN0fn1N\QN2en1M[QN2gn1K\QN3Xo110O1O1O0OSml]2
20111114063134Lh_8,P^mS38fo16_PNGQo1f0M2O1O1O1O1N100OO2I6000010001N10O100O100N3N2N101N20N2N110O1O2O0O00JmPN_OTo1`061O001N2O0O10O10O1OO2K6N02O0O2N1O1N201N10000000O1N2N2O1O100000O1000000O2O000O1O1O2OO2O010O01O0001O00001O0O110O10O1O0O10N1O2O01O1O20O01000O0000010O000K5O01K4O110000000O1001O000000O1O2K5N101O001O0001O01O0O2N2O0O0K41000010J50101O01O010O0O100000000O1O01O0N3K5O100O01N2O100000O1O01K50001O010O01O0K5N2N2O1N2O1O100O1N3N1N4K4N3N2Mcif?
20111114063134Lh_9,\___24ko12O1O0010O01O0001OO10000000O10000000O10001O0O01000O1000O0100000O1000O101O0O101M2L3O2O1000000000000001N100O2O000O010001N1O100O00100O001O1O2O01O1N3N2N1O1N10001N10000O10O1000O0100O0100O00100O01O0O2O1N1O2O1O00100O001O1O0O10000000000O0B>01O20O0000001N101O001O1O1O1O1O1N2O001O1O0O2N1O2O000O1O1N10N2O2O001O010O00L40O1N3NN12K500N3N20L3O2N2N1E;010001N2OndfU1
20111114063134Lh_10,W`mT13lo14K002\OJ\QN7cn1LZQN5dn1OYQN1fn12XQNOfn16VQNJjn1e000001O1GVQN]Ojn1?=I7O01O1FEoPN;Qo1:@A_QN`0_n1a00O10000001O010O0010O104L2M10001N100HUQN[Okn1c0:N2O1O10000O2O0000000000O10000O0100M2O20001N1000000001O01O01O1O01O0000000000000O101O00000O1000000O100000O1000001N10000O100O1O100O010O1O1O001O1O010O1O01O001000O011O0000O10O10000O101O00O2L3N2O2O0O101O0O01000O011O1O1O0O1010O0000001O000000000001O0O3Mgbh`2
20111114063134Lh_11,h]mg03ko15M2O001O1OO010O10O01001O4L3PQNBVn1`0_QNNM@Yn1a1101N11eQN_NUn1g1URN[N_m1^1^RNdNdm1\1VRNhNkm1g10O1O4L4K4L>A7H5L4L5L5JW`lU3
20111122063134Lh_1,ocZc07do18J5UQN@Pn1Z1M2H9N3PRNVNdm1U2M2N101O01O001O0001O0QOiMUTNY2ik1kMkSN^2Tl1g00E`SNXM_l1g2eSNVM\l1c2lSNZMVl1d2c000kNmRN^OSm1a0QSN]Oml1c0VSN[Ojl1e0XSNZOfl1g0^SN_NAb0Pm1P1fSNmNYl1T1hSNjNYl1V1hSNiNYl1V1jSNgNVl1Z1lSNbNVl1\1lSNcNTl1[1Z1N010O001mNbQNd0`n1ZOdQN9MD_n12lQN1cn1KaQN1]]kY3
20111122063134Lh_2,WcVU15jo14M1001N10O100O1O1001N00100O010O01O100O010O100O1O01O01O00001O010O1O1O2kPNBdn1`0XQNDfn1>VQNFhn1k0N100O0001N1O1O100O2N1O2M2N2O2O001N101O100O1O010O1O010O0011N2O0O1O100O00001000O100O1O1N2O100O1O10O10O10O10O10O2dPN_OVo1h0N000O01O001N2O001O100O001O10O01O1N101O100O000100O010O0101N2O000O010000O11N1001O0000001O1O2M:G0O2N10001N6K2N0102N^QNoNSn1P1kQNTOUn1NnQN9MJhn15UQNMon11mPN2To1<2O01N2O6I2NUOVQNa0ln1ZOXQNd0So1O1N2O1O2O1N2N11O0001O1O1O00O0100O01O01000O0100O100O10O010O010O01000O010000O010O010O010O01O010O01O1O2NoV]]2
20111122063134Lh_3,cdZl02mo11O2O000010O0001O000000010O00001O10O01O1O100O1O1O001O00001O00001N2O1O1O1O0010O000001O000001O2M2O1O1O0010O01O1000O1001OO2`PNCZo1c0OO010O10O01O0101N2O1O0000O010O2N1001O2M3N100O00101N00O2N2O1N2N2O001O100O1N2O000001O1O1VQNDmm1`0hQNGXn1P12N11O4L2N04I5kN`QN3ao1L3M\X]l2
20111122063134Lh_4,^eRX24ko12O001000O0101N100O2O3L2O1O0001O01cPNBVo1d01O1O01O1O2N2N22M101M2N4K5M1O07H00O2O0100O2O01O3L1O2N10N1002N1OO0100O00001O000O010000O1O1O1O00010O010O010O010O10O1000O1000O01O00O1010O01O010O010O1O0010000O101O000000O10000O100000O10O10001M101000O110O0010O0gPNGln1:QQNHon1;kPNHWo1`02N1O0O101N100O100O1O1N2O1O001O100O1O10O10O0100O1O10O01O1O0000O1O2N2O3KbWo]1
20111122063134Lh_5,lfTc21io18M2N2O1O010003M1OO010O010O01O001O01O01O00001O00000010O00001O001O0010O00001O0001O01O00001O0001O000O2O001N100010O1O100O10O2O0O10000O100O1000O100O1O100O1O100O10O0100O010O00010O100O10O01O1O1N2OlWkV1
20111122063134Lh_6,aj\T32mo12N2O001O1O2N101N9G1O1O100O101O4L2OO5L01nPNWOhn1V1K0O01N20O02N5L1N3N1O1N10001O001N6K1O1N2O1N100O100O010O1O0O2N2McSYh0
20111122063134Lh_7,[nji19fo15K2N3N1O2N100dQN^OXm1d0eRN@Zm1b0bRN@^m1`0_RNC`m1>^RNDam1h0PRN]Onm1Z110O01O101N1001O001O000000O010O01001001OO0O1O1O2M:G2NXSNgNij1Y1VUNiNjj1V1VUNkNjj1T1UUNmNlj1R1RUNPOnj1o0QUNTOnj1l0PUNVOQk1i0mTNYORk1i0kTNZOTk1f0WTNiNGb0Rl1e0UTNmNEa0R1ZObi1Y1dUNUO_O;U1]OT1KSf1Z1nWN9<^NYO<W2FUf1Y1eWN?c0oN]1[O[f1[3TXN]M4VO6;bg1X3lWN[M8TO8;dg1X3gWN`M3TO?5hg1`5UXNbJmg1^5PXNcJYh1W5cWNjJ`h1Y63YITWNU6oh1gIWWNT6]i1M4L6I4L3N5L3L3M4K4M2O1N1O2N2M4M?\K^TNf2OZNnk1_1\TN[Nfk1a1_TN]Nbk1g0TTNnN=F_O9Rl1GlSNn0P2TOcj1d0bUNYOaj1?c2N3M2O1M4Kll`P2
20111122063134Lh_8,RZma24ko13M2O0O1O2N010O1O1O1O1O001O01O1O001O1O1O001O10O01O1O000100N110O00000O1O100O2N1N3N1O1O1O1O1O0001O100000010N1N3N11O1O001O1D]O[QN>hn1GSQN9mn1>00O011O01N1K6M2N3N1N201N2O0O2M3KWhRY1
20111122063134Lh_9,g[ob11oo13M100O1O001O0001O01O01N1000000000O10000000000000001O000000000000000000000000000001O01O00000O10000O10O10O010O10O0100O01000O010O100O0001N2NCLRQN3nn1OPQN2Po10nPN0Ro11mPNNTo14hPNNXo1=O0100OOMhPNAVo1`05001000O1N3M101O1O010O000001O0001O10000O1001O000000000000000000O100000000000000O10O10O10O1000O10000O100000000O100000000O10001N2N_enS2
20111124153054Bh_1,UbfW11f1:Tl1LgSN<Ql1HmSN:Ql1GmSN<Rl1ElSN<Sl1ElSN=Sl1ClSN?Rl1CmSN=Rl1DmSN=Sl1BmSN`0Pl1BoSN?ok1CoSN?nk1EoSN=mk1GQTN;lk1HRTN:mk1HPTN;mk1HcSNPON[1Zl1LdSNb0[l1c1N2N102M100O2N\OSTNWMlk1a2_TN]M`k1b2cTN^M\k1`2gTN_MWk1b2kTN^MRk1c2PUN\Moj1c2TUN\Mkj1d2VUN\Mhj1e2ZUNZMdj1f2^UNZMaj1e2bUNZM]j1f2^1eNRSNEml1;WSNBgl1`0[SN_Odl1=bSNA^l1>eSNAZl1?hSN_OXl1b0jSN[OVl1e0mSNQOZl1P1kSNhNVl1W1Z1O20O10OO2O1O2N1O1O2N2O1O001O1O2O0000O011N1O2N2M3M3M3M3M4K4VOUQN:^o1JP_]c2
20111124153054Bh_2,Xchn11no12O001N101O001O0000001O0000001N10001N2O001O1O1O1O001O1O01O01O01O010O01O01O01O010O1O01O001O0010O01O010O00010O001O1O0010O01O02N100O1O0010O0100O001000000O10000O101O1N2O0O10000O010O1O010O010O100O010O0010O01O000010O00010O00010O00O2O1O0O101O0000O10000O101O0O11O01O001O1O01O01O0010O01O1O001O00010O001O01O01O01O01O010O01O10O001O010O0010O010O010O0100O001O001O001O001O0O2O001O10O01O01O1000O100O10O0101O0O100O100000000O1O100O1O001O1O1O1NTZkc1
20111124153054Bh_3,mc\g15jo12N2O2N1N10001O001O1O2N8H1O100O1O01O010O010O010O00001O01O01O0010O0001O00001O001O1O1O1O1O1O100O1O1O1O1O1O010O1O010000O100O10001O2M2O01O01O11O0O0101O000O2N100O1O1O01N11O000O01O1000000O01000O11O1O001O3N000O000O2O1O001O1O100O00101O00:D2O1O4L104L5L7H2N2NkMaRNg1Pn1M001O5J5^NkQNn0hn1L2O4J8I4K3N1NUVoo1
20111124153054Bh_4,Ye\b18go15L7I3N0000010O100O2N102NO3N20O0O001O00O1N2O1O001O000000O10O100O1000O11N10000001O1gPNEjn1j0O1N3N3N000O10O6K0O4M1N2N:F1O001N110O1O001O0010O1O001O0010O0O1N2N3LlVkX2
20111124153054Bh_5,ngdk26io14M2N2O0O001O1O1O10O01O000000000001N1000010O00100O01000O01000O100O001O001O0O3N3LaWiQ1
20111124153054Bh_6,VhV]22lo15L2M3N2O2N1O1O010O10O2O0O2N10O01O010O100O1O010O00100000O100O10000O00100O00100O1O100O10O01O10O2N2N100O2N100O1O001O1O1O1N101NhVk^1
20111124153054Bh_7,jhV[14lo14L4K3N1O2M3N3M3M2N2O1N2O1N1011O4K10O02N1N101O2N1O1O1N10000000001O1N2O00000O010O010O1O001O0O101O0000000O1000O1000O01000O01O10O1O001N2O00100O101O1NjUU`2
20111124153054Bh_8,fm\g25go17N3M2N0O10000O10O2O1O0O1000000001N4M1O1O6hPNUOnn1T1L0O1O2O0O1nSNnNSi1^1^VNfNai1`1UVNeNki1Z1PVNkNSj1R1hUNSOYj1k0dUNYO\j1f0bUN]O^j1c0^UNAbj1>\UNFcj19YUNMfj13WUN1gj10UUN5jj1LmTN<Rk1FgTN`0Yk1S210000001dTNiKmj1W4oTNnKPk1c4O10O2_KlTNQ4NgKck1e4FO1N10O2N1O0002aKlTNm3ek1N3N1O1O5J2O0\NkSN[OWl1>QTN_OQl19^TN^Odk1>eTNbNVO=]l1N\SN6c1Jkk1E^TN:em100O10O1O10O00001O00010O000001OO2O2N1N3MejjR1
20111124153054Bh_9,_\_V23lo14K4M3N1N3L4L8H4M3N101O1011N0O1N2O1O1N1Oa0_O2N2N4K3N_blg1
20111128175514Mh_1,e_Pg23mo12M3N1O10O0002N1O00001N2O001O01O01O1O0O01000O001N2O1O1N3M2O1O10000O10O10O100O010O1N200O1O10O01O10000000O2O00000O100O10000O2N1O1O1O101N10000O10000O11O00000000001O0O101O1O1O1O101N2N10O01O01O00000001O000001O000000001O00000000000000000000001O0010O00010O001O000010O100O010O001O001O001O0O2O0O3N1O1N100O2O1O0O2O0O1O2N2O1N2LX`Qo0
20111128175514Mh_2,Z_`S14io15L3O0O2O001O0001O0001O0O102N4K4L2N2N2O1O1O1O0001O0010O01O010O0010O01O001O1O002N1O2N1O001O1O001O1N1O101O0O11O00001O010O001O1O00100O0100O100O10000O10O100O0010O001O1O0010O01O11O5J100O010O01O10O01O10O10O10O01O2N2CdPN2go1N1O2O0Oo^ce2
20111128175514Mh_3,^aVc22lo15K4M3M3M6J5gN\OmRNg0Pm1]OlRNg0Pm1\OmRNg0Qm1[OlRNj0ol1YOgRN]OM`1Xm1UOgRNT1Xm1k0O001N10000O10001N10001N10fNQSNDnl19WSNEil19[SNGf0VO_j1R1mTNL=VOdj1i0UUN2L_Onj1=ZUN4^OHWk14\UN]1cj1bN_UN^1`j1aNaUN_1_j1`NbUNa1^j1^NcUNa1]j1^NdUNc1\j1\NdUNe1]j1XNeUNh1\j1UNeUNm1TO\Mmj1d0QVNi2ci1PM`VNU3ai1aLdVN^3Pk1O2J5nN^SN`Nil1ZOYSNh15bNTm1V1WSNcNll1Z1XSNbNll18cRNGK208do1G`\aY1
20111128175514Mh_4,X`Pm15jo12N1O2O0N2O2O0001O0001O0O101O0O2O001O00000001O1O001O1O1O1O00100O1O100O001000O010O01000O010O0100O01000O10O01O01000O0100O1000O10O1000O1O1O1O1O1Nl^_n1
20111128175514Mh_5,^c\Y32no12N2N0010O01O1O010O1O010O010O100O10O0101N100O1000001N101N10O011O1O1O0001O00O10O0001O010O00010O00010O01O01O0000001O000O100000000001O0000001O01O0000000O1010O000O2O00001O000010O010O10O01O010O1O010O01O01O01O01O001O0010O01O001O1N2N3MS[]?
20111128175514Mh_6,mc\Q37io15ZPNJ14in1l0L4M1N2N2N3L4N7H3N1N2O1O2N8HZNmRNa0Qm1]OSSNb0kl1^OXSNa0gl1^O\SNb0bl1]O`SNc0_l1\OcSNd0\l1[OfSNe0Yl1WOlSNi0Sl1UOQTNj0nk1VOTTNi0kk1WOVTNj0hk1UO[TNk0ck1UO_TNj0`k1VOaTNi0_k1WOcTNh0\k1XOgTNf0Xk1[OiTNd0Vk1\OkTNd0Tk1\OmTNd0Rk1]OnTNc0Qk1]OPUNc0TOSOkj19RVNd0QOUOlj18RVNe0oNUOnj16UVNh0^NmNL9_k13XVNg0YNC\k1G[VNd1di1\N_VNb1`i1_NcVN^1\i1cNfVNZ1Zi1fNiVNX1Wi1hNjVNW1Ui1jNkVN3oM5Vk1HnVNNQN8Pk1KVWNAPNc0ij1MoWN1Qh10PXNOog11SXNOkg12UXNNjg13VXNMig14WXNLhg15XXNLfg15ZXNLdg14^XNKag15_XNL`g14aXNL]g15eXNJZg16hXNIWg17jXNJTg16mXNJRg16oXNJPg15SYNKkf14XYNLff14[YNMcf13_YNM`f11cYNO[f11hYNLYf14hYNKXf14iYNMUf13mYNMRf13nYNNQf12PZNNQf1OQZN1oe1NRZN1ne1ORZN1ne1NSZN2me1NSZN2le1OTZN1le1OTZN2je1NXZN1he1OYZN1fe1N[ZN3de1M\ZN3ce1N^ZN1ce1N]ZN3be1M^ZN3be1M_ZN2ae1O^ZN1ae10^ZN0ce11\ZNOde11\ZNNde13\ZNLee15[ZNIfe17ZZNHfe1:ZZNDge1<ZZNBge1?XZN@he1b0YZNZOie1f0YZNVOie1k0f48H3M1002OO00N2O1O000O2O000O10000O100O20O001O100O4L3M3M1N1001O1O6J3M2O00O01O2N4M0001N010O0006J1O10O100O1O00000000O101M2CePN3fo1M3LjWUd0
20111128175514Mh_7,Se^]11oo13M2N3N3M1N100O10O10O100O010000001N10O1000O10001N101fPNLen1i0OO10000000000O100O1O3M4L2O0O2N2N1N2N3N1O1N200O1O2O000000000O100O010O10O02N100O1O10O100O2O000O2O001OO2O0O101N1N^X[]2
20111128175514Mh_8,`hdl28eo18J5L4L1O2O1O2N2N001O02N3M2M20O1O10O000O2O1O1O1O0O2O00O100010O1O01O000001OO10000010O10O00000001OO101N1001O00000O100O10001N2O0O2O1N1000O010O0010O001000O1O10000000O01000O001O1O00001N1N101O2N10dT[m0
20111128175514Mh_9,RPcg23lo12O001N2O000O2O0O101N10000O101O000000000O1hNDlRN<Tm1FjRN;Vm1FPRNN<;dm15[RNKem16ZRNJgm16WRNKim16VRNJkm16TRNJlm18QRNIom1;mQNETn1<hQNFYn1o02O1N2O1N3M2O1M6K4L4M2M3N1N2O1O1N3N00100O0010O01O1O2N1O1O0O2NSP]T1
20111128175514Mh_10,[USX23lo13N1O1O1O100O10O01000O01O10O010O01O10O10O010O1O010O00010O01O010O1O001O001O1O1N101N2ORjVe1
20111208173814Mh_1,]]Zm12lo13N2O1N1O101O0O100O2N1001O00001N10O10000O10001O0000O100O10000O100000010O0001O00100O01O00001O000001O000O2O00000010O0010O00010O00001O01N10000O2O000001O000010O01O010O1O1N2O1O001O2N1O01O01O2O2N1O1O0000O1O10O00100O1O0100O1O1O1O1N2N10001N11O000010O10O1O10O01O1O1O1O00000001O0O101O0O1000000001O00001O010O01O00001N10O10O10O101O0O100O2M2N200010O00010O000100O001O001O00001O0O101O1O00010O00010O1O01O00O10000O10001N1001O00001O00001OO1000O02O000OO0011O10O2O0000O10001N10002N6K0O10O0K5N3O000O10O1000O10001N100010O01O100O0101N10O1000O100000O10O2O0O1000001O0O1O10O010O010O1O00001O00001N10001N10001O0000010O0001000000O2O000O010O1O100O010O01O1O1O0O2O000O2O0001O000010O00001O001O2N010O00100O010000O2O000O010O2O1N2N010O001N10iN\QNS1jn1OO0100O10O10O101N10000102M1WQNnNbn1Y11O0O000001O00O2O001N1O2O0O100O100000O1001O001N101N2O001O10O001O01UOnPNe0Xo1O1O003N0O10O001O1O1O4MO2N10O0001O0O2O0O01O10AfPN6Zo1HjPN7Wo1GjPN:]o13M2O1M2OCgPN3Zo1JjPN5ao1O1O10O010O0100O0010O01O1O1O1Oo[eV1
20111208173814Mh_2,e]he26io12O2O00O010O01O010O1O0O2O000N2N2O100001O000000O011O00001O00001O00001N2O001O1N2O00001O001O00O01000O0101N10001O0000001ON20000O1000010O00001O01O01O100O1O1N2O00001O01O01O0101O000O100O010O010O010O0010O0001O01O0010O00011N2N00000O011O01O10O10O1O10O1O100O2N1N2O100O10O10O2WQNkNcn1Z100O001O1N20010N2N2O2N1O0O1O2O1O0O1O100N3N2N2N3M10EZRN[Nem1c1_RN[Nbm1d1_RNZNcm1e1<O2O003N1N1O010N3N1O100O1ORRNgNVm1Z1gRNhNYm1Z1dRNfN]m1Z1bRNfN^m1Z1bRNfN_m1[1^RNfNdm1\1XRNdNim1\1VRNdNkm1[1TRNfNmm1[1oQNhNPn1c11N3M20001N3O1N1O5K2M3K4M4M3N2M4M2M2H7N3N2O2N1Nd_Wm0
20111208173814Mh_3,kdd[13lo11N2O0O2N2N101N3M2O1O2M1O1M3N3M201O0O1O01O001O1O100O101N1M3O02N1O2O000O010010OO1O2TMSO`VNQ1ai1PO[VNR1fi1nNXVNS1hi1oNWVNk0oi1UOQVNi0Qj1WOoUNh0Qj1YOoUNg0Qj1YOnUNg0Rj1ZOnUNd0Tj1\OlUNc0Uj1]OjUNc0Wj1]OhUNd0Xj1\OgUNd0Zj1]OdUNc0\j1^ObUNb0`j1^O^UNb0dj1_OXUNc0hj1^OWUNc0ij1^OTUNc0mj1^OPUNa0Sk1_OhTNd0Zk1]OaTNf0`k1ZO^TNg0ck1ZOZTNg0gk1YOmSNHUOP1nl1ZOjSNP1Xl1POgSNP1Zl1QOcSNP1_l1QOXSNU1il1mNSSNT1nl1n02N2N2O0O2N2N2N1N3N1N3N2N2N2N3M3M2N3G8L6I6J8H7D__[^2
20111208173814Mh_4,oc``04ko12M3H8N2N10001N10000010O00010O010O1O0010O02N10O10000O101O0O10O1O00001N10001O0000010O0000001O00O0100000000010O01O010O2O001N10O100O2N2O2N1O1OO100O010O20O11N1N2O1O0000O11N010O100O001O000010O00001O00000000000O2O000O2N00100O1O10O0100O10O0101O0001O000000000001O0O10000000000000O2O0L4N2N2O100O1000O01000O00100O01O2J4O200O01000O1OU[[U3
20111208173814Mh_5,kcRR15jo13N3N1N2O1N2O0O2OO0100O00100O001O100O011N1000O1000000O1O100O2N2N101N1O1O10O01O01O010O01O00010O0001O01O01O01O01O010O001O010O001O1000O10O100O2O5J100O1O2lPNYOln1m0010O001O001O001O001O1WOnPNc0Yo1N0O2L3N3O001N10001O01O01O0001O01O01O2O0O001O01O001O010O0010O010O010O010O010O0010O0100O010O01O1O1O1O100O0010O010000O1O100N`Ycd2
20111208173814Mh_6,ceX[22mo13N1O010O00100O01O01O2O1N001O1O10O0100O2O001O1N100010O2O0000O001O1O001hPN_Oon1j00O1O001O1O1O1N2O1O0O2O000001O0000100O0100O010O01O00010O010O0100003MN1N3O1N1O10000001O01O0O100O100001N101O00100N2O1O1O010O1O001O0000O100O00100O00100O100O2N10O01O100O0010O01O01O010O0000000O10001N10010O00100O010O100O010O010O10O01O10O0010O01N1K6M3O000O2O00001O0O2NnUYZ1
20111208173814Mh_7,mPo_21mo13N2O001N101O0O1000001O0O10000O1N2N20001O0000O2O0001O00000O2O00001O001_QNA`m1?]RNEam1<\RNGcm1;YRNGgm1=SRNEmm1<PRNGom1;mQNHRn1T1O1O0000O100O1O100O2N100O2N1M4F9N3M3N3VOUQN;Zo1N2M2O1O2M3M`nh[1
20111208173814Mh_8,nVYc27ho1;E4M0O2O0O1O1N2N2O1O0O1N200O100ON0201N2N1000N3N2O1O2N10100O1O1O1O1O1000O01000O01O00001O1O1L4L5M3M4K_j`Y1
20111208173814Mh_9,h]_a13mo11N2M2O2N101N1O100O100001N1000001O00000O01000000000000O10001N100O2O00001O000O01000O1N2O1O100O1000000000O1O001O10O01O1O00O100O1O100001N2O001O1O0O20N10001N101O0000001N101O10OO2N101N1O2J6O001O00O00N21O101O010O001N10O2M10O2M3O2O010OO1000O2O01N1L30001O1I8N11OO2M3O00M4I7N2O1N2O1O10O010000O100O1O001N2O01000O1000O02O000O1O100O10000O1000000O010000O10IkPNAWo1=610O10O10O100O10O10O100O100O1O10001N101NXf\R2
20111216103234Ch_1,l[ng13lo12O00001N1001O01O01O01O01O01O010O00001N10001N2O1O1N3N2M2O1OO1O001N2N11000O1000O100001O00001OO1000O01010O0010O1O01O0O1001N1000100O1O100O2N6KO0001O000001O2M2O1O1N101O1N200O1O010O02O1N2N100O1O01O000010O00001OO3^OiPN5eo1JYc]Q2
20111216103234Ch_2,ebXZ1;co12aMKQUN6mj11mTN0kj1>^SNTOV1`0[k1i0^TN[Obk1f0\TNZOdk1h0RTNAok1`0hSNE[l1=^SNDfl1>USNCPm1b15L3M6J5K4]OVRNiNom1o0YRNmNkm1o0YRNkNlm1o0e0N2N3M2O0N4K4L5G_PNN[_Qd2
20111216103234Ch_3,b`l`21mo14L3N1N3M20O10O10000N200O20O00O2O000N3N100O10O100O010O1N1001N101O1N1O2O10000O100O2N100001O1O1O1N2O0O101O0O101O00O100010O00010O01O000000O2O001O001O100O1O01O100N2O001O1O1O000001O001O10O00O3@Y`UY1
20111216103234Ch_4,afj[25io12O1O100O1O000O2O0_NF_RN387Xm1I\RN3;4Ym1LURN5a0Ofl1IRSNh06@el1OPSNb0:_Oel13nRN?<_Odl16lRN>>]Odl1\1[SNdNel1^1YSNcNgl1]1XSNcNhl1_1VSNaNkl1_1SSNaNnl1`1QSN`NPm1b1lRN^NUm1U22O0O2O01O1O00101N1ODlRNnMSm1P2RSNoMll1P2WSNoMil1o1ZSNPNel1o1^SNQNal1l1cSNSN^l1j1fSNTNZl1j1iSNUNWl1g1R1J7M3M1QObQN<an1CcQN9^n1FeQN7]n1GeQN6^n1IeQN3]n1LfQN2[n1IjQN5Ro1O1MS\g`1
20111216103234Ch_5,fcXa09eo16J4L7H5M3N3O;E5jQN^Nbm1Q2O2M2N4M2M5K3M5LlMmRN[1Sm1QNXSNOIP2hm11O11QOYRN@hm1;^RNDfm13_RNLdm1JdRN5^m1DjRN9Xm1BlRN=\n10O1O2O0O2N3M7I1O00O2L3L4N3M2O1000O020O00010O01O001O0O3I\YY[3
20111216103234Ch_6,Qenc17fo1<B6K5L4L4M3N3N2NQOjQN5Tn1JQRNDB;\n1O\RNOcm10`RNO^m10eRN0Zm1NiRN2Vm1NkRN2Sm1NoRN2Pm1NQSN2ml1OTSN0ll1OVSN1hl1N[SN1el1N]SN2bl1M`SN2_l1NcSN2\l1MeSN4Zl1KgSN5Xl1LiSN4Ul1LlSN4Tl1KmSN6om1O0001O0010000O01O000O2O1O2MiY[Y2
20111216103234Ch_7,hiTf03mo11O1O1O010O1O1O1N2O1O0O2N1O1N2O01O1M2O200O1O010O10O010O10O010N101O01O010000O2O001O01O01O010O10O10000O2O3M0O100O14L10O00000O10O10O010000O10O1000000000O1O1O4KbUmT3
20111216103234Ch_8,[Zcd04ko12O1N2O001O1O10O01O011M3N1O1N101O00000010O1O104K2N100O1O1O010O00001O000010O0000001O00001N1000O010O10O10O10O1000O0010N101O10O10001O1O4L2NWeRW3
20111216103234Ch_9,d\gb23jo14L5M;D5L3N1N2O1O1N2NVObQN5]n1IiQN4Un1MnQN1Pn1OSRN1km1NWRN1hm1OZRN1dm1O^RN1`m1JgRN6Xm1GlRN8`n1O0O1O2N1N^bf[1
20111216103234Ch_10,hge_1;bo15K4G9N2M3M2I8N101O00001O00hNbQNn0jn1O1N1O2N100O1O001O00001O00000010O000010O3VOkPNc0[o1N01O01OO101O00010001O6J1N1O2N1O3K`WP]2
20111216174914Mh_1,m[fk12mo13L3M2O2N1O101N1O101N10001O1O1N2O00000000O100O2O000O101O00001N10010O00010O00010O01O1O01O01O2N2O4K3M1O1O1O1O000001O0O2O1O001N2O2N3N1N2N100000O10O10O010O1O010O01O100O01O01O00000010O00000001N2O1N2N5HYcSn1
20111216174914Mh_2,Y`Rc23mo10O101O1N1O2M2O1O2O0O2O001N102N1N2O1N101O0O100O1O10000O100O10O01O10O10O1O001000O001N20000O101O00001O00001O000000000000O10000O2O000O10001O000000O2O000O100O10000O100001O00001O010O001O1O010O2N2O1O000O10O0\OXQN1hn1L\QN3cn1L_QN3an1M`QN2an1M`QN3_n1LcQN3^n1LbQN5]n1KdQN5\n1JeQN6Zn1IhQN7Xn1HhQN9Xn1FiQN:Wn1EiQN;on100O10000O1O100O10O1O10O100O00100O0010O1O10O010O1O010O010O010O10O010O0010O0010O00100O0100O0010O01O10O010O010O10O0010O001000O002N001N1000P^aQ1
20111216174914Mh_3,cb^]1;`o17SNIkSN;Pl1KlSN7bk1_OXSNb0R11ek1<bSNPO1h0\l1;\SN=dl1_10O0N4L4L5L4L5J=D5K5I6SOmQN_OI0^n1>l0L6Fg_Ua2
20111216174914Mh_4,cfX_26ho1101O1O1N101O0000000bMITUN8jj1KTUN6kj1LSUN4mj1NWTNH\O;\l10TTNI]O9^l10aSNAK<34al11]SN=OCdl12YSN`0O@hl12USN\1kl1l01O1O10000O100O100O1N101O1O1O1N1N3N2N2N3N1N3N2M4K6I6K5K4K4M3M4L3N2N3M2M5GZ\U]1
20111216174914Mh_5,cilg01no12N2O0O2N100O101O0O10000O101O000000O1000000000000000000000000000O10000O010O0100O100O010O100O10000O10O1000000O10001O00010O00100O1O100O10000000O10000O1000O10000000O010000000010O01O000O2N1O1O2M2NiUQR3
20111216174914Mh_6,[Zgf0363Vo1`0M10000O1000000001O1O001O0O2O10O01O10O01O010O001O010O0010O0001O0O1000001O00000O10000000O01000O01000O1000O101O0O010000O10O10001N2O1N`eRU3
20111216174914Mh_7,i\_e22lo17J3L4M3M3M2M3N2M3B=O2O0000O100O1A`0L4M3M3M4I7IocPY1
20111216174914Mh_8,Qhk`13ko14K4M3K5M3K5H8M3N2M3N101N100O2O0O01000O02O001N2O1oNcQN=^n1@fQN>on1O1O01O01O10O0010O01O00100O001O1O0001O00001O1O100O001O1O10O01O01O01O00O2O000O101N010O1O1O100O100000O010O100O010O10O10O0100O1O10O0100O001O010O01000O001O1O1O10001O0000000001O001O001N2O1O1O1O1N2O1O1O2N1O1O1O0O2O1O1N3M3MiWfV2
20120107063134Lh_1,X\Xi17fo14BIoPN9Po1<N3N1O1N3L5L4M3L;E2H9I6M5L4cRN`MTm1g2N4L6K2NQNZSNf0el1XOjSN=Ul1]OSTNa0mk1YO[TNe0dk1ZO`TNc0ak1]OeTN=[k1BkTN:Sk1FPUN8oj1HRUN8mj1FVUN;hj1D[UN=cj1B_UN?_j1@gUNb0Rj1]OQVNd0li1[OUVNg0ii1XOYVNl0ci1RO^VNIhMn0hk1XOlVNg0Si1XOoVNh0eg1QOhVN8c1g0dg1[O`VNNm1f0cg1^O^VNKQ2f0ag1A[VNJT2e0ag1CYVNHW2c0`g1HVVND]2c0^g1ITVNC`2c0\g1KSVN@c2d0[g1MQVN^Of2c0[g1OnUN\Oi2b0]g13gUNZOP3?^g16`UNYOZ39[g1>XUNYO_37[g1a0QUNZOe34[g1f0gXNXO[g1g0eXNYO]g1e0dXNYOag1c0P4O1N3M6J2N0O2N2LUfcR2
20120107063134Lh_2,a]PZ14jo13N2N2N2O1O1O01O100O101N1000O10O10O1O10O0000001O010O001000O101O0O01000010O000001O00O010O01002O0O0O101N1001O2M6L2NN10000O3N5K2N1O2M2M11O01O01O2M20O``[a2
20120107063134Lh_3,V^lh21no13M3N6J1O1O0O101O1N2O0O10O1O1O100O1O2O0O1O2O000O101O00O2O0000000O2O00000002M2O1O001O0010O03M2N1ObaQT1
20120107063134Lh_4,dbP_16Ym1OmRN1h13Vk1`0dTNB\k1?_TNEak1<[TNGfk1:VTNGlk1:QTNGQl19lSNGXl17fSNCdl1;ZSNDkl1:SSNERm1:jRNF[m1]13N2M3M3M3E`QNQOdn1j0<M:F3L4L3N1Nc^]_2
20120107063134Lh_5,[cfU31no12O00001O00001O1O001O1O0010O01O01O01O01O00010O00010O010O10O010O00100O10O010O01O10O00010O01O000O2O000O2O0N2L3010O1O10000O1000000O2O001N101O1N2O1O0O20O0001001O0O01O10O01O10000O101N1O1Om[ad0
20120107063134Lh_6,UkX>2Rn10_RN0d03jl11^RNNf04il11^RNNg03Rl1JXSN`0JFk02Ql1KVSNP19nNH9fl1]1WSNcNO2il1c2N3N1iSNoL^k1T3^TNPM_k1S3^TNnL`k1V3\TNkLbk1k3N2O0_OiKYUNZ4cj1kKXUNX4gj1kKTUNX4jj1`0O2N1_OoJSVNQ5li1QKRVNQ5mi1oJQVNU5li1lJRVNV5mi1mJoUNU5Pj1>OiNYVNWLfi1g3_VNWL_i1i3eVNTL[i1l3gVNRLZi1m3hVNoKZi1`3ZVNRLb08Ui1e3bWNTL_h1l3j10O100O01O2O001O10O\OVTNRMkk1m2YTNPMfk1Q3]TNkLck1V3c0UOdSNTNZl1g1oSNWNPl1g1UTNVNjk1g1]TNWNak1i1cTNTN\k1l1kTNmMVk1P2^1O01NYO[RNXOdm1h0`RNUO`m1k0aRNSO`m1m0aRNRO_m1o0bRNjNcm1V1_RNgNcm1X1c0N101L4M2O1O20N2O001O101O000O10O1O001GZQNTOjn1j0601O1O0O2O1O001O0100O000010O0M3O2O0M3O2O001O10O010O010O10O001O001OO10O2O001O10O0100O1O2N10o[cY3
20120107063134Lh_7,ae^h16io18H201cPNCUo1d02M2OO01O0O2O001N2O1O1O100O1O1000000001N101N1000O101O1N1000O0010O01O2N4L2O5K00O00001N10O0101N1O1O2M2N2O1O10000O100O01000O1000000000001O001N102N1N10010O00O2O1O01O1OUYUR2
20120107063134Lh_8,fi\]31ko15M2N2M3O1O1O100O000O2N10001O10O110OO101O2M3]UN^Oce1e0ZZN]Ode1e0[ZN[Oee1f0YZN\Oee1f0ZZNZOee1h0ZZNXOee1i0ZZNXOde1k0[ZNVObe1l0]ZNUObe1l0]ZNUOce1l0\ZNTOee1k0[ZNUOee1l0ZZNUOee1k0\ZNTOde1n0ZZNROfe1o0YZNROfe1P1XZNQOhe1P1UZNROke1o0SZNQOne1Q1XWN]Nb1a0Vg1T1UWN\Ne1`0Vg1V1QWN]Nh1>Wg1V1[VNVN=6R2=Ug1a1gVNRNT2=Ug1b1eVNSNU2=Ug1`1eVNTNU2<Xg1_1bVNWNT2;Zg1]1aVNcNk10dg1_1_VNjNc1Hog1b1WVNhNj1Gng1g2QXNZMog1g2XVNcL_1h0Zh1k2dWNWM\h1h2bWN[M^h1d2`WN^Mbh1a2[WNbMfh1\2VWNhMlh1W2PWNlMRi1T2YVNcL0\1gi1V2RVNcL2Y1mi1Y4101O0O2O00001O0[OoUNZKSj1V4jUNfK71Sj1R4`VNjKmi1i3WVNTLli1X3TUNSMUl1h2TTNoLRl1l2g0H5L3K6L3M2N3N3N1UN[RNKJW1nm1iNiRNl0Yn1L3M2L5L3M4K]Ti<
20120107063134Lh_9,ioXi15ko14L1N3N1N2M3N2O1N2O2N2M2O0O2N2\OQOSRN9F9Vn1@oQN8O7Pn1FkQN476mm16URNKjm13WRN4bm1K`RN7\m1IlRN0Tm1OPSNOol1NVSN0il1O[SNOel1O]SN3al1KbSN6]l1GfSN:\l1AeSNc0hN[Ojn1m02O1N2O1N4M2M3L3N1N1O2N2KinPT2
20120107063134Lh_10,ZP_\11mo14M10000O100O001O001O001O1O001O10O01000O100000O01000O001O101N10O001N2O1O1O2O1N2MZPo`2
20120107063134Lh_11,bZck13ko13N2N2O2M5L2N2N0001O0000010O0002N3L2O00002XQNUOWn1n0fQNTOYn1l0fQNWOWn1i0hQNZOUn1h0jQNXOVn1h0jQNWOWn1k0eQNUO]n1V1100O2N1O100O101N1O1O00100O1O0I8N2N1100O011N1O101M3J5N200000000O10O10O00J7N01O1L3L4101N200O001N2M3N101N2N3N100O2M2N2O2M2O1O1O1O1O1000O0100O00010O1O1O2Ndflm1
20120107063134Lh_12,b\ki17go13N3M3O2M101N2O1O0O11O1000O10000O1O2M6K0O1O100O11QOUQNf0Vo1L5I6J6KUbXT2
20120107063134Lh_13,j]]f06ho13O0O1O10N2O01000O100000000O01000O0100O001O1O100O001O010OO10001O1O10O0100O100O100O1O1OibjV3
20120107063134Lh_14,X_[Q13jo14E<L7PQNDQn1W1M2N2O01O0N3N2QOkQN0Xn1NlQNNVn1KRRN3om1KTRN3nm1JTRN6lm1IURN7lm1FWRN8hn11001O00001O0O101N101N3LZ`hl2
20120111191454Bh_1,_\f_13mo16J1O0O10O10O01O2N1N2O10000O10001N10O10O11N1O100O10000O01000O10O10000000000O1000O011kNL\RN4dm1L\RN4dm1L[RN7cm1J\RN6fm1JXRN7gm1KVRN6jm1KURN6km1IURN7lm1HSRN:mm1FgQNOI=`n1DfQNf0Zn1\O]QNMOh0fn1=00O101O00010O1nQNhNZm1Z1cRNiNBNcm1Z1gRNSOWm1n0gRNUOWm1m0fRNVOYm1l0bRNVO^m1g1O001O0O10O10O1000001O01O001I6N3O000O2O1O100O1O001O0O2O1O00001O001N2O1O000010O000010O0011RRNWNam1U2O01O000O100001O05K2O01N1O2O1M101O0O10000O1001O001O010O002O0O101N2O0O001O1O0O1O2N001O100N4M3M1O1O2OO01O100O10O10O1010O01O010O1O1O001O001O0lN\QNl0nn1O1N00100O0010O0010O01O001N11O2N2O0O00010O000001O00001O1O1O2PQNZObn1T1N2N3L4M1O2M5MO1N3F:I5N2O2FYQNXOhn1>XQNB4Men1?b01000O101O0O01000O1O1O2N2M3N3KYbQQ2
20120111191454Bh_2,W_dk03lo11N4L6E8N3N5K3N1O1O5MO1O0010O2L2O6I1O10jNkQN`0Vn1ZOPRNe0fn11O02M3N2M3N1O100N0010001O1OO2O0O010O00010O00011N2000N100N110O002O01O1O1N3M2OO102M2002L1102N04L2O0OO101O02NGiPNFZo14jPNJYo12e]_o2
20120111191454Bh_3,m`b^23lo13N1O10O01O0001O01O01O0001O00001O000010O01000O10O010O01O01O011N100O100O01O010O100001O1O0O101O1O2N1N0010O01O001O10]OkPN:_o1O1O0000001O1N2M3Md]W]1
20120111191454Bh_4,ccZk23io16L4N1O1O010O0010O00010O0101N4M0000O100O1O11O11O0O0000000O2N1000O2O3M1O1O2N1O1000O00010O2N3M10O10O00100O10O1O0100O100N2O1O0102M2O0O1O00000010O0O2N3M2N3LdYko0
20120111191454Bh_5,dhjQ21ko15gNMaRN6]m1LWRN0]O6[n1KVRN`0im1AURNa0jm1AoQNe0om1]OnQNe0Qn1]OmQNe0dl1SO^TN;jNd0gl1RO_TN`1bk1`N]TNa1B\NSk15ZUN_1B^NSk13ZUNa1A^NSk12QUNLYOf1b0^NRk12PUNk1MTNRk14mTNl1NSN^j1FaUNa0FP28kM^j1FcUN[3NQM]j1FcUNZ3ORM[j1FeUN[3LQM^j1G^UNENc4cj1f0O1O1O001000O010dMbUNWO]j1g0gUNWOZj1g0iUNUMJj1]j1GbUNiN15b0[1ii1EhUNgN16?_1gi1CkUNeNX1h1mh1ZOmWNTORNh0Pj12QXNPOVNm0hi13mXNNRg11PYNnNjLg0Uj1EgUN5f35bf1DmUN0f3OULNXj12QVNJV41ie15jZNIVe17lZNFVe1:W5001O00000000000001O0000100O100O1O10O01O10O01000O010O1O010O10O10000000001O001O00001O0O101O01O00001O00O2O00000O2OR\ig1
20120111191454Bh_6,Rdb]27ho1200O1001N1000O1O2O1N1000000O2O0O10001O2O0O1OO100O1O2N2O1N2N1O001O00001O01O00010O0001N101N2NlZ__1
20120111191454Bh_7,ien_22lo13M3M2010O2O0O010O01O010O0001N10000000000000000000000O100000O100000O1001O000000000O11O0001O0001O000O1000O10O100000O10O1000O10000O010O10O0100O0010O01000O1O101N_ZQ[1
20120111191454Bh_8,bf\e03lo12O2N1O100O101N101O1O2N1O1O001O5L7JO0O1N1O1N3M2M3CRYoX3
20120111191454Bh_9,mk`V22mo1101O2N2N2N101N4XQNEcm1g0oQN]Oom1e0mQN_OQn1c0jQNAVn1V1N3M00O2N2M3J6M2M4L3D<N5M2N0O2O01O01O0100O011O0O10O101N1O2O0O1O0100O0100O1O10O0010OO2O1O0N24M1N00010O001O001O4JlRWe1
20120111191454Bh_10,_XUl11mo14A>O0O10000001O001O1N2O1O001N10001N10000O10O0100O10000O101O0O101N101NigbQ2
20120115063134Lh_1,YZdi14ko13L3L4M3K5M3M2N2N2O1O100O1O1O100O1000O0010OO2N1010N2O01000001O1O001N100010O0001O00001O00000000001O000010O01O00010O00001O0O10001O010O0010000O100O2N100O0010O0010O101N100O1O00001O0000O101O000010O100O10O010O10O010000000O2O000O10000O01O100O1O001O0O100000O101N3M2N1O2N3LSeQn1
20120115063134Lh_2,[_Xn16co18K5M4H7BWOaQNl0]n1=00000O010001N100O1O100002N4L1O1O1O001O1N1010O1O2N10O001M2O1O1O010O001000000O10000O010O1O1O1O2N1O3WOmPN?\o1N2O0O1O01O2O00O10O01001N10000O0010O01O000010O01000O10O1000O01000O0100O2O01000O01O2M2O0O1O10O2O001O100O01N1010O00O01O101N3M4L1O1O^OSQN3mn1HXQN9Xo11M1OO2N0N4K]]gi1
20120115063134Lh_3,QnPd03ko16K3L2O2AHRQN:kn1?F9M4M2]OeN`RN]1^m1hN]RN[1[m1h0O2@cMZSN`2cl1?02N1N2N3M2NlN`SNlNQl1POVTNT2NiNjk1WOSTNP28gNck1e1fTNSNYk1l1oTNoMZj1DTUN^2i0kMQj1LoTNZ2W1fMfi1l2_VNoL_i1S3g1oN\SNmM69al1j1m01cHkMl`NY2T_1iMh`NZ2W_1gMf`N[2\_1fMR`NNhI`2Xf1cMn_Ng2S`1ZMj_NY2nIfMYf13f_NV2UJcMXf18`_NU2o`1nMm^NP2Va1SNe^Nm1]a1TN]^NP2da1QNX^NP2ja1QNS^Nn1Qb1QNn]Nn1Ub1QNi]NP2Zb1oMd]NR2^b1lM`]Nh0oJ1bg1WO]]Ng0VK\OLLbg11Q]ND[KT19WONM_g15e\NU1iLeNbf18a\NS1PMcNaf1:n[NB_Lc1T1`N`f1;k[NE]La1Y1^N`f1=g[Nc1jMnMaf1`0`[Nd1QNiMbf1e0eZN]OfMX2Xi1]NoXN^OcMX2`i1ZNjXNV2Vg1jMiXNV2Yg1jMgVN\OX1k2Rh1jMdVN]OW1j2Vh1kM`VN]OW1i2[h1lMYVN_OOJm0l2nh1jNmVNY1[i1`NaVNb1di1ZNZVNh1hi1VNVVNk1ki1WNkUNP2Wj1k13N1N2N2O0O101N1O1VKYUNZ4ij1cK[UNY4hj1eK[UNX4Yk1L3L4M2N3N1FQTN`LXl1X3;J5M9H3K3N3N2H8M3`N[RNa0im1XO^RNd0hm1VO\RNg0`n1O1N1O2M3L3L6J7IgZUU3
20120115063134Lh_4,VclT16io12O001O000O10O10O1O1O010O10O1000O10O10O01O1O1O10O10O10000010O000010O010000O011O1O0O10O10O0100O1O01O01O010O001O000010O0000010O000010O01O01O01O1O000001O010O00010O00010O01O10001O00001N1010O1O001O0O00100O01000000O1000O010O0010O01O01O2O0O000000001O00000001O0O1000001O00001N100001O000010000O1O01O000O10001O00010O001000000O0100O01N2LW[k`2
20120115063134Lh_5,oc`f15jo13N2M:G3M2N1O1O2N2O1O11TOQQNd0nn1XO[QNb0So1O00O00010O001O001O10BgPN3Zo1JjPN5`o12O0O010O01O01O01O010O01O2O2M2OO100O1O1O010O0010O01O0010O00010O00010O001O01O01O0101N2OO0010O0000001O00O2O0000O3LVZ[T2
20120115063134Lh_6,]fVY33lo12M2N3M3M4M2N2N2N1O1N2N2N2O1O01N2N01M3001O001O2N2M3O2M3N2M3L3I[Zid0
20120115063134Lh_7,dnj]34jo13N3M101N10001O00000000001O00O100000000000O10000O100O010O01O10O10O10O100O1O001O1O2N10001O001N10000000000000000000O101O01O01O01O0000000010O001N3N1N2N3M2N4M2M3N\QU=
20120115063134Lh_8,PQSd28go12O1N101N2N100BDWQN>hn1DTQN>mn1;4K2O0000O100O1O101N10O100O1O:E3N2N001O2N4K^nlY1
20120115063134Lh_9,XXaR12no13N2N0O1O100O100O1O010O10O1O10O01O01O010O001000O10000O0100O010O010O000100O0010O0001O00O01000O01000O010O0100O010O010O0010O1O001O10O0100001N010000000O2O0O2N]gbh2
20120115063134Lh_10,dfcT21lo17J4E:N2N1010O010O2N2N2N2N1N2O1O0O2O001O001N10001O0O2O000O2OYY^i1
20120218152654Bh_1,W[^f13mo11O1N2O1O1O0001O01O01O010O010O0100O100O101N10001O1O2N0O10000O2O00001O1O1N2O1O0002O000O000O101O0O100O011O1N1000000O2O00000010N2O2N1N2O2M2O1N11O0O1N3M6J3M1O2O0O2O3M2M_b[T2
20120218152654Bh_2,i^fn22mo12M3N1N3N1O101O001O100O1O1O001O001O1O0O2O00001O00000O100000000000O10000O100O2O0O10000O1010O0O10010O0001O00010O000100O010000O00010O000100O01000O010O1O100O000100O001O0O2O1O1N1O2N8He`ek0
20120218152654Bh_3,Qahn01mo14M2O0O2N101O0O2O0O2O000O1O00101N1000000000001N10000N200O1O10O0100O010O10O01O2O0O010O01O0O2O1O10000O010000O1000O1O001O1O0100O01001O000O2O000O10000O1000O10O0100O100O100O001O10O010000O11O00001O0O10000O2O0O1O101O0O1000O0100O0010O1O1N2O10O01O100O1O010O100O1O010O10O01O1O002N10001N20O0001O01O00010O0010O01O01O0O10000001O01O01O00001O000010O01O1O001O0O10000O101O0O100O1O101O0O10000O1O100O2N100O100O10000O1O100O01000O10O001O0O2N10100O10O01N2N20O10O10O001O00N1000101O100O10000O2O000010O00010O100O010O10O0100O1O01O010O10O0100O000BjPN3Vo1JnPN4Ro1KPQN5]o1010O2N10O010O0100O0010O0001O010O02O2N1N2N1O01O01O01O0O3N1O1O10O1O001O010O00010000O010O2O1N10001O1O1O001O1N100O1nSN@ch1`0ZWNEdh1:ZWNJeh16YWNLgh13WWN0hh11TWN2mh1NmVN7Si1IkVN9Ui1HbVN`0_i1_O_VNc0ai1_O`TN]O\1W1Tj1@YTNBP1GRO[1fk15kTN7Vk1J`TN>`k1Q21O0O2O1N1N3D<M3M2N3N1@aSN^Mal1^2c0kMfRN`1]m1]NjRN\1Zm1]NmRNW1AjN^n1o0=FWQNWOln1f09M4K:Eb]S[2
20120218152654Bh_4,`e`n12lo13N2N1O1O1N201N10001N10001OO100000001N100O2O000O100000001O00001O000000001O01O01O01O00001O0000010O000010O000000001O01O00010O010O1O010O001O010O100O100O01000O10O01O101N001O000O10001O00000000O10010O00100O2N2O0O101O0O1O1O1O2M4KfY_j1
20120218152654Bh_5,eY_b22lo13O001O0010O0001O1O010O00010O0001O01O000O2O00010O00100O010O1000O1O2O0O0100O10O0100O010O0010O01O1O00000000000O2O000O11O0O1000000O10O10000000000000O1O10000O010000O100000000O10O10O100O10O100001O0000000O10000O100O1O1O010O1O1O10O0010O1O00100O1O010O010O0000000001O010O1O100O1N2N2N2O10O10O10O100O10O010O10000O100000O10O10OO10001O1O1N3LRgVS1
20120218152654Bh_6,l[kT22no12M2O001O001O1O100O1O1O2N7H9H2N2M2N100O1001O101N2N2O1N1O1N2O001O0O2N2M3O1O0O101O00001O00001O01O0001O00001O000O10000O2O0O2O2L_cVg1
20120218152654Bh_7,\fSS25ko11O1O1O001N2O001O1N10000000001O000001O00001O001O010O001O10O01O01O01O01O01O01O001O00010O000000000000000000O10O1000001N10000O10001O00000000000O1000O01000O10O010000O1000000000000001O0O10100O001O001O1O001O00000000O100O00100O1O01000O100001N10001O0O10000O100000O10001N101O00001O000O101O1O00001O000000O10000O100O00010O01O10O10O1000000N2O2O000O10O2O000010O01O01O02N1O1O001N100000000001N1001O0kPNEen1;ZQNGen1:YQNHfn18ZQNHfn1:VQNIin1g01OO101O0O101N1O1N3N100O1O2N1N2N3M201O001O1O100O0010O1O010O100O1000O0100O00001O01O0000000001O0000000001O01O000001O0001N101O1N101O1O001O00001O0000001O00001O01O00001O0001O000O101O0000O100000O01000000001O000O100000000000000000001O1O1O0O2O1N1N3N3M2N2N2N2O1N101O0O101O000000001O0001O0001O00000O1000001O00000O1000O10000O01O10O001O000O1010O01O010000O1000O20O001O00001O00000O100O1O1O10001N01000O1OUY\T1
20120402105814Th_1,VcVi0;bo15F:J6\OSOjQNV1Rn1`0L4L2N2M3NeN]RN<dm1ROnRNm0Rm1oNSSNP1Wn1I2M4L2N1O0O010O4L2N2OO00010O1O1O10O01OO101O0O101O00010O000101N3M1O0001O001O0O101N10000O010000O1O100O100000O11O00000000000O11O0O1O001O1O10000O20O00010O100O101N2O2M3N2M3O0O2OO1O1O1O1O1O1N5L1O1N1000O101O000000000001N2N1O10O00010O03MVZin2
20120402105814Th_2,\cZX12no11N2O001O010O00100O0010O010O010O01O01O010O01O010O001O010O0O2O00000000000O0100O001O10O010O01000O010O010000O10000000O100000O1000O100000O100001N10000O100001O10O01O010O01000O0100O0010O00000001O01O0010O01O20030K2OO0001O01O0000010O01O010O1O100Oj[U`2
20120402105814Th_3,nS[R2<co1000000O0001I7001O2N3N1N1O101O0O010000O100000O100000O100001O01O01OO10000O10O10O10O010000O10000011N000100O1O1O1O1O000000001O0001010O0000O00100O10000O2N2N00001N11O0hPNHin17UQN5an1L[QN9dn1HXQN>en1`00^OZQNGfn16`QNG_n17iQNCXn1;kQNCVn1:nQNERn17RRNHnm16gljg1
20120402105814Th_4,aVeo04ko11O1O1O2N1O102M5K2M2O2N1N2O1N2ODTQNFln18YQNDhn1;>01O1O000O2O00O1O2O001001N10000O010O1O100O2N1O101N010O10O01O0001O0O2N2O001O01O1O2M4Ldj`l2
20120402105814Th_5,kZiV3;Yo1>K6K6J3M2N3L3N3N1OSOjQN3Tn1KRRN4km1KZRN5bm1IcRN7Ym1HlRN8Pm1HSSN9hl1G[SN=_l1CcSNa0Xl1_OjSNc0Tl1YOoSNk0nk1oNWTNS1Zm1oNaQNb0_n1XOiQNf0kn1M2O1O0O2O0O6J2N100O001NccPg0
20120402105814Th_6,jY[l23lo13N010O010O1O100000000O010O0010OO101O010O10OWUN1ae10]ZN2be1O[ZN2ge1NVZN4ke1LSZN4oe1MnYN4Sf1MjYN3Yf1LZYNEYL`0^j1KQYNN]L8dj1InXNg0Sg1YOlXNe0Xg1[OgXNc0\g1]ObXNd0_g1\O`XNd0ag1\O^XNc0cg1]O\XNd0eg1\OXXNf0hg1ZOVXNi0jg1WOPXNn0Rh1QOhWNT1Yh1kNeWNX1[h1hNbWN\1]h1cNbWN_1]h1aNaWNb1_h1^N]WNd1dh1]NXWNe1jh1[NTWNe1nh1\NdVNGZNm1Sk1]NaVNKVNg1]k1_NZVNj1hi1WNWVNi1ji1WNUVNh1mi1WNRVNj1oi1VNnUNl1Sj1TNlUNf1`NoMek1<iUNc1`j1\N_UNa0dNFO^OVl1;TUNa0oNXO[l17dTNa0Ql1^OYSNGLk0ml1_OSSNIM`0F^O]m1;iRNML=gm1IWRNi0km1c04M3N2L4L4J8K5L3M3K5^Ojdln0
20120402105814Th_7,o]ae295JXo1b0K<]O=L2N2N2N2N2MlN[RN3bm1LfRN1Wm1MmRN3Pm1MRSN4kl1LWSN4gl1L\SN3bl1N`SN1_l1OcSN0[l10hSNNWl1NPTN0ok1OUTNNlk11XTNLgk15[TNGfk19Q2000O01OO2O10O02O0O1OO0J7O0101O010O01N2M2N2O0101000OO2N2O1O02OjcRW1
20120402164214Mh_1,\cbk05\o12jPN2on1d0L3O1010O101N2N2N4M5J1O1N100O100O1O10O01O10O0001O01O01O01O0001O000010O000010O010O0010O010O00010O1O001O001O0O2O1O000O2O000O10O1O1O1O01000O10O10O100O100O100O1O10000O1010O00010O101N1O10001N6K1O1O1O00001O0001O000O101O0O2N2O2M3N1O00O100O101N100O0100O00100O1O0100O010000O10000000000O10000000O1000O0100000000O10O001O001O00001N1N11001N101O1O10jYii2
20120402164214Mh_2,gSiU26ho13N1O10O0001N2L310001O100O0010O00010O000000000000O1O101O0O100000010O000000000010O0000000001O01O01O01O010O001O010O10O010O010O100O10O0010000O0100O0101]PNIYo1a0O1O00O100O1O100O3M2N2M2O2M3L\kbd1
20120402164214Mh_3,jYkm21mo15M2N1O1O2N10000001O00001O001N100O010O100O010O010O01O10O01O010O010O2O1N1000000O10O10001O0O100O1000O100O01000O100000000000001O00001O010O1O3M0001O010O1N1O2N3M3M2MocRm0
20120402164214Mh_4,nZY\18ho14L1O2N1O1O0O101O0O1000O101O001O002N00001O0000001O00010O0000000001O0O10000O10000000000000O001O1O1000O01000O001O001O01O00000000001O001O10O00001O0100O10O10O1O001O010O10O10O100001O000000O10000O01000O01000000O10000O100O01O1O1O100O1O101N1OieZ\2
20120405130014Th_1,Z_Vg16ho14I8J7I8XOe0K5L4L7TRNnM]m1^2M=D1NdNVSNEhl18aSND]l17mSNGPl17YTNDek1\O^SN1f1>ij1@fSNJh1f0_j1AQVN<mi1EWVN9gi1F\VN:bi1G`VN:\i1FfVN=Vi1BkVN`0Ui1YOPWNg0Ul1O1O101N1010O0010O1001OO10N100O1O10O3N1N01O10O2O0O101N1O2OO1000O100O1001OO10000000000O00100O000101N1001O0O20N101O001O1O000010N3O0O0001O0O1O0100O3M2O1O0O010O001O0010O0001O01O000O100000000001O000000O1000001O0O10O100O10O10O10O1000O10000000O10000O010000O10O1000O010O1000O01000N2O01000O100000O2O0000000000000O100000000001O00001O001O00100O2O1O0000O2O0O101O00001O01O01O0000O1000000O1001N10O1O100O000100000O100001O0100O1O1N101O101N010O00O10O0101O0O101O00O100000O1001N1000000O01O0O10100O2N100000001O0001O001O1O5K1O2O1N3N0O2N2N1O000000001O10O001O0O2O0N101O0O103M2O1N1O2O2O00O000002O0O001N1000000000001O0O10O100O010O100O0010O001O0O2O01O01O02N1O00001N3N2N0O1000O0H8O11O001O0O2O10O1O1N3N1O1O10O0100O1O2N1OTXca1
20120405130014Th_2,d_To01no12N2O0O2O001O100O1O100O00001O01O0O10001O0001O01O01O2OO000000001OO10000O1O2O00001O00001O1O2N2N2N100N101O0N3J5O0100O1O1O2O001N101O1N101O1N102N2N00001O00O10000N2N2O1O001000O1O10000O1000001O00O10O1O1O10O10O10O1N2O2O00000O20O00100O00010O000O101O00010O0001N10001N1O100O10000O10O1O01001N1001O00001O1O10O1O001O001O0O2O0O2O0O101O0O100000001N101O001O00001O01O000O11O0010O01O010O100O2N10O0100O01O10O010O1O1O3Lj_[d2
20120405130014Th_3,dToW34ko12O1O1O1O2M3N2N2N3N3L2N1O1O002O1N2M2O010O1O01O1O1N2O0O2N101O2M3M2GhPNGZo16:N2Nojfe0
20120405130014Th_4,Y[eY24ko12M3N10O10O101O00010O010O010O0001O0001O0001O00001OO10000O100000000000000010O000001N10001N101O000000000O1000O01O2O0001O00O10000O10000O10000O100N2M300O100O10O1000000O2O1N4M2N2M1O1O2N1O1O2N2Nkd\`1
20120512063234Lh_1,bgPm24io15\PNLTo1d0M<QQNoNWn1_1M2N2M201O00gNVRN<km1CgRNLZm12nRNCWm1;Y1HYYQR1
20120512063234Lh_2,Pi^S31lo1:H2N2O1N2N3M4YO^OiQNe0Sn1AgQNa0Xn1e000001O1O10O01O5K5K4SOVQN:Zo10O1O001OO100O100O1001O010O001O0000010N100O1O10O4M100O00000O20O2O1O1N010N4M4L4K5LPOXQNo0jn101O8G5K5K5IlSYh0
20120512063234Lh_3,ZX[R18fo15^PNFVo1d0M2M3L4N2I5N3N1LJ45M2O111O2O1O2N01L3^Oc0L4L4N2N2O0100010O0001O0O0O102O1O0O2N2M3M200O011O01O2N4M3M2M2O001N10001O1O000010N10000O1O101O00001N1000O001O010O01O1O001O010O00O02J5O1000L5M2O01O10000000N2O10000O2N2N200O2O000O100O001O1O100O10000O010O1N1001O1O011N10000O2O00001O01O010O010O2O00O1000O010O1000O0100O0010O010O02N1O001O0O2O1O0O10YkXc2
20120512063234Lh_4,k^aj11mo14M;E4L3M3N0O1O1N2O0O10100O010001O0O2O1O1N110O000100O0000O100N2N20000O01000001N10000001O000O2O000O010000O0101O0O01000OO101N2M2L6L3O1O1O001N1O2H7N3N2N1101O1N3`NiQNQ1fn1M1O1O2N1N2N101O1O000001N101O1OJ6M3N2O0001M3O100O101O1O0O2O1O1O100O0O0M3N13M3M3N200O10O01O1N3K;Cac^m1
20120512063234Lh_5,m]el24jo13N2O1N3N0O2O2L8D7M3I6O2M3J5I8N3L4L7I4M20O3XO^RNlNgm1`0[RNTO4;im1DTRNONOe0<in101N100O101O00000O001O00100O1O10O0010O00001O1N2Oj`XP1
20120512063234Lh_6,^^WY27io11N2O00001O0001000O010O0010O00010N100000O1000O0100001N10001O0O010000O1O1N2N2M201O000001N1O100001O1O01O001N11000O11N1000OO2O1O1O010O01M3K5N110O10O1N1K5010O0010N1J61N200O1O101O1N10001O00O01000N1010O1O010O10N1001O10O10O1001O00001O0000O1O1N2O10000O1001O000010O0O1N20O10O1001O0001O0001O00002N3M1O1O00000001N3N2M1O101O0O101N01000O01O100O2OO00001N101O100O10Uch[1
20120512063234Lh_7,_fmR21mo15G9ePNCmn1>QQNDnn1>nPNDRo1e01O1N2O5K2OO00010O00010N10000000000O2O00010O01O1001N4M1N0010O002M3N1O100O0010O1O01O02N5K2O000O02N0O1O2M2O10000O11O00002N010N1000001OO101O1N2O01O01OO3hPN]Oon1k0O0O1O100000001OO010O10O1O010O2O000001O1O0O2O3M2N1O1O1O00001O01O00001N10000O1000O10000]OkPN;Uo1CoPN;[o10001N10001O1O001O2M2O2M101OPX\d1
20120528063154Uh_1,i`PU22no12N2M2O1N2O1O001O1O2O0N2O01O01N2O1O0O10000010O00000O1000O1000O10O2O000011N1O010O0010000O1O01O01O01O00010O00010O000010O0001O100O1O1O010O10O010O10O1O010O1O1O1O1O001O10O01O1O010O010O11O4K2O0O10O01O1O1O2N100O2N2O1N010O001O0010O01O01O010O001O0010O00010O00000001O0000000O2O00001O1N2O1O1O13L2O1O1O1N2O0O2O0O100O1O100O1O2O2M2O0Oi\m`1
20120528063154Uh_2,j`VZ15jo13^PNIWo1a0O10O1O1O1O2M2O1N10001N1001O00000010O00010O01O100O1O001O10O00010O001O00100O000O2OO01M3N02000O10000O2Og^_b2
20120528063154Uh_3,Wdfo146O]o1>L2N1O101N2O00O0100O110O0010O01002N0O015J1O1M2O1I8LhZcn1
20120528063154Uh_4,RejY14io14O1N1O1O101O01O1O1O0010O01O001O1O01O01O01O0000100O2N0010000O0100O1O0010O01O0010O00010O0001O000000001O00000010O00001O001O001O1O010OO2O00010O00010O010O01O010O1O001O1O1N101O10O01O01O001O0N3O000O2O000001O000010O0100O1O010O0002O0O1O10O00O2O000O2O001O00001O00001O1O00010O000100O1O010O0000001O01O0000001O0001O01O0O2O`Y]\2
20120528063154Uh_5,lTQf04ko12N2O1N101O000000000O10000N2I7O2O0O10O1O1O01000O0100O10O10000O1O1O1O1O1N2N201O0O2O0010O00010O1O010O10001O00000O1001N10O0100O10O01000O10001O001O10O00000O1O2O0O10000O1O2N1O2N\j`T3
20120528063154Uh_6,W\iV27go13K30000O0O1N2H:N1O2L2H7K5O21O1N2M3N2M3O2N100L4M20O200O1N2M10ON401L4O2O0O1O01O00O2O10\O_QNChn1:`0O101O0O1O1O20O00000O101N101O01O000001O01O000000001O00O2O010O0100O0O2M2O2O01O001O0010O00010O00001O0010O010O01O01O010O10O100O1O0010000O01000O0100N1010O100O01000O01O1N101O010O010O00O2O001000O010O1O010O1O010O00O101OO1M3100O2N5Jdi\_1
20120528063154Uh_7,b[k_22jo17K3M3M2O1O0O1O01N2O1001N1O2M20N2O00O10001O00N200010O0001O1O01O2O0O02O0O1O0001O001O00011O01O001O0O2O001O1N200O01000O10O10O10O10O001O1O1O10O10O100000O0100000O1000O101O00O10O100000O01000000000000O1000000O101MVgdY1
20120528063154Uh_8,b^W^12mo13N1O1O1O1O1O101N5K10O0000001O0000000001O01O001O1O1O010O1O001O1O1O001O010O000010O0000O11O0O101O0O100O1000O010O1O010O00010O1O0100O001O2N1O1N1O10O00001O1O01O010O1N3N1O2N1O2N10O2L3O2N1O2N101O0O2N2O010O00000010O1O010O010O01O100O10000O101O0000000000O2O00001O001O1O001O1O010O0011O3L2O0O1O010O1O0O2O[bbX2
20120606063154Uh_1,Xkj^1c0Zo17J5H7L5K4K5J5L4N1NPOXRNMfm12_RNK`m14dRNK[m13lRNIRm17TSNEkl1:XSNDfl1=]SNB_l1`0cSN_O\l1`0gSN@Xl1<mSNDRl1:QTNFmk1:TTNGkk18WTNGik19XTNFgk1:ZTNGck1;^TND^k1?dTNAUk1d0lTN\OQk1g0oTNYOlj1k0VUNTOgj1n0ZUNROej1n0\UNROcj1m0_UNRObj1l0aUNSO^j1g0jUNWOWj1f0mUNXOSj1f0d2O2N1O1O1O10100O1O1O1O1O2O0O2M3M3MlVi]2
20120606063154Uh_2,mmZg02mo13M3M2O0000000000000O10000O1000000001O00000000000000O10O10O010O010O10O01000O0100O1O01O0010O1O010000O10OO2O1N2O2MdRSU3
20120606063154Uh_3,dY]n25io13HJbPN9[o18N100\O_OiQNa0Vn1BhQN>hm1BRRN15?am1IXRNI6>^m1OXRNE:<\m1?bRNA^m1`0bRN@^m1`0bRN_O^m1c0`RN^O`m1b0`RN]O`m1d0^RN^Oam1e0[RN]Oem1^11UOZRN[Ofm1d0aRNWO_m1h0dRNUO]m1f0iRNYOVm1f0mRNYORm1g0PSNWOPm1h0SSNVOnl1i0TSNUOml1i0XSNROil1n0U100N2O100O1N2N2O1O01001N100010O00001O100000O2N3N1N1N2O1N3KVhnm0
20120606063154Uh_4,P^]P16io12O0O2O2N0O3N1O1O00001N1000000O10O10N2_OB]QN`0bn1?O1K5010O01000O100N3N100O100O2M3L4L4M3M2N3O1N3M;Eabfl2
20120622063154Uh_1,Rdfb03go19L2O1O10O100O0100000000O1000001dPNBTo1f00O1O00O10O2O0O2O1O1O2N2N1O0000O100000O100O10O010O100O010O00100O00100O001O001O1O2O0O1O0000001OO1O1O1O101O1N2O1O1N2O010O0010O0010O00010O00010O01O000010O2N2O0O1O01O2O1N2N1O100O10O1O1O100O001O1O00010O000100O1O1O100O1O010O0001O00001O0O2O001O1O001O01O01O01O0001O000010O01O1O000O2O1NYYaS3
20120622063154Uh_2,gefk12mo12N2N2M2N2N2M3N2O1O1N20O0100O01N1M4N1O11O010\OCcQN?]n1C\QNa0dn1>000O2O00001O0001O0001O100O2N0100O1O100O001O00010O0010O01O1O00000001N0L5N2N2O100O10000O101O001O1O1O2O0O1O10O00010O00001O1O001O0100O010O10O10O10O010O00100O0010O1O10000O100O100O10000000O010O101N10O01000O100O2N01O01O01O001O00001O10O01000O10O00100O1O010O2N2N1O1O1O001O00001O010O1O10O10O2N2OO01O001O1O002N1O1O1O01O000O2L3N2O2N1O2O001N2O001O1O010O1O02OO100O001O1O1O10O01O010O0000100O1O4L2M3N1NjXcf1
20120622063154Uh_3,khle17go16L3O1N6J20N1001O12M00kPN@hn1n0N03M3M1002M10O;F2N1N10O0101O00O001O2OOO2O00001O2N2N10O010O1O005L0000O2N:E2O1O10N2O1O102OOO4K3N5J3M4M1O1O01N2O0O11OO001004M0OO100O1O01O00O10000O1O10000O1O10O10000000000000000O100N3M20000O101O001O001O1O^RQS2
20120622063154Uh_4,[lP]14ko15J3L4M3N2N2N2M3N1O2M201O010001N9H2M2O0O2M3N2H8L]S]a2
20120622063154Uh_5,nZ_U37go13K5M2H8N2O1O100O1O1000O001N2N110OlNWORSNj0ll1[OoRNg0Pm1[OlRNg0Um1[OgRNe0Zm1^OcRNc0]m1]ObRNd0]m1^OaRNb0`m1_O_RNa0am1A[RNa0em1l0001N2O001O01O10O0O2N100O1N3N@_NeRN[1`m1gN_RNW1cm1jN[RNU1gm1mNWRNQ1im1ROVRNn0gm1WOURNj0jm1f0N1DRNiRNn1Wm1UNeRNl1\m1;0M4N2O01O0010OO2L3OO2O10^NhM^UNW2bj1lM[UNT2fj1mMWUNS2kj1oMQUNR2oj1PNlTNS2Sk1QNhTNP2Tk1WNiTNi1Wk1ZNgTNe1Yk1_NdTNa1\k1cN_TN^1`k1gN[TNY1ek1lNVTNS1jk1a11O1]OZTNmLek1S3d0O001M3N2O2L4N2N10100O001K4O0101O00F9O0K32101B]RNaNam1_1cRN^NZm1d1hRNZNVm1h1lRNWNTm1h1:SN]RNn1bm181O10O01N2N100N3LJXNZRNh1fm1:M3O0010000O1NJbRNmM\m1T272O0100I6L6M200O2N0M4N2O00010O100N2N101O10O010O01N2O01O0O2O00001N1L5N1[OaNjRNX1]m1lN_RNS1bm1TOVRNl0lm1a03L3O2L4N2O10O01O1O0L5N10O1O2N1O1NN4M2O3N2N2L3O200O1HQQN_Oon1?;N1O6J5KhoT>
20120622063154Uh_6,[\Wf11oo11O01OO2O000O2N1O1O2O00001O1O1O1O001O00001O010O1O010O1O010O1O1O100O01000O0100@fPN9bo1N10O1O2O1N2N2N3N1N2N3N2M8H2O:E1O1OO1hNPRN`0Pn1^OURN?lm1_O[RN<dm1D^RN:cm1E_RN9gn1M2O0O2N1N2Oda^U2
20120707070914Th_1,obhV14jo14N2M10100O02O1N01O101M110O10000000O01O12N1N100O10O01000O100O2`PNFVo1b01O1N100010O01O1N2O1O0O2O000O2N10O0100O01000O01O10O010O2N[\]e2
20120707070914Th_2,`c^f26io12O010O1O2O1N2N2M5L3M3mPNWOjn1Q10O1N2O0O1O1N100O2N10001N10001O00101N2N100O1O2N2N100O1O01O1000O1O10O03L4MZ[_V1
20120707070914Th_3,Rib\13jo16L101O010O2N2M2O2N2L6L1O2N6K0O02O1O2O01O1OO3N0O2O1N2N1O1O1N2O1N2N1N2O1O1O2N1O0O2N1O2NcUe`2
20120707070914Th_4,VWY?7go14K4L4N0000O1O1O100000001O0O2O1O1O1O100O10000O101OO1000O01O0100O10O10O10N200O100000O10O10O10000O100000O0100O010O010O10O10O100000O0100001O000O1000000000001O00001O100O1001N100O1O1O1N3M_inZ3
20120707070914Th_5,nZWc12mo12O0O2N101O0O2O00O10O010000O10O10O10O10000O10000O10000O11O000000O10000O010000O10O1000O10O01000O01000O100O1O101N100O3N2N1O00000000O2O000001O00000000000O10GiPNIWo15mPNIRo18nPNGSo19nPNFQo1:PQNEQo1;92O00O02O000N2O1O10O1O101N01000O010O0100O00100O10O1O1O100O100O10O01O1000O01000O100O1O1O010O01O0100N102O0O101O0001N1O1N1O2O1O01O01N10001O01O1O010O1O2N1O1O2M2N1O11O00O1O10100O01O010O100O2N1000O010000000000O10001OO0100O101O0O0101O000O2O00O01O100O100O1000O100O10000O100O100O10001N10000000O2O000010O2OO0001OO010000O110O00001OO10001N10000O01M3N1010O10O0001O10O02N1000000O10O10O1O1O0010O010O2GdPNK]o139O2N100O100OggRk1
20120707070914Th_6,lXmd02mo12O0000001O01O02N1O1O1N3O1N3M100101O00O001O2N01O1N101O0O2O00O0100O1O001O1O00001O00001O000000000000O1000000O1000O01O01O01O0O1O2O0001OO1O10O1O3N5Iff`V3
20120707070914Th_7,\dad13lo12N3L5cPNFln1i0N1O2O0010O001O010O00010OO10000N2N1001O10O010O1O01000O100O00100O1O10O010N2O2N10001N10O101O0O101O000O01N2N200O10000O0101O0O1O2N1O1O1000O01O1O101O0O101N10000OO2000O01000O2N0O2N2M2O200O100000000000O1O01000O0100001O00O10000N11000O10001O0001O000N2O1O001O1O0O2O0100O01O101N100O2O0O1O01000O02OO010O1O0001O10O02O000O2N1O2N1O2O00O10O101O0O101O00O2O00001O00000000O010G_NSRN`1mm1cNoQN_1Qn18O020O0000101O000O0010OO101OO01000O0010OO2OGXNZRNi1fm19O00O1N2O10[ORNYSNo1dl1WNYSNi1gl1XNXSNg1jl1YNUSNf1ll1\NQSNd1Pm1]NoRNb1Qm1_NoRNa1Qm1aNkRN^1Xm1c010O01O1O10O2M3O010O0001N1O10O20O001O10O01000O01000O1N3M2N2O20O00001N10O1000N1L6M2O001N2OO1O1001O10O0HcMmRN^2ll1>1O1OO1H8I7010O100O2N1O1M3N2N1O2N2O001O0O2K4O110O001OO2M20O00100001O1O01O0O1O2O001M3AfRNPNO0\m1o1?O1N3M4J4N2N3N01000O20O01O1O1\OaQNCcn19aQNCcn1:^QNEen18]QNFdn18^QNGcn17_QNIcn14_QNJdn13]QNM\o1Ok`Tf1
20120707070914Th_8,Waeh02lo14L2N2N3L3N2M3N1000000O1OG:O20O01O10O0UNFPTN;nk11gSN0Yl18_SNIal1:ZSNGgl1;VSNEll1e0_RNoNL=im1c0VRNGPn1Q13M8G5L4K5L5I5K=B^`RU3
20120707070914Th_9,YgiQ25jo12N3L8E6O1O001O01O1001O5J10O00010O0002N2N2N10O001O1O2O1N1O10O10O01O01O0001O0001O1O0O2O2N2OO00010O00000001O0O101O0O1001O0000100O000000000000001O00O10000O10000010O0001O01N10001O0O101O0O11O00001O0O1000000O2O000O100001N1000001N10000O1O1O1O01001OO10001N2O1O1O2N001O00001O00000001O000O10000O2O000O1O100000000001O0000000000O1000O10001O0O101O0O1010O00001O001N10O10O1O1O1O2O0N2N3N100N1N3N2O010O1N3K40001O02M2O1O000O2O000O101O1O1O1O100O002OO0001O0001O0O110O00000010O0001O0O01000N3K4O101N3N1O0000000000O100N11000O02N10001O000101N2M3N1O1N2O1N1O101N1XOVQN9kn1E]QN4dn1L^QN1dn1M]QN1fn1N[QN0gn1NZQN1[o1OeWn\1
20120710063134Lh_1,QdhW14jo1201O00001N01000N2N200O1000000O10O11N10001N100O2O0O1O2O001O000O10000001O00001O1N10001N10001O0O101O00001O000O101O000000010O0010O010O100O1O10O1O2N1O1O1O2M3Ng[[c2
20120710063134Lh_2,chPh0:`o18L=D4L2M3M2K6K4O2N1NRORRNNjm14ZRNIdm18aRNE^m1:gRNBXm1<QSN^Onl1b0WSNXOal14^RNd0in1:00O010O1O0001J5O10001N11O0010O001N2O1N101N2O1O1O1O00100O01O1O0010O0100O01000O1000O010O1O1O1O10000O10000001O00001O1O1O00001O0001O00001O01O000000000001N2O0O2N101O0O20O01O10O0010000000O1000O100O1O100O0000O2O0O2O1O1NQYUP3
20120710063134Lh_3,dfdd28ho11O10O01O01O00001O0001O01O01O1O00100O002M2O001N2O1O00O100O001O10000O10000O2N1O10000O1000O0100000002N1N2NWYQX1
20120710063134Lh_4,`gdo03mo12M2O001O001O1000O011O00O2N2O1N100O10O001O0O2O00010O0010O10O101O0000000000O2O0O1O100O1O0001O00101N1O0101O00O11N20O01O4L000000O010000O01O100O001O001O010O1O010O00001O0001O01O01O2N2O2N1O1O00O1O001O000N3O000O110O000100O1O2O2M10O0101O1O10O3M1N1O1102N00O5K1N2O0O1O2O1N2O1N1O01O01O0000001O0OXU]g2
20120710063134Lh_5,ok^j14io1a0@4J:H5K?_O8oQNSNam1]2K3M4LPNoRNX1kl1gNYSNZ1dl1eN_SN\1FSN`l1`0QTNa1lk1_NWTN`1hk1`NXTN2A?Vl1_OZTNNI>mk1D[TNG0d0ck1E^TNE3d0^k1G`TNC6d0Zk1HaTNC8OmN<[l1HfSNMm0M?<nj1HaVN6`i1JaVN4`i1LaVN2`i1MbVNOai11W300000000000001O001O00001OmTQS2
20120710063134Lh_6,j`Qd12mo12O0O1O1O1O010O001O0O2L3F;M2J6O100O1O1O1O001O01@`0O1O1O1O2N100001N1N10O2O1O1O1O1O2O000O2N10000001O000001O001O00001O10O10O01000O10001N2NiafW2
20120710063134Lh_7,Yeko15jo13YPNM]o1<N101O000010O01O010O0001O000000010O1O10O010O01O01O02O1O0O10O01O0O101O00000001O00001O0000000001O01O00010O2N2N1O1OO010N2O1O1000O011O0O1O2O1O1N10O1000O01000O010O10000001O00001N10O0100O010O010O001O0K5O20O10O1K4O110N2O2OO10O11N1O0100OiZjh1
20120730072014Th_1,kbbj22lo13O0O2POLPRN6nm1NoQN3fm1IiQN=9Klm1b0PRN@om1X110O10O010O1O1O1N2M3N2^O_QNDbn1:bQND]n1<fQNA[n1<iQNCWn1;lQNCTn1>mQN@Rn1b0oQN\OPn1e0e010000001O0O01001O000O1N2N2I7N3M3Mo^eR1
20120730072014Th_2,meh[35co1N`PN5]o18IBjPN`0Uo160000WNYOWTNh0jk1YORTNj0nk1VOPTNk0Ql1VOmSNj0Tl1VOlSNh0Vl1XOiSNh0Xl1XOhSNg0Yl1YOfSNh0Zl1YOeSNf0\l1ZOdSNe0\l1\ObSNd0al1]O\SNb0fl1@oRNKYOe0jm1BeRNi0]m1^O[RNb0fm1@WRN`0jm1BRRN>Pn1h01N2O1O2N1O1O1N2L4N3N3M3CXQN]Ojn1`0=O001N2G:LT\aa0
20120730072014Th_3,ce^Y24`o1=M2N2N2M2N3N10I7L30O102L3O2L4O01O1I8G>Hf[We1
20120730072014Th_4,Siho01no12O0O2O0000001O000O10000O1O1000O10O10O10O000010O000010O010O1O00100O00100O01O10000O1000O101O0000O10O10O1000O100001O00001O00000001O0000000001O0000O10000010O0001000O1O10O01O001O01O01O10O01O01O01O01O00010O010O100O10O1000O2O2N2Ma0@;F5KN1O1N4J8YOPWgh2
20120730072014Th_5,Pl\e13mo110O0O1010O000O2O1O010O001O0O2O001O001O001O0000000O10000O01O10001N1001O0O10000O01000O01000O2O0O1O1O0010O1O1N200O100O100O010O10000O10000O100000O10000O10000O0100O10O10O10O10O01O10O10000O100O100O01000O01O1000O10000O1O2O000O2OaTcS2
20120730072014Th_6,RRm[21no12O0O100O101O0O101]OKWQN7in1JTQN8ln1JPQN8on1>O000O3M1N2O1O10000000000000001O00001N3O0O001OO101O0H\QNSOen1k0:N1O1L4N2000O0100000001O0O100000000001O0000000000O2O00000O1000OO2N20000O1001O00000000O10O10O10O1O010O10O10O1N2H80001O0000O2O00001^OjPN7Wo1GnPN6Ro1IQQN4Qo1KPQN4_o1NgnV]1
20120730072014Th_7,RUeh11no12N2O001N101O1O010O0O2O001N3L4N2M1O2N1O1000001N10001N2N2N3M3XQNoN\n1[1O2O001O1O1O2O4K1O0000O2O000O20O0O102N1N2O1O2N2N2N010O00001O002O01N01O01O01N20O02O01O0O100O1O100O1O10O0001O00001O1O1O01O01M2O2O2N1N2O00101N7IkQNbNjm11PRNT14nNTn1R1hQNPOZn1Z120cQNdNXn1b1]UNhNZf1W1bYNlN_f1T1[YNPOjf1m0RYNSOUg1i0gXNXO^g1g0_XNYOeg1e0XXN\Olg1b0RXN^ORh1`0jWNA[h1=cWNCah1;]WNAjh1>PWNDTi1<eVNI]i17bVNI`i1VO]TNg0R24mi1IQVN7Sj1GkUN:Vj1FiUN9Yj1HfUN2aj1M]UN1fj10WUN0lj11QUNMSk14jTNLWk15gTNKZk16dTNJ]k17aTNIak17]TNIek16ZTNHkk18QTNHRl18jSNJXl16fSNJ]l17cRNYOe0`0kl1>nRNFTm1<aRNKam1W14L3K5L3M4M3J5O2N2O001O1TO[QN<gn1A]QN=To1N2CiPNMVgdm1
20120730072014Th_8,k]o_11oo12N1\L1SWN1kh1:jVNHXi18eVNH]i1:_VNFci1?UVNBRj1a0dUN_O_j1a0]UN@fj1`0VUNAnj1?mTNBVk1c0WTNUOmN;nl1m0eSN\O_l1c0oRNjN3c0Sm1j18I5K6I9G7H8I9G6I6E:Fgc\^2
20120730072014Th_9,Saeb22mo12O1M3J5N3N1O1O2O2O1N01O1O1O100O00010O00O101O0N2N2O2N1N2N3M2O00000001O1O1N2O2N00100O01O1GVOZQNk0dn1:N3O0O1O2N1lQNcNdm1^1ZRNeNem1\1XRNgNgm1[1URNgNkm1g1O10O10O100O1O100000O1O1O100O1O1000O01000O10O10O010O1O002O0O101N1O00O2O0H9N1001O0000O1O11O0011N102N0O1O2OO01O1OO2001N10O01I7N1000001O1O010O1N010O100000O1O1O0000100001N2O1O010O1O000N1N3O2O10O10I5011O00O0O2O000O10O111O0OM30K5OK7N2O1O2O0K6N3NQc\R1
20120813063134Lh_1,haZX14ko12O0O100O01000O010O101OO01000O010000O1000O100000000001OO1000000000000O1001O0O1000001O00001O001O0O10O1000O101O0O101O1N2O1O010O10O010O1O1O100O00100O2O0O2O000O010O010O0100O0100O100O2O1N1O2O0O4M10N4L3N1N2OO0100O1O010000010O1O00O00001N2N2NS]Y`2
20120813063134Lh_2,ddbR32mo12N1O1O1O1O100O1O100O1000O010O1O01O1O010000000001O000O11O00001N10001O01O01O010O2N100O1O1O1O2O1O00O00001N10000O1O2O000O2O01O01O1O001O0O2N101O1N2NZ[kh0
20120813063134Lh_3,gdna14lo12M2O1O1O010O1N2O1O0O1N2O0O200O0100000010O00001O000010O000010O001O001N2O001O10O01O010O010O0010O00010O10O1000O1000000O2OO0101N10O10O10O2N2O1N1O10O01000O10O010O10O0100O10O010O1O10O0100O2OO0100O0100O101N100000010O00000O100000001O000O1000O010O1000O01O10O01O010O01O1O1O1O3LPYcU2
20120813063134Lh_4,nYie23lo13M2gPNKen17WQNLin15TQNNjn16PQNNnn1b00OgLTO`WNl0_h1VO`WN?lLEck1N`WN;QME_k11_WN:SMCQk13lTN3o26ah19^VN[OhN<jj1<ZUNZOLON<lj1a0SUNXOOM19oj1c0oTNZOLN45Rk1d0kTN[OI3ID3:bk1f0fTN[ODd00\Ohk1f0bTNX1`k1hN]TNX1ek1kNWTNU1kk1kNQTNW1Pl1[13WLnSN_3\l1L:G3L6YMRSNR2Rm1jMRSNR2Qm1lMQSNQ2am1M3O0O2M3kNPRN7Tn1XOkQN25d0\n1ZOPRN9Qn1FRRN8om1FSRN8ln1J6MhfbW1
20120813063134Lh_5,W\a_17go14I6N2N2N1O010O01N2N2O001O1O01N2L301O1O1O1O001O00O0N3O101J6M3N2O2O0O101O0O101N100O2Oedh]2
20120813063134Lh_6,P_gQ24ko12O1O1O1O100O2O1fPNEkn1>QQNDon1=mPNFSo1d01N3N1O1N100O101N10000000002O1N1O010001OO1N02O4L00O1HcPNKR_nk1
20120813063134Lh_7,cb_]26ho13M2000O10000O001000O010O10000O100O1000O1000O1000O01000000001N10000001N10000000O001O1O1O1O1O1O2Mj]^_1
20120930063534Lh_1,b`nb23lo13M2N101N100O1O01N1010O01O10O010O010O10O01O010O010N2O001N2N1N3N2M3O1O101O000000DnPNJRo14RQNJnn15UQNHln18UQNFmn19=O2O1O2MZ`oY1
20120930063534Lh_2,[d`j04ko12N2O1O001O010O001O1O2N2N2N100O1O01000O100O010000O1O1O100O1O100O10000000O1O10O01O1O1O100O2N3N3L3M2O5J2N2N2O0O100O2O2N1N1000O1oNjQN7Un1GoQN7Sn1CSRN<lm1BZRN:gm1E[RN:fm1B\RN>dn1N2O1O0O101O00000000001N2O0O2O1N^YUP3
20120930063534Lh_3,]jbc14lo12Ma0@3M4M1N3M3N3M00O1nN]QNf0Qo1N4L1O1O1O10O0010O00001N1O101N2O000O1000001N1O2NkSUZ2
20120930063534Lh_4,dn^a27ho12O0O10O1O00O2K40L5N1100O0001O10N1O2000O0001O010O10O100O010N2OO2O1N1O2O1N10100O0100O00100O01O001N1N201O00001O10O10O10O1000000000001O01O01M201O0O2O001N101O0O200O000100O100O2O1N2O0O100000000O10O100000003M1N100O100O001000001OO1000001OO10000O100O100000O100O10001O1O0010O10O00000000001N101O1O1O0000001O00010O11N2O2M1O1O0O1O2N1N3MnoZT1
20120930063534Lh_5,`QU]23ko16K7I7I6J3M4M1N3M3M5K4K3L3M3N2O001N2MeN]RN`0am1_OeRN=Ym1DjRN:Tm1FPSN:ll1FXSNb0]l1^OfSNd0Tl1\OPTNe0kk1\OYTNd0bk1]OaTNc0Zk1^OkTNa0Qk1^OTUNb0gj1_O\UNd0]j1]OgUNc0Qj1BRVN>ki1BWVN`0di1AiVN7Si1HRWN8ih1FgWNOWh1NPXN3kg1J[XN5cg1IdXN3Zg1LkXN2Tg1KQYN4nf1GYYN7ff1H^YN7af1HbYN6]f1KcYN6\f1JdYN6\f1IfYN7Xf1JhYN6Xf1JgYN8Wf1HjYN8Vf1FlYN:Tf1DmYN=Rf1BoYN`0Pf1_OPZNb0Pf1]OQZNc0oe1[OSZNe0ne1YOSZNg0dj100_OlPN4bo1N2O0O2O0O1O2NUkd^1
20120930063534Lh_6,gSYS15jo12N1000O1000000000001O00O10O10O101N1O1000O100000001O0O1000000O10000010O0001O01O00001O100O10O010O10O100O100O1O100000O10O2O00O0101iPNChn1>UQNEjn1<RQNGmn1g0000O0101O10O101O11N2O00O3M2N102L1O1N8H4K4LSjTg2
20120930063534Lh_7,jXin14ko12O2N1O1010N0100O100000O10000000000000O010000001OO1010O001O2fPNDjn1?PQNGnn1e01O1O1O2N2M3M3K4M4KRfbn1
20120930063534Lh_8,hfUe15io13M4L3N2O2M2O1O001O011N1O10O00010O000100O001O010O0010O01O2N3M3M101N3L3N1O2N2O1O0004K2O0O3N1N2N3L3N4YOnPNM2NWo1OmXbW2
20121024073354Uh_1,bcb[11mo14L2N201N102N2N5L0O1O01OO01O1N2O101O0O1010O000O3N2O2N1O00O102N100O00010O1O1O01O1O1000O00O010O02O10O0O100O002O1O2O000O1O00001O;nPNnN`n12^QNP1kn10O5J1O1N5L1OPOdQNc0Tn1POkQN18m0Un1oNoQNP1bn1O01O0100O1OO1O2OWOUQN`0en1_O_QN`0bn1[OaQNf0mn11000O0O000O2N100O1O1O2N1M4M3KhXU^2
20121024073354Uh_2,geZi24ko12N2O2N3N01O0O1O00001O01O01O01O01O01O10O01N101O0O2M2J7N2N2N2O1O2N2N100O0010O10O01000000001O7I1N6K1N1O10O0O010N2N3I7M3N2N2M4L4M3N1CjPNH^o13oY_R1
20121024073354Uh_3,YobZ12ko15M1N3M2M2O2L3L5M2O2O0O100O1lN]OXRNO1i0am1U1O1N2001M3L4I8M<E8hN^QNc0fn1WO_QN9JNUo1NPQNORo1MRQN2_o1NfQac2
20121024073354Uh_4,TSSh14go16N1010O001O01O01O1O010O001O00010O00001O000000O1000O1000O10O10O10O10O1O100O00100O0O2N100O1GElPN=Ro1:M2000O01L4C=L4J05010O10ZOfQND^n15lQN^O^n1:h0N3M4ITojS2
20121024073354Uh_5,Q\U]21mo13O1N100O1N3M2K5O2N100001O001O00001O000O1O2O000O2O00000O010000O2OO100O100O01000O101O001O001O00010O00000000O2OO1000O10000O1N2O100O100O1O1O1O100000000O101O0O1N3K4N201N10O101L3N2O10001N10001N101N10001N101O00100O1O0100O0001O0O10000O2O0O100O10000O2M3MbdR[1
20121024073354Uh_6,^`Sc25go15N2O0O1O1O1O1O10O001O0000O100001O10@EZQN;gn1GWQN9gn1KUQN6jn1a0N100O1O1F:N11OSNgNVUNY1ij1mNRUNP1Pk1UOlTNj0Qk1]OkTNd0Pk1DlTN2`k10ZTN1ik19YSNgN<P1^l1o12N1N3N3L3N2`MoRNNHj1Sn1J6G:J9QOUQN:[o1_OgPN6XalY1
20121024073354Uh_7,kbol02mo12M2N2O2N1N3L3O1000O0M4N200O01000O01000O1001O00001O0001O1O000010N10000O2O000N2O20O000O2O0O00100O1O2O00O01000N110O1N1O2N1M4N2O0100O1O101N2O1N2N10001N10O2O000O2O0O1N2O10O0100000000O10000ON2O10000001O010000O10O10O1000O1000O0L5N2O0100O0010O001O0010O0O2O001N11O011N1O10O01000O001O010O10O01O1N1E;00100O1O10000O2O00001N010N2O00O2N2N1010OO1M3001O1O0001O10O0100001O01O01J5N2O1O00100O00O10O11000O01O1O1O0O1G9L4N2O2M2010O001oN\QNe0en1YO`QNc0bn1ZObQNb0on1O1O2O0O1O10O0100O001O00JEgPN<Xo16O101000O0100N1010N2M1OJN802O11N2N1O1OK05O11O100O101O001OO100010O001N2O1O101O0O2O0O1O3LfbZb2
20121125063154Uh_1,TobW36jo12O2M2O1N10000010000O01O010O1O1O01N1oHFZ^N;ea1F[^N9ea1HY^N:fa1FZ^N:fa1GY^N9ga1HV^N:ja1FS^N=ma1DR^N=la1DT^N<la1DT^N<la1DT^N<la1ET^N:ma1ES^N:na1FT^N8ma1HS^N7ma1JS^N5na1JS^N5na1KS^N4ma1LS^N3ma1NR^N2oa1NQ^N1Pb1Oo]N2Pb1Oo]N1Rb1On]N0Sb10k]N2Ub1Nj]N3Vb1Mi]N3Wb1Ng]N3Zb1Mc]N4_b1L_]N5bb1K[]N7eb1JV]N:kb1FS]N;mb1GP]N:Qc1Gm\N9Uc1If\N8\c1Ia\N7`c1I_\N7cc1IZ\N8gc1HW\N9jc1HR\N9Pd1Gn[N:Rd1Gl[N:Ud1Fj[N9Yd1Ff[N:[d1GkVN_O[4k0kd12T[NMod12oZNORe11mZNOUe1OiZN3Xe1MdZN7[e1JbZNLnK\Obi1g0]ZNNULYO_i1i0XZN0Zf1NZYNXOaLl0[j1JnXN?Ug1@jXN=[g1CbXN<bg1D\XN<eg1FWXN;kg1GPXN9Sh1GjWN:Xh1DgWN<\h1DaWN8gh1KRWN4Ri1LkVN5Wi1LUUNUOb0Q1\j1LiTNXOg0n0cj1c0WUN@lj1c0hTNA^k1>^TNBfk1>UTNEok19lSNJWl1m13N3M4L2N1lLjSN]2nl1N1N2O1O1F:M6I5L4DcQNmNcn1:_QN3kn1E^QNNnn1NZSaa0
20121125063154Uh_2,XSe]287JVo1b0DBRQNa0kn1<_OQOfQNY1hm1fNbRNc1]m1aN^RN`1cm1bNXRN`1im1;1M4UNSRN[1]n1L5H<G<F=BglZa1
20121125063154Uh_3,iW_e22no11O1O1O100O0001O01O00010O0000000000000O10000O10O01O010O010O01O01O01O00O2N1O100O1O1O1DGQQN9on1<O0O11O1N3M4\ORjZW1
20121125063154Uh_4,Y[oo17fo15K4M2O10O1O100O1O100O10O10O10O1O001N01O100O00010O0001O11O0000O10O1O2O1O001O1O0010O0O2N1N3O0001O1O001O10O0100O002N1O00100O00001O1O0010O10O0100O010N2M201O1O0O2N101O010N20O1O01O0O02K5N101OO20O010O1O100O10000O010000O100O100001O001O001O0O20O0001O000000O010000O100O100O1OWgdg1
20121125063154Uh_5,X][k12no12N4M0O1O10001O1O2M101O001O12OO00O001O01O0001N2O0O101N1000O1000O10O01O0010O0001O01O01O0000100O0010O00010O00001O00000000001O000O101O00010O00001N100000001N11O01O0100O1O1O1O001O00001O000001O0000000000000O2O00001N10000O010O1O001000000000O1001O0O10O10O1000O2O1O1N100O2N1O10O10O10O1O010O10O0001O001O0010O001O0010N100O1001O01000O10O10O10O10O01N101O10O100O01000O10O01000O00100O2O000O2O00O101N1O1O01000O0100O0010O00O101O00010O0100O10000O100O01000O0001O000100OO2K5M2OOM4K6000000O001O1I6010O2N2N1O1O100O2O1M2L4O20O0O1J25N1O2N101O00O1O1O100O1001N2O2N1O1O1O1O1N200O01000O01O1O00O1O10O11O000000000000O1O010O1000O1O1O1O1000001O000000010O10O010O1O010O10O01O10O10000O10000000000O01000O0010000O10000O10000O10O10000000000000000O11O01O01O01O010O100O10O010O01O01O01O01O02N2N2N10O10001N105K1N100O000010O0000O2O00O10001O00000O100000000000000O100000001O0001O00000000000010O01O00001N2MdefY1
20121125063154Uh_6,P\kl21mo13N100O101O000O2O0000000000000O1000000O2O000O2O001O01O00001O0000001O01O01O00O10000O1O1O100O11O001O001O0O101N1O1O2N10000O100000000O001N2OO2N20O1N2N[d`n0
20121125063154Uh_7,Q`__23ko13N1O10O01O001O010O001O10O010000000O01000O0100O1O01O001O00000001O1N1O2N2O1O0O2O1O01O2M2O1O010O1O0001N2O001O100O10000O10000N10O2O1O0O2N20O1N102N1O100N101000O10000O010000O10O10O10O10O10O1O010O100O10000O100O2N001O1O1O1O0O2N2N2O2O0O3LlaXY1
20121125063154Uh_8,l`WV15io14I6O0O01O00O1M4O0010O010O010O010O10O1O010OO1O2N11N1CCWQN?hn1DTQN>jn1<0000001O0O10O100100N2O010O1OO1000O10O1O1001O1O1O1O2M2O1O1N2O001O1O001O1O002N1O100O001O100O1O1O2N2NTajd2
20121125063154Uh_9,Rbmf14jo13N2N2M4M3M10O1O1N3M2O1O1O010O10O010O10O01O1O2O0O101N1O10O1N1010O0O2N20O0010O10O010000O1O2O0O100O10O10000O10000O101O2N000O2O00O2O00001O0O1000000000001O01O000O20O00001O1O1O10O001O1O00001O0O001000O010O2O0001N2O2N2N00001N1M3N11000O10001O0001O01O000O20N10002M2O0O1010O0000100O0010O010O0010O01O010O0001O01O00001O1O1O10O010O1O010O00001O000O2O00000O1O1O10000O101O00000000Q^dm1
20121203063334Lh_1,TdlQ13mo13M1N2O1N1O1O2N1N2M4M3N3M2O2N2OO101O1N101N100O100N101O1N2O1N6K2M3N1O2M3N[[ik2
20121203063334Lh_2,cdVe24jo14N2M2O100O1O1O00100O11N00010O0001000O0101O1N2O1N3N0O2O2N2O06J100N10O1XQNBlm1a0nQNBRn1`0hQNEVn1U1O1N1O0001O5J6K5J6K2M7J4L10100N10001N2M3M2O1N2OQXmV1
20121203063334Lh_3,QiRm02lo1?B4L3M3M3N1N2N2N3M2O1N3M2M2N2N3N1OPOjQN8Un1GoQN7Pn1JQRN4om1LSRN3lm1EoQNE7d0lm1D_RN:cm1D_RN9dm1DbRN1TOJ_n11nXWQ3
20121203063334Lh_4,RidY27go15F9M1O1000O10000O2M2N3O001N10001O01O01O0001O0O10O1000O2O00010O1O010O02N2N2GUWmc1
20121203063334Lh_5,d^Ye15ho14N2O0O101N1O1O10000000O10O1001N1000000000O1000O01N2N1O200O02O0O100O10O0100O01OO100001O10O01O0010O00001O10O0100O10000O10000O2N2N10001N100000000O101N1O2NUblU2
20121203063334Lh_6,n`Q]26go14M2N201O0O1O2N101O010N2O001E^OTQNd0gn1>M2N201N1N2N2N2M201O1N2N10000O2N2O00100O1010O0001O10O01O001O001O000O10O1O0000O1O1010O01000O1N2N3O1O1N2O1O001N2O000O2N1O1O10000O100O1O1N2O1O2E:ZOVQN4mn1IWQN5in1H[QN7gn1E[QN:Wo1O1N2O1O3Lm_n\1
20121203063334Lh_7,hc_o15io15L3L4M2O1N3N1N1O3M4K9H4M3L2O2M1O100N2O1O1O1N2M2O2N2O1O10O10001O1N2O1O001O1O001N2N1O1O2O0O100O1O010O10O001O0100O101O0O10000O2O00000O100O10000O010O1O00O1O2N100100O2O0O2O0N2O2N10001N2O001O00001N101N100O2N10000O10O1000O10O01O1O01O01O1O100O1H8N200O1O10O01N3N4KT]^h1
20121203063334Lh_8,ifg^16jo11O000O10000N3O000O2O0O1O101O00000000001OO01000OO1M4O1O00100OO201O0O101O00O2O000O2O0N2J6O20O001O100O000100O0010O00001O000000000O0O2N20N2O010000000000O1M2O2000O010000O10000000000000001O0O10O1000O01O1000O10000000000O1O1N20000O010000O1O100O1O100O000000100O001HZOTQNh0kn17N1O200O10000O010DnNjQNR1Tn1ROhQNP1Wn1=O1N2N3M2O1000O1O101N101O0O2O0000100O1O2N1O1N2O1O1N10001O0O10000O101O2N1N3N1N101O1N100O2N1K5N11000O10001O1N2N3M6IdZlT2
20121206063154Uh_1,eZld23ao1>L>C3M7I7I3N1O0O100N2N2OO1VOlQNYO10Yn1e0g00O02O0HPQN_OQo1?900O10O10O10O1N1001N2O1O10000O2O0000000O10001O2N100O1O1NRfQX1
20121206063154Uh_2,ceVf23ko15M1O2N101O1O1O00010O0001O01O10O1O1O10O10O000001O100O001O10OO100O0010O100O1000O101O0O1000O001O1O1O001O1O0O101O01O000001O01O0001O00001O01O00010O100O10O01O10O01O10O0100O0100O10O10O10O1000001O1O1O00O1O00100O1O0010O01O1O00101N2N2O1N1O2NdW_R1
20121206063154Uh_3,bfnc01no11O2O0O2O001O0O2O1O0O2N100O00100O1O0O2O0100O01000O01O10000O10O10O01O10O01O10O01O100O010O10O010O0100O01000O01000O100010O0000000000000001O0001O00001O00001O001N2O1O0O2O000O0100O2N1O2O1O0O101O0O10000000O1000O100000000O010O1O010O010O100O010O10O10O100O1M]ZWT3
20121206063154Uh_4,^hTS25jo13M2N2N2O1N2O1N3N2M4L2N102M7J1N2O00000001O2O1N3M3O00O1OO101N1O2N1O0O2O0O1N3N1O1M3N3N1O1O001O10O01O1O010O001O010O0O3L\WUi1
20121206063154Uh_5,\h^R14lo11O1O1O001N10000000001O01O01O1000O10O010O010O1O100O01O010N2O100O001000O0100O1O1OSWoj2
20121206063154Uh_6,fjX\33fo1:K3M2O100O101O01O02N2N8H3N00O1O1001O2M7J00O0101O2N03L3N1N2O003oNWQNe04XOdn1h0WQN_Ogn1m000002N1N1001O1O7JO3L3L6J4L3L4L4J_Sa`0
20121206063154Uh_7,SWgi06io11O1O001N100000001O0000001O1O001O1O1O1O1O1O1N1O1O1O101O01O000010O10O010000O10000000O101O000O2O0000001N10001O0000O1000001N11O01O001O1O1O000O011O0O1O2N1O2O0O00101N100O2O1O10O00010O00010000O00010O10O01O100O1O2N1O2N1O2M100000O1O2gNdQNk0_n1QOeQN2KL1?]o1I6M3NRiln2
20121206063154Uh_8,_We^11oo11O020YPN0Zo12bPN0^o191O00000001O00001O011O2OO10O1N2N100001N001O010O000010O000001O010O00100O1O10O01O10O01O01O01O000000O1000000O20O0000010O1O2O0O01O01O01O00001O0000100O10O000O2O000O2O01O00001O1O000000001O0000000000000O1001O00010O00000001O0O10O10000010O01O01O01O00000001O00O100O10O10O10O100O10O01000O001O1O001O10O1O00100O001O01O00001O10O0100O2O0O1O2N1O0O2N20N2N101O1O0100O0010O010O10O01000O10001NShZU2
20121206063154Uh_9,g^[g03lo1101N10O0100O010O100O100O10O010001O000000000O2O00O010O0010O10O010O0100O010O10O01O001O010O00010O010O010O00001O0O1N1010O0000101O0O2N2M3M4LebZT3
20121206063154Uh_10,V^Wf23lo12N2N101N100O1O1O1000O1000O101O01O00O01000000O1000O0100O010O001O1O000O2OO2M11O2J6N_bTW1
20121206063154Uh_11,mckR14lo11N10001N100O3M1O2M2M4L3N2O101O0000O10000O101O001O010O1O1000O10000O101N0010O2N010O00001O001O001O1O1O1O1O001O0O101OO2O000N2O100001O0000O10000O01O0O02O1O001D^OYQNc0cn1CYQN>gn1>O1N2000O2O1O1O001O1O101N2N1O2OO0001OO01000O1O1O100000O001O1O001O0O110O01000O01000000000O100O10000O1000O1000OO2N2O1O001O000010O10O0100O2O1N10001N1O001O10N1O101O01O10O1N1O200O1N1O2N2N1O2NM3002O0O11O000001O1O00100O1000O10000O100O2O1N2O0O2N101O0O101O0O101N10000O2O00O1000O0O100O100000000001N2N102O0BZO`QNh0_n1]O[QNd0fn1;O1000O100O1O2N1O100O2O000O2O1O2N5K3M2N00001O00000000000O2O000O10O100000001O000O2O001N100O2O0000O3N1N100O2O0O01001N11O00001N10000O10O1N1O2O1O01000O1000O01001O000O10000O0O1O2O010O10O11O00001O00001O0001OO10000O101O01O01O1O1O1O001O0O2O0000000010O00100O1O010O10O10000000O101N2O1N2N1O010O1O2N2N2N00001O000O101O001Nm]RU2
20121216154954Bh_1,T`bU22jo16M2N2O1O1N1O1O100O100O1O1O2M2N2N2N2N3N1O1O2O0O2N2O001N2N2O1N2O1N2O00001O010O1O0O2O00001O0O2O001N10001O00O01000O010O000O2N2O1O1O2N100O10001N1000000001O000O10001O0O101O0O10000000O10000O100000O0100001O0000001O01O01O00001O001O010O1O0010O01O01O01O010O001O0000001O000010O01O01O01O010O1O1O10O02N10000O10O0101N101O1O0O100O1O10O01O00010O1O010O1O1N2O1O1O1O0010O0001N101O0010O10O101N10000O1000000O010O1001^MnRNS2Tm1fMRSNZ2[m1O5J2N7QNTRN]1Yn1N1O101N001N101N2M3N1O1O2O0O2N2O1N2M2N201O0O1000001O000O2O0000000O1000001O00001O001N2O0O101O0O10001O1O1No]]Z1
20121216154954Bh_2,ffZU13io15N2N2N101O00001O00001O0000O101O000O10001N100001O00001O001O010O1O10O0100O101O1O0001O01N2O0000O0100O2O0O101O0O100O1000000O100O100O100O01000O1000O010O010O0010O01O1O001O00100O001001N11O001O00000000O2O2M2OO0100O0100O101N2O0O8I1N2O1O000O10000000O10O10O10O1000O1000O1000O10O00100O010O100O010O10O10O1O01000000000O10001N2O000000O010000O10000O1O1O2MgUo_2
20121216154954Bh_3,QhZR12mo12O1N2O1O1N2O1O1O001O1O1O00100O100O2O00001O1O0000O1O100O100000O1001O010O01O1O7I1OO1001N2O0O100001N101O0O2O002N100O1O1O2N2N1N101N1O010O100O010O10O02N10O01000O10O00010O010O00010O010O010O010O1O1O1O1N_U_g2
20121216154954Bh_4,hlRc25io13O2N00100O2O1N2TQNHmm1:lQNLRn16dQN3\n1i0001N1O2N2N2N1N3N1O0O2N2M3H9K>CZRW[1
20121216154954Bh_5,Wo`R14ko14M1O2N1O1O001O0010O01O001O001O1O10O01O100O1010O1O1N2O01O0O2O6I1O1000O1O100O2N1O1O1O2N1O1N101O001N2N2N3M2NgoRj2
20121216154954Bh_6,h\oZ33lo12N2N2N101O1N1O1O2M2K5M3O1O10O100O010O1O000001OO2O1O010O1O001O0001N2K401N10O101O001O0O10001O0O2O01N1M3O002N10010O010000O001O10O010O01O001O0O2M2O20O0000O000010O100001O001O0010O0000O11O0O1100O1O1O1O2M2N2N3N1O2O1N3MjeZ>
20121216154954Bh_7,c]mc05jo12N2N1N200O10O01O100O1000O1000O10001O0O10000O00100O01000N2M3O001O001N110O010O010O10O001N2N1O2O1O1O00100O001O0001O0O1O1O0TOGRRN:om1MjQN3Xn1NfQN1\n11_QN0cn1e01O2L4M3L4M2O2M2O101N10000O2O0000001O00001O00000O2O001O00001O000000000000000000000000O10000O10O1000O10O10O10O10O10O100000O01001O00001O00010O000010O00000010O0000001N100010O1O1N2O00001N10000O2OO1000O10001N100000010O0000O10000N1O2O1O011N1O1O1O100001O1O000010O01O100O1O10O01000O100000000O10O1N2N2Mncjn2
20121216154954Bh_8,Y]c_23lo13M3M2O1O1O001O1O1O0100O1O100O0010O0001N100000O10000O010000O1000000O10000O1000000000O10000O01000O0100O01O010O0100O1O0010000O10001N100O1O1OlbP\1
20121216154954Bh_9,\e_P25jo12N2N2O001N101N2O1N1O1N3M2N3M2N3N101N2O0O2O1O1N3N1O1N2O1N10001O010001O2N1eNmQNf0hn1O1O01O00O10O00010O000010O01O001O010O010O0100O2O1N2N1O1O1O1O01O01O010O00010O0010O010O1O10O01O1O100O1O1O1O010O0000001O01O1O2N1O1O1O1O001O001O001O010O001N2O1N3NmXVh1
20121220110614Th_1,g_Rk22ho18J6bPNASo1g0O3M2N2N10GTQN_Omn1?WQN^Oin1b0;O1N1O2N101O1N2O1O10000O1000O100000000O101O000010O001O4K3Mn`]R1
20121220110614Th_2,cfbc22mo12O00001O000000001N10000N2N3M110O1001N10O10O10O01O0010000O10000O100O10000O1000000001O00001O00000001O0001O00001O1O1O100O1O1000O010O1O1N2N2LbYQX1
20121220110614Th_3,hTc^23lo12O001O1N100000000O101O0000001O0O10000O2O000O100000001O00001O1O2jPNCdn1`0XQNCgn1j01O1O2N1O3N2N2M200O001O1O2N1N2N100O2N1O100O010O1O2N1O2Noj`]1
20121220110614Th_4,lZ[U1j0Uo14L<E4K3M2N2_OdNZRN^1em1`0N3M3MdNaRN;\m1DhRN;Um1GlRN9Pm1JQSN7kl1JWSNoNIo0ll14\SNjNLQ1fl16iSNKUl16kSNKRl16TTNEkk1;WTNDhk1<XTNEfk1=YTNDfk1<[TNDdk1<]TNDbk1=^TNBbk1>`TNA^k1a0cTN]O]k1c0fTN[OYk1e0lTNVOTk1a0gSNmNV1a0Rk1:RTNROn0c0Pk19dUNG[j1OhSNAP2?Vj1OZVNMei10`VNO_i1NdVN2[i1MhVN2Wi1NjVN1Wi1NjVN0Vi11lVNMSi13PWNKPi15]30000000001N2N2N2Oif\g2
20121220110614Th_5,m\]Z14jo13M2O0O2N2N101O1O0010O10000O2O1O00001O0000000000O100000O10O01O1O10000O10O10000N110O10O2O000O2O0O001O10O0100O10000O2Necla2
20121229085414Th_1,iXki22no11N3O1O2O1N001O001^PNIXo1b0NO001N2N1O1N3M11000O01N2M3O1O10O01O010O01O01000O1O2OO01O1L3O0110N2N101O1O1O1O01O0O10bNCZSN<hl1FVSN9ll1HPSN:Rm1FoQN48:km17mQNIUn1P12N2N2K5M3O0K[QNoNfn1n07K6M3O0N2N3L3M3N2N2N3M3NghXQ1
20121229085414Th_2,b\ia25io1201O01O000001O0O102N8G1O100O0000001O1O00100O1O01N1O02N2O02O1O2N10O00O2N101O0O1010O0000000000N10100O01O1N1M40O1N1O2N10O100O1M3O1O101N2N110O10O1O001N2N1O2N101O2O0O1O2N1O1O1O1O2N2NgdbX1
20121229085414Th_3,i^mo01go18N100O1O1O1000000001N101O01O10O01N100O1N2M3O1M201OO101N3N1O2O1O1N11000O01O10O1O2N10O0100O00001O1O010OO2L4O01O1O1O010O1N1O02N2\OFaQN:_n1NXQN4gn1c01N2O1N100O2O4L2M1010O00011OO1O2N2N2N4K3N2LYcbj2
20130104104234Ch_1,dddP18^o1<C?F8K6K4L5L2MnNZRN0bm1KgRN8Pm1C]SN<_l1CfSN<Wl1CmSN:Tl1DPTN9Ql1FRTN6Ql1GSTN7ok1EUTN9jm1N20O00O2MgZom2
20130104104234Ch_2,_d^Z23ko13M2N200O01O01O1O001O1O010O01O01000O0100O1O001O02O0O101O0O101O0001O00001O1O000O10O10000O10O10000O1000OO2M3N2O1O1O100O100001O1O5K2N00001O00001O1O01O01O0000001O002M2O1O001O1Ol[S`1
20130104104234Ch_3,ieTZ27bo18M4dPNFmn1i0M3N1O10O101N2OO1000O3M3N1N3N1001N0000O2N100O100O0100O101O01O8I0OO2O1O2N3OO00O1O201NN6K4K4M100000N01NnW_b1
20130104104234Ch_4,RgZo25io14N001O00100O1O100O1O10O10O1O100O2M3N9G1N1N1011O101N8H201O6J01N1O1O3M1O01O1N1O10O2O:E0001N101O1O000O2M20001N202M4L2O01O1O2N1O1fPN@Po1j0001O0O10O00O2N8H2N1O1O1O2N4IXVgk0
20130104104234Ch_5,PR[[15ho18J5L3QQN\O[n1i0]QN_O_n1R1O0O1ROlNaRN2LU1am1o0O10cNfRN7Tm1FPSN:ol1EVSN7jl1HXSN6ol1BSSN=Pm1AoRN?Sm1_OnRN?Tm1@ZSN1gl10aSNF`l1:d1O112L2L3M3NYnnb2
20130104104234Ch_6,oV]m16io12O0O100O2O0000001O01O000O1000000001N10000O101O0O101N2N2O2N1O28G10N10O010O0101O0O0010OO101O1O1O010O1010O3M1O0000001O1O0O10000O00100O02O0O01O000O20O00010O2N101N1O0O2O1O1O1O2O00O00001N1001N10001O00000O011O00001O11XOSQN:[o1N00100O010O0101N1O2O0O10O01O01O002N7I2N00100O1Off\j1
20130104104234Ch_7,^[[l21`02fn18TQNJjn1;SQNDmn1?oPNBQo1f010O01N2O1N2O1L4N2O10O0100O01N10000001O00100O01000O0100O1O1O2N1O1O000000O101O1N2N101O1O001O010O10O10O01O1O2N1O1O2O01O00O10O10O1000O1N2N2N2M3Nnenn0
20130104104234Ch_8,^]cj22ko18I5K4M3M4L5M4K2N1N2O1O1M4J5N2N10TOlQNMRn12RRNMmm12ZRNIdm17_RNG`m18dRNFjm1JXRN7im1C\RN<dn1011O2M100O00010O01O11O0O101N6LN2N5K3K4KTadR1
20130104104234Ch_9,_`ik11lo15M2M3N1O1N2N3L3C=O3N1N1O2N101O1O1OO2N2N3M4L3N1O1N11O01O01N2O001N1001O2N2M2M20001N010000O1O1O010000001OO010O1O100O2O000O2O1O00010O0O101O0000O101O0O100O100O00O1O1100O010O100O010O1O100O100001N2O1M3N10001N11OO2O0O1O2O0O10O10O10001N10000O101N001O10O1O001001NY`Vl1
20130104104234Ch_10,kcWW14jo16J:G2N0000O1O1N2O2O1N2O1O00100O0O1010000O100000O01000O2N1O1O2N1O001O101O0O10100O100O0010O00010O1O01OO20O0O110O0010O00000O10O01000N1O1K5N20001N1O100001O2N1O001N2O0O2N2O2O0O01000O01O100O2M2M3N1N2N10N2002O00100O02M2L4M2N3N2N11N101O01000O010O2O0000O1O00100O010O00O2O0O1O2O10O1O0O2N2N1O11N1O2O1O010000O1000000O10O10O10O2N100O3M2N1O1011N01O10O00O2O2N3N1OO001O000O2N1O2N1N2O2O000O2O01O01O00001O0001O0001O00010OO101O0O10O101O000001O000010O001O00001N100O10000O2O100O1O1O001O00001N101O1O1O00001N100O2O0O2N2O1N[^RY2
20130110085614Th_1,kYVV22mo11mN2YQNMd04Qn1;eQNIZn1:^QNMan1i00000000L3M4N2N11O0O2N100O1O2O1O010000O001N3N1O00100O00O200O0110N1O1N4WOQQN;]o1K4M4M]gQg1
20130110085614Th_2,_adT23jo13oNNaQNM67Wn10_QNM64Xn1`0_QNGZm1EgRNO4OK00`1Wm1nNiRNa1Um1f0K6M3M4K5L6eSNhLdk1c1XTNbN4GJS1gk1M[TNnN2551:k0Sk1NkTNQON09Q1jj1NeVN2Ui11nVNMoh15SWNJkh16XWNIeh19\WNGbh1GoTNI_2b0`h1CUUNJ[2LbM8lj12YUNIZ2EjM`0aj11]UNHl26dg1MgUNLh25`g1LkUNOh24gLD]j17WVNOh2=nf1D[VNOi2<kf1D]VN1h2;jf1C`VN1g2<gf1CcVN1h2;df1CfVN2e2<df1@iVN4c2<df1_OkVN5a2<kg1CTXN?lg1ASXN`0lg1@TXN`0mg1_OTXNa0lg1^OUXNa0mg1[OWXNd0dk1O1O0000O100O010001N100O001O1N2O1O1N20O01O101O00O1000001N10O100O00001O0O0O3LU\]f1
20130110085614Th_3,`cRR3164\o1?J2M4L3M3M3M6K3K2L4N3H]NoQNe1Qn15O2OVOURNAim10SRND9<bm1NYRNB8`0^m1L\RNC7a0]m1JRSN6ml1KWSN2hl1M\SN1cl1KcSN4\l1JhSN6Vl1JlSN5Rl1LoSN5ok1JTTN6jk1JXTN8dk1H^TN8_k1IcTN6\k1IfTN8Xk1HjTN7Uk1IlTN7Sk1JnTN4Rk1LoTN4Pk1LQUN3oj1NQUN2nj1NSUN2mj1NXUNMgj14ZUNKej15\UNJej15[UNLdj14]UNLbj14_UNL`j14aUNL^j14cUNL\j14eUNLZj13hUNMWj13jUNMUj13lUNNSj11nUNOQj11PVNOoi11RVNOni11RVNNoi11RVNOmi11TVNNmi12SVNNli13SVNMmi13TVNMli13TVNMki13UVNMli12UVNNji12WVNMii14WVNLii13WVNMii13XVNLhi15R30O001N2O10000000O010O10O1O2O2M1O0100O00100000000000O1001O2N100O00000O1O011N2N1000O010O10000000000O01O100O0010O100O10O01O01O00006I\[ee0
20130110085614Th_4,ecj`22mo13M2O1M3M3N2O2N10000001N3N3M2N1O1OO100O10000O10001O1O4L2M2O1O1O10O2N1O00O1O2O5MO0O10N1003N3L10N2OO010N2O1O2O1N1O1O1O0010O0001104LO00O01O10000101O0O4L4M00O1012NN3M2N1000O2N2O1O01O1O1N4L3L2O1O1O000000001N101O0000O1000O1O100O001O000O2O0OfWiW1
20130110085614Th_5,Zjnm02ln10RRN4im1:jQNJQn1;iQNJSn1U1J7H8J5L4M3M2N2MVOhRNRORm1MZSNJJ8jl1LaSNCMa0`l1JgSNAMd0\l1IjSN@Mg0Yl1GfTN8[k1FgTN:Zk1DhTN<Wk1CnTN;oj1DTUN;lj1DVUN:jj1FWUN:ij1EYUN:gj1E[UN:dj1F]UN:bj1F_UN9bj1F_UN:`j1FbUN9]j1GeUN9Yj1GiUN>Qj1@QVNa0ni1]OUVNa0fl100010O0000O1000000000000O10O10O01O100O1O001O10O10O0100O00100O1@ePN9co1N1O00011N000010O0000001O00000O2O00O010O1N1O20N20O0100O010000O10001O000000O10000O0000001N2N1O10O101O10O000O2N2O001O10000001O0O1O1O100O100O1000O01O10O01O001O010O1O101N1O1NaTch2
20130110085614Th_6,VhnV14mo10O100O10O01O01O01O00010O000010O10O0010O0000O01001N10010O000001O0001O01O01O01O01O01O010O010O00001OO10O101OO10000O10O10O100000O10000O10000000000001O00000000000000000000010O000010O000100O010O01O1N3N1OVWib2
20130110085614Th_7,[PQc13ko12O10O001000O010O001O001O10O01O10O10000000O10001N1N2O1O2N001O10O01O00000O01O10000N3M1010O1O001N110O0O2O100FATQN>mn1EoPN;Ro191O1O2M2O1O2O\NAgSN>Ql1CaRN2\1<Sl1MkSN2Vl10aRN@R1`0_l15]SNMdl14USN0ml11PSN0Qm11kRN1`m1GXRN<lm1c09L4M8H4M2N3L4I;AcRmW2
20130110085614Th_8,RRYW11mo13O1O0000001O00001O100O001O0000010O01O100O1O01O01O10O00010O00010O001O001O000010O10O1O2O0O1O1O01O10O01O10O1O01O00001N1000001O01O000001O0010O01O01O01000O1O10O010O00001OO100000000010O002O0O1O00010O00001O01O01O0000O10000O100001N100O101O1NmlZa2
20130110085614Th_9,bZS`16go14M3N1N2O01N1O2M2O2O1O00010O010O1O01O001O0010O1O001000O010O1O1O1O10O10O10O10O10O1O10O10O100O10000O100010O00010O000010O010O010000O101N10O100000000O100O01O10O00002O0O1O10O010O0100O1NbeVZ2
20130110085614Th_10,b\]d22mo12N2O2N1O1N3N1O1N2O1N3N1O2O1N2O1O1O1PQNYOcn1S1008G3M2OO010O10O100O2N103L2O0O00101N2O0O1O2N3M5KQbjX1
20130110085614Th_11,Vd_i25io12N2O001O001O001N1@GXQN<fn1`0M2K6M3M3O1O02N1N4M4M2N1N100010N10001O2O0O10O10O02O3M1OO0100O6J2N2O3L2N103L2N000O2N1N2Mo[RS1
20130206063154Uh_1,^ajP13mo1001O001O1O002N7I2N2O0O2N01O1O1O001O01O01N1000000001N11O01O1O2O1O03M2O0O1000O001O01O001000001O1N1O010OO101O0000O11bPNBWo1c02N100GdPNL]o11gPNONMSo11QQN:Zo101OO2O01000000000002N2N1N10O0001O00001O01O00010O01O010O10O01110O0O0O2O000O1000O2N\[ch2
20130206063154Uh_2,ca`n14ko12O1O1O2N2N3M4M0O1O1O10O0000001O00000010O01O01O10O01O01O000010O0001O01O0000001O00001O10O010O010O101N1O1O001O1O001O010O1O10O10001O1O1N5L0000001O0SQN[O^n1f0^QN]Ocn1o02OO010aQNQOlm1P1oQNZOjm1i0PRN^Onm1]10N06VRNmM7Mbl1R3N1N11O001O3L5K2N3cMiRNk1Zm1PNjRNONe1Rn1N2M2O2N4dNeQNk0jn1SORQNe0Vo1N3M2O001O1O10N2O1N5K=D8G4M1gQN_NPn1j10O3N3L1O100000006I2O0lN]QNh0cn1TOdQNi0mn1N0O1O7I2N1N10000O_QNJROLom1;lRN4M@Xl1<gSN8MA[l16eSN>@Lil1GdSN_1\l1bN`SNb1`l1]N]SNi1`l1WN[SNR2al1oM[SNT2dl1e000O01O010O1aNYSNiN06il1a0ZSNmN53N=cl1`0oSNoNJ7Xl1g0lTNUOVk1g0PUNUOQk1f0W2N3N1O2L3N3N102MoVWg1
20130206063154Uh_3,acTa12mo13N100O1O010O0010O00000000O10O10O1000O010O010O01O001O01O01O001N100000000O1001N10000000000001O0O10O1O2N3M^]a[2
20130206063154Uh_4,gelV13ho18L3N2N100000O101N100O1O10O010O0010O001O1O0010O01O01000O010O10O100O010O00100O01O010O00001O00000000000001O00010O01O010O1O1O1O010O1O0100000O10001O2MSY_d2
20130206063154Uh_5,ne`g22no11O1O2O100N010O1O010O1O10O100O10O0010O01O00010O1O100O01O10O1O010O1O0O2O2N2M6K2N2N2O1O1O2O1O00QOUQNf0[o1I1N100O1000000011N1N112MO010010O4L1O01O13M0O1000O2OO01N2O005K0O2O01O00O01O101O00O0000001N4N4MO2M0O0101N2N100O7K01NO01O01NiTeQ1
20130206063154Uh_6,fhnn0?_o15M1O1O2O00ZOjPNa0\o1O0111NO10N2O1O1O4L001000O2M3M2O0O3M2OO01O000O2O001N101O10O01O01O100O100000O10000O010O0100O1O010O1000001O0O00010O001O100N10001M2O2N1O2O1O2M101O001O01UOQQNd0nn1ZOVQNe0Ro10010O00O101O0001^OkPN8To1FPQN8Qo1FQQN9\o100O000100O1O01O0O0100000O10000O2O1N2O0OhTmi2
20130206063154Uh_7,P^Yb22go18N2O000000000O10000N2N2O1O1O100O10O100N101M3N101O10O010O001O00010O01O00O2O0O2O1O0O2N0K4102O001O01N0N3OOM4O2001N10O000J7O001KmN]QNT1an16O1M3B=0NOEWRNgNim1V1a001M3N2O1O100O000001000H7001001O001N2O001O1N100O1O1O10001O001O100O2N101N2DcPN2SfPW1
20130206063154Uh_8,`^_T16jo12N2N1N10000O010O001O0O100001N101N1O2O01O10O10O1000O01000O10O10O10000O10000000O100010O000000O10000O101N1000O1000O11O00000O2O000O10O10O10O10O0010O0010O0001O0O11O1O1M_bZf2
20130208063134Lh_1,a`lc12mo12O0O101O00000000001O000O2O000O100O1O1O1O100000000000000010O000101N10O010O00010O0001O1O010O10O1O0O1O2O001N11O01O01O010O101O1N3N3M1O1N10000O10O1000O10000000O2O1N100O2O0O100O10001O10000O10O000001N10000O100O2O000O10O10O10O10O0010O0100O1001N10N2O0010O00010O2[PNG_o1>O001O002N1O2O001N3N10O10N100O1O100O1OZORQN;nn1BZQN9en1F^QN:an1DbQN;Ro100000O0100O100O10O01001N2O3L2O0O100O2O1O1O3M2N1O1O1O01O3M1O1O0O1001007H1OO010O10000O1000000O100O1O100O00010O000100O001O1O0N3M3O1O0O2O10O01O01000O10O010O0010O01O01O01O0001O01O01O01O01O010O1O010O0010O010O0001O0O110O0010O1O10000O01O10O0100O2O`YUk1
20130208063134Lh_2,`bRf21oo10O2O0O2N1N200001O0000001O0000001O00O10001N10002N3N1N6K0O100O1O10O00001O0000001O001O00010O0001O00001O1O010O1O010O0000001O0O11O001O001O010O1O010O2O001N1001N2PQNHUn18iQNMTn13kQN0Vn1NfQN>Rn1j0O2M4K10N2O1O1O010O5iNmQN7Un1EoQN:Pn1EVRN8im1E[RN;H_OYm13QSN`0BA\m1LTSNV1ll1hNWSNX1il1fNXSN[1fm11O01fNbQNQ1^n1lNfQNS1cn110010\QNQOUn1_1N2OO0O0010O010O2O11N1O0010O2N0000O11oQNZNdm1R201N10O2N3M2N1O1O6JUTN_NYi1_1eVNeNZi1[1dVNgN]i1W1bVNlNmMHTk1Z1nVN]OSi1b0kVN@Yi1<dVNH\i16bVNM^i13_VNObi11nUNiNlNX1Wk10jUNlNjNV1`k1N`UN`0ej1@TUNc0mj1^OkTNg0Vk1^OaTNe0`k1^OWTNh0ik1g12000106JO_NTTNnNkk1m0YTNROhk1k0ZTNUOgk1a0bTN_Odk12eTNNbk1FfTN8]k1AgTN>dk1UO_TNj0bk1SObTNl0Zm10O1O001O2NkN[QNo0ln1O109F3M4L10O0010O01O11N1000O00000012N01OO1O1O1OO0100O100O1O2O0O1O1O1O2MSRol0
20130208063134Lh_3,chRo03lo12N10001N100010O00001O00010O00010O0001O10O0100O10O1000O010O100O010O1O0100O10O10O01O01000O2O1N4M2N6J1O1N2O0O1O110QQNUOin1W1OK6I2N8G4K5IbUml2
20130208063134Lh_4,RiR^39fo13M3M4M2N2O1N4M2nPNUOjn1U1M02N0O5J3O010O11N6J5J23OM0O0O1017I10O2MkN\QNn0Po1K3M1O1O001O00000O5L1O000000O10O101O0O00001O01O00001O01O0000000O1O100O2N2N4KgSe=
20130208063134Lh_5,aPQP24jo14N1N2O2N2O5J1O101O0O1O10O010O1O1N2O1N2O1O0O2O1O2N1N101M4M3N00mnnm1
20130208063134Lh_6,eZaP31mo16K2N2N1O1O100O1O001O0O1O010O100000000O001O010001O010O1O001O0O01O101O01O100O010O1N101O10O1O0O2O2N100O2O0O1O1N3N001OO1H8O1001N100O02N1001O1N101O2N1O1N101O1O00100O10ESQNBmn1=<O00001O000100O0001O000O1O101O001O01000O01000O10O01O10O01O10O010O010O01O1O001000O0O2N2O01N20000O100000001O00001O010O1O2M`h^f0
20130208063134Lh_7,U^id12no10O1000000O1000000O10000O10000O10000O100O100O1O100O1O100000000O11O0001O0000000000000000000000000000O10001O000000000O101O000000000000000000000000O10000O100O010O100O10000O10000O1000O010000O10O01O100O100O10O01000O010O0M4N20O0101N10O10O10O100O010O10O10O1000O010OO101N101O000O101O001N1O2O0O1N100000001N2O01O1O00N2[MVOUVNl0ki1WORVNh0oi1YOPVNg0Qj1ZOmUNe0Uj1\OiUNd0Xj1]OfUNa0]j1_ObUN>bj1C\UN<gj1EUUN;mj1GPUN8Sk1JSTNMUO:jl1KaSNU1bl1lNZSNS1jl1nNoRNT1Um1i03M3L4L5L5K4L4L4M3@dQNWO_n1d0fQNXO_n17Pglo1
20130208063134Lh_8,`[mR13ko13N1O2N1O10000O100O010O0010O010O000010O1N1L5K5N11O1O00100O10O010001N2O001O1AfPN6eo1M2Mnd`j2
20130208063134Lh_9,U^[T32lo13L4N1O1O100O100O100O10O1O0001N2O0O2K5K4C>OO1O2OO1O1L4OHaQNQO`n1n0:O001N2O0O2M3N1L4O0002M3N1O2N2L4O2OO01O1N0N20N11O2O10O1O101N1O01L4OI^QNROcn1m09N1M4N2K5N2N2O2N1O1N3N1O1O2N3NUedf0
20130208063134Lh_10,aaok07ho12N2M2GDkPN`0Ro1:M4M2N7I1O00O0O2O1O001O0O01O1O0N2O1O010O1O3O1O0O2IJjQNPOUn1n0PRNPOom1o0TRNPOkm1P1VRNPOjm1o0XRNPOfm1P1\RNPOcm1n0aRNPO_m1o0h011N11OHVQN[Ojn1d0900O1N2O2O1O0O2N00100000001O001O1O2N2N1O1N3Ml`no2
20130208063134Lh_11,]cmW24io13N3O0O2O000O2N1O1000000001O00001O00001O1O1O10O0001O00O100000000000000000O10000000O10000O2O0O101N1001O010O0010O01O000010O00001O010O11O0O10O10O10O100O010O00O2O0000001O00000000000001O0O10001N100O2O000O100O01O00100O2N10000O1000000O2O0O100O010O10O0010O0100O010O10O100O10000O100000000O100000000000O10000O1O100001O000O10001O001O1O0010O01O1Na\b]1
20130213063454Uh_1,Q^b^16jo13M2M3N4L3L2N2O000001O100O1O1001O1N1000O1001N4M7I0000O10O0001O0O101O001O1O2N2M2O001O1O1O001O010O00101N100000O01N2N2N2N2O2M4Le`_]2
20130213063454Uh_2,eZ_T24ko11O2N100O10000O10000O10O10O1O10O01O10O01O010O0010O0001000O010O01O10O01000O01O100O001O0O1O2N10000010O01O001O0O2N101N1N3N1O2O01O0010O0001N2O00100O1O001O1O2N1O1O2N100O100O1O2N1O1O2N101N1O101N3Lof`e1
20130310063154Uh_1,TXPQ23mo10N2I8N2N3M6J2N1WQNWO[n1j0cQNXO\n1j0aQNXO]n1k0_QNWOan1U1O1O1O1N100000N2M3N3L3N2CXQN@kn1=YQN_Ojn1?<O101N1O100O100O101O0O2O1O00010O0000000O2M3MThmk1
20130310063154Uh_2,d`ZU12io18I6oPNGVn1;hQN0cm1_OVRNd046^m1YOYRNd077]m13\RN3bm1c0_RNhN_m19aRNK;ITm1:eRNI;Lnl1:jRNG`0Hfl1a0mRNCUn1;h0O2O000N1O2O1001O001O0001M2O1O101N110O01N2O01000O010000O1000000O01000OO1O2000O0100000O10O10O1000O10000O101N100O10001OO2O2N2M101O0010O01O11OO0100O100000000O1O100O1O100O1002N1OdPNFQo1;jPNHWo1a0O0001O00001O1O1N2O1O0O2O0010O01O01O100TSNERj1<kUNGUj1:gUNGZj1=`UNEaj1<\UNEdj1=RTN]O66ik1^1TTNfNlk1Y1lSNPOSl1Q1]SNYN5l0Yl1T1eSNQOYl1n0dSNXOYl1i0cSNZO9eNgk1_3VTNfLjk1Z3QTNjLok1c31gNUTNZN]l1R1iSNjNZl1R1PTNcNWl1R1RTNfNVl1V1mSNfN]l15dRN:ln1BX_ia2
20130310063154Uh_3,abfe01no11N3M4EJfPN<To1:M3N3L4_OROjQNR1Tn1>O0101N11O3N0OPOiQN7Un1GoQN8Qn1FQRN:om1CTRN<mm1AURN`0mm1ZOWRNe0bn10100O00YQNVOXn1l0dQNXO[n1k0_QN@Xn1Y1K100O1O10@oQNoNPn1P1TRNoNkm1P1WRNQOgm1n0[RNSOcm1l0^RNTObm1j0`RNVO`m1i0bRNVO_m1g0cRNYO]m1f0dRNYO]m1d0fRN[O\m16RSNIol15SSNKml14TSNLkl14VSNKkl15USNKkl15USNKkl14VSNLjl14VSNLkl13VSNLjl13WSNMjl12VSNNjl11WSNNjl10XSN0il1NXSN1]n1Na[cV3
20130310063154Uh_4,jffm23lo12O1O2N6J2N1O1O1O001O101O3M1mPNXOln1o00022L0O1O1O4N5K0O0014K1O2M6K1N3N5J10112L14KO1N101O0O2O2N1N3N3M10N1000O010O00100O1O010O010000O0001O000001O01O00100O1O00001O01O0000001O01O01O01O01100O0001N8I2NO3J[UYl0
20130310063154Uh_5,\ll[35ko10O100O100000000O100000001O000O2O1O00100O00000O1000O2O001O1O1O1O001O000O2O1NaSea0
20130310063154Uh_6,PQWZ11no1100F0bPN1]o1901O000O01O1O11O10O01O1O10001O0O10O10O00001O1O0010O1O0O2O0O100O10000O2N1O10O2L31O2N3M3M2NZPgb2
20130310063154Uh_7,fS]S13lo11O2O0O10000000O10000O010000O1O10O01000O1000O1000O0100O100O10O02N1O1O1O2M2O1O101O01O5M0N01O010N1000O010O1M3N3N3M2Melnh2
20130310063154Uh_8,T\kn03ko13M2O1O100O2N100N3K4O1O2O0G\OTQNf0kn1800000000000000000HVQNZOjn1d0;O000O2O000O1000O0100O01N010001N2O101OO010000O10000O101OO2O000O100O1O1O00000100O100O2M11000O01N3O0O1010O3N1M100O2N100O10O10L4N10O2O10O4M2OO00010N2O01Oldjj2
20130310063154Uh_9,j[Ud13mo11N2O000O100000O010001N10001O2M4M1O10O0001O01O01O001O1O100O1O1O1O1O2N1O1O2O3L1O001O2O1NlN[QNm0nn1OO01O2O1N1001OO1000001O1N10O010000001O00O10O100O10\OnPN9Qo1ESQN9nn1FSQN9\o1O0O100O1O1000O1O2OO00001O010O1O10O0010O0000001O000001O0000000000000O101O000O10000O100O100O100001O00010OO10000000000000O10000000O10000O1O1N2N2N2O101N1001O00001O000O010000O2N1O1O10O1O1O001O1O100O10O0100O0100DAUQN`0kn1:0N2K5O101O001O000N1OM30N110M5M4N3L4M4LQd`o1
20130315063154Uh_1,TYXj1;bo19J0O101N2O001O00001O01O01O0000O010000O1O1O1000010O01O10O04M1O01nPN[Ofn1f0VQN\Ojn1m010O010O01000O10O2O000O10000O00100O1O1010O1O1N8WQNkNXn1_1O0100O00001O0001O00001O1OdNfQNS1Zn1jNjQNU1Vn1iNlQNW1^n11001O1O0O01O010O1O1O1O1N2O001N101O000001OO10000O01O1O2O001N110O1O010O01O010O1O10O00010O00010O0000000O1001O02N3N1O0O001O1O00100O00010O01O0010O10O2O00000O2O0O010O100O1O2O9F2N2O2M100WRNZNXm1e1dRNcNLFUm1g1kRNoNUm1n11N1O00001N1O1N3M3N2N2O1N2O2M3M2M3N2N2O1O1N101O100O00100O11O5K0000O01O100000001N1O101N3URNSN\m1P2`RNSN_m1W201O01O001O1O6J2N1M4L4M6J6J3N1O1N2O001O10O01O11OO1N10001N111N1O100O10gQNZOWm1f0gRN\OYm1d0fRN^OYm1a0gRNBVm1?iRNGRm18nRNIQm18mRNJRm16nRNJSm17kRNIVm1<cRNF\m1<aRNE_m1>\RNEdm1]1M3N5K1N2O1O1O00010O0100O1O1O001N2O000O200O2N4N01NO1O1O100O1O0010O01O1000O100O101jRNjM_l1X2VSNQNjl1c2O10XMSSN]2ll1`MXSN_2l0_MUk1^2iTNdMXk1\2dTNgM]k1X2`TNkMbk1T2iSNhM46Wl1R32N2N2O0O1N2O001O0O2O001N10100O1O1O0SNRSNh0nl1VOVSNh0kl1WOVSNh0jl1XOYSNd0hl1[O]SN?fl1A[SN9il1GXSN6kl1POhRN`0=JBC0:fm16jRNG0LWm1<kRNCQn1;l0J5N4M2Nh^_`1
20130315063154Uh_2,T_hl24jo13M3M2O2O2N1N101O1O0000000000001O01O010O000100O0010O01O01O01O01O00001O001O1O0010O00010O001O001O100O10O01O2O0O1O1O2N1O1O2N2N10000000O0101O8H1O00O1O001O1O1O1O0O20O00010O10O02O1N5L000O10000008I01N01O0O101N100O10O010001N100001O102O3L0O01O1O3L20O2N001YQNnN]n1[110gQNeNjm1k1OO1O0O1O1O1O1O1O1aNiQNT1Xn1hNlQNV1cn1L200lNWQNo0Qo1L3N1N2N1O3M2N1N4L3N1NQ\ii0
20130315063154Uh_3,gdl`03ko13M2O0O2M3N3N100O2O0001O0000000001O0000001N1000O1O1O100N2O100O100O10000O02O00O01N2N1O200O01001O0O10000O100N2N2O1O1000000001O0O1N20O10O10O2N10000000001O01O02N2O4K1O1O0000O1N2L5M2O2N101O1N101O000O2O0O001O1N1N3N2N2O1O2MU\YX3
20130315063154Uh_4,ljfl13mo1100O10001O0O101N10O01000000000O01000000O10O1O010O010O00001O01O0001O01O00001O001O00001O0O2O0000000000O1O1O010O10O10O10O01O01O001O00001N101N2J5O2J5VOARRN`0om1h0O1000O1N2O011M2O2M3N00O11O1O0I602O100000OG:L5M2O1O2N2N101N2O1O101O0O1O1O1NYWWl1
20130315063154Uh_5,Q]oT33ko14M3M3M2N102lPND`n1o0N2O1N3N1N3M4M4K3M3L5G:K2N3N1O1OROQSNlNPm1P1TSNPOll1DYSN>LNim1N^RNMhm1K[RN4gm1H[RN7gn1O2O1MVaPi0
20130328063154Uh_1,UY\^23lo12O1N1O2N1N2M3N2O1O1O1O0O1O1O1O2O0010O01N2N101N100010O1O1O1O1O2N1O2O1N101O1N2M3N2O0O2O1O1N4N1N00101N0101N1O10O001OXgo]1
20130328063154Uh_2,Q\jn04ko12N2N101N1O101N1O101N2O1O1O0O2O000O101O00001O1O001O00000O2O000O10O10O010N10000100O01000O010000O1O1O001O1O100O2N1000000O10000O100000O1O1000O01000001O01O000000010O000010O0000000000000O100O1O1O10000O10001O000O10001N10001O1O000O2N2N101O1N2O1O1O001O001O00001O0001O00001O1O1O1000O2O0O11N1O100O2N2N100O10000O10O001O000N3M2O1O2O001N2N2O0O2N1O2Njccf2
20130328063154Uh_3,`eTe04jo19G7J4L4L4L3M2N2M3M3L4N2N2N2M3M2O2N1N1O2O00ZO`RNlNam1R1g0M3O1O1O10000O0M30O1N202N01N2O10O2O00O2M2O2N1001O00000001O01O0O1O2N1O2O00001O01J6N101O1O0010N101O000O10001O010O0O2O00M4L3O101O0O00O11O002O001O000O01O1001O001O1O100O010O10O1O00100O010000O100001O0O101O0O101N100O100O01N1O10O1N10101000O0101O0O10000O001O1N2O00100O01N1O1O2O00000O2O001N110O1O100O00100O1O100O2O000O1000000000000000000000O0100O01O10O10O100O1O2O00001O00001O100O001O000001O1O10O01O01O01O01O1O01O01O01O000010O01O1O1O10O01O001O1O100O00010O010000O0010O01O100O1O10000O100000O100O1O010O1O2O1N2O1O00O100000O10O010O1O0100O02O1O000O1O010O0001O00100O1O01000000O000100O010001O1O00N2O1O1O1O1O100O1O100O1O010101o\]f2
20130328063154Uh_4,RZWe15nn1OiQN6Sn12^QNFL;dn13[QN6bn1f0WOjNdRNY1Zm1lN`RNW1_m1lNZRNY1em1a001O000001O001O1gN]RN3dm1JcRN1]m1NfRN@GMdm1c0hRNXOL2]m1d0Z102M2N2M4J5N2O1O2N2NagjX2
20130521063134Lh_1,mel\23lo1101N100O1N2N2O10O1O10O10O1000O10001O000O10000O100O010O1O100O100O100O1O001O1O01O100O10000O1IePNG]o17610O1O2N1O2NiZg_1
20130521063134Lh_2,ijfg21no12O1N2O001N101O1N2O1O2M3N00O0N3N0101N20O0101O01O2O1O000O100O1000000O1000000000O1O2O4K1O100O1O010O1O2O1N5L00O1O0VOSQNa0mn1]O[QN=Vo1N1NYTaT1
20130521063134Lh_3,fj`k24<MRo15lPNLTo14lPNLSo15lPNMRo15mPNKRo16mPNLRo16jPNLUo1`00001O00001O001002N3L2O000O2O0O3M2O0001O0O0gPNEnn1<mPNHSo1c0URN[OZl1e0dSN^O[l1a0TSN[OD5Xm1`0QSN^OE3[m1>oRNBB3`m1:lRN7Wm1IfRN8`m1MSRN5om1l02O1N2O1O1N2O0N2M4M2N3N2M2N3M3M3N3M2N1O101N10000O10001O001O1DdPN2]o1KgPN3co101O0OXSmo0
20130521063134Lh_4,eYa]22mo12O1O1O001O001O000000000O1000000O01000O01O10O010O10O01O010O10O010O01O1O010O10O1O10O010000O10000000000000000000O2O000000000000001O00000O1000O100O100O01000O1000O1000O10000O2O0O100O100O2O0Omfb\1
20130521063134Lh_5,ZZSm26ho14M2N3M1O2M2N3M2N3K4L4O2NA`QN@_n1?eQN^O[n1b0b0O001O0O1J6O00101O1O002O0O101OO01O10O0010OjfbP1
20130521063134Lh_6,dYef15jo12M3L3O3N010O01O1O00001O000001O000O2O00000O1000O100O100O100O10O01O10O0010O010O100O001O1O2Jjf^V2
20130521063134Lh_7,l^kV14ko12O2M3N1O1O2N5L2N1N1000O101N101O00002N1O0O0010O010O01O00001O00001O1O1O01O01O02N1O00010O0000100N2O000O100O1O1O2N1O100O1O2N1O101O02UOSQN?Yo1N0010O00010O000000O10000O10O2O00010O00101N2N1N2O0000O101N100O2N100O1O1000O01000O1N2O1O1000001O000000001O01O00O0100O1O01000O100000001N2O1O001O1O0O2O001N10001N10001N10000O2N10P`b_2
20130526063134Lh_1,haTb04do1:L7H5M1O2O2M2O1N3M4M3MiN_QNP1an1mNcQNR1fn1O1O1O4L2O0O1O0200O0O1O2O0O2M3N<D001O01O2N1N4M2N0O2O001O1O1N20O01O001O2N1O100O00010O01O2N2N1002M2O1N10O2N8I0O001003L2OO1O10O100O1O2OO00010O1O1O100OQOUQNi0So1OO10O01O10O000100O2N1O10O0000001O00010O0001O000100O10O100O1O2O1N1O10O0000000O100O2O0O10000O20O01O10O0010O00100O3M2O0O2N1O10O00010ON3O000O20O01O000010N100000000000001O000100000O1O011N2N1O001O0000O10O10O10O1O1O101O00002RQNUOcn1U1N10000O10000000O10000000000000O10O100000O01000O10000000000O1000000000O1N2O1O1N101O1K5N2O10O10O10O1000I7N2O10000O11O00001O0000O101O00000000O0101O0O100O1O10000O2O00001O01O01O01O1O01O0001O000001O00000001O00001O001O0O2O2N2M2O1O0O2O001N10001O1O0100O10O1001N100O100O100O001O00001O0000000000010O0001O01O01O00001O1O00O100O10000O100O2N1O1O2O0O10000O100O10000O10000O10O10O10O01O1N2O0O200O2O1NQ[ae2
20130526063134Lh_2,_dla143Nco19N100000000000001O00010O1O010O000001O00000000001O0001O00001O001O0000000000000001O001O00001O0O010000O0100O010O00100N10100O010O010O01000O10O10O100O0010000O1000O100010O0002OO0000000000O1000O101M2Ng[oW2
20130526063134Lh_3,jibW11no13N1N10000O10000O101O00001N101O1O1O1O001O1O10O010O100O4M1N010O001O1O01O01O000010O0001O00000001O00000000000000O10000000O1000O1000O10000000O010000000000O1000001O00001O1O2N2N10O00100O10O010O010O10O101O000O100O001O1O1LaUea2
20130526063134Lh_4,aj^Q21mo14ZPN1Uo1`0M3M7RRNSO^l1T1WSNQOhl1Q1iRNjNI8i0Hbk1X1aSNDh0XOhk1V2STNnMnk1U2jSNPNUl1R32LO051KM2O2N;E3fMoRN]1Um1]NSSN]1ol1_NVSN]1ml1`NcSN0QOe0^m1ZOdSNLSO7km1K^SN0bPSm1
20130526063134Lh_5,ePQR12lo14L2O2N1N2N2O1O1N1M3001O000000O2M200010O010O00O1000J6O00100O1OEETQN:mn1IoPN8Qo1;10O10O01O010O01O10O01O1O0M3O10O01M2O1001000001O00010O00100N1N3O1O01001O00001N10000O01000O100O2O0O1000O100O10001N101N2O000O2O0O1O010O10O0100O10O10O101O004L2M10001O00000O1000O01O10O01O10O0100O00100O010O10OO2N2OURYe2
20130526063134Lh_6,iW_i11mo13M3M101O1O1O0IHfPN9Zo16000010O1O001O1O001O00000001HkPNDUo1;9O001N1O20O010O010O0100O10000O2N\inS2
20130526063134Lh_7,gWQS17go13N1O2dPNE51[n1=[QNG6O4Ljm1k0lQN_O6Imm1f1N3M9H5J2N1hRNbMml1a2oRNcMol1g2O2O0O2N2OQOUSNkNhl1P1`SNRO\l1l0hSNSOWl1l0kSNTOTl1i0PTNVOPl1h0RTN`N\O`0al1o0UTN^N^Oa0\l1Q1aTNoN_k1CdSNo0P1\O\k1ChSNo0n0]OYk1BkSNQ1n0[Ogk1d0[TN[Ofk1d0[TN\Ock1e0]TN\Obk1d0_TN\O`k1c0aTN^O]k1N\SNNX14Zk1MfSNHQ1<Xk1KkSNEn0b0Tk1IdUN6\j1GhUN9Wj1EmUN9Sj1EQVN9ll10O010O2N100O1100OO1O011N3M1O10O3M2O00000O1O0O2O001O1O1N10001N1001O000010O011O0O01O01O01N10000O100001N101O01O01O01O1O1O001O0O01000O01000O100000001O00001O0O101O0O10000O101N1O101N101N2O00[OPQN:Po1DTQN:Yo11O01O1O1O001N10001N1000O10O100000O01000O100O100O1O10O10O1N2M2O1010O010O1O1O100O1O100O001O10O10O10O010O01O010O010OO1O0000101O01O001N10000000100O10000O10000000O0100000000000000O2O0O2Maej^2
20130526063134Lh_8,Y_YP35^o1OiPN3Vo10fPN2Zo1:O10000O10O02O0O101O010O000001N10000O101O000O2O0O10000O100000O01L4N1100O01000O00001O0O1I8L4O00100000000002N2N5L3L2N1O0O2O0O101N1O1O2NZaZk0
20130526063134Lh_9,g_mh23mo11O1O001N101O002fPNJfn18WQNJin17TQNJln18PQNJPo1c0001O001O1O001O010O00100O101N4L2O00O1O10O0000000O100O1O1O2N1O3L3M3Nc_VT1
20130530133654Bh_1,RZTb14jo14M2N110O0100O1000O0010O000000O01000O1001O01N10000O1O10000O01O10000O1000O101O01O01OO2OO10000O10000O2O00001O00100O0001OO10O10N20000001O2N100O1O00010O0010O10000O1O10O010O0O1010O00001O00010O00000000O2O00001N10000000001O000001O00001O1O10O000010O00000001O0O11O000000000O10O1000001O1O1O00100O001O001N3NXeaT2
20130530133654Bh_2,m]V`15jo13M2M3N2N2M3M4L9G4L3K6M3M5J5K3M4N1O1O01N2J6M4N1O1N20OO2O001N2O1O010O00010O0100000O100O1O100O1O2O0O010O00010O01O1O010O1O1O101N2O01O0O2O1O000001O12M2N100O01O0000O2N100000000O1O2N0O2O000O2N101O0O101O002N2N00001OO2O000O3N1O1N2N1O10001N1O101O0001O0O101O000000010O2N01O100O002O0O2N5L0O0O101O0O2N3N1O01OO01000O2O01O0101O1N1O101N6I3N1OO0101N10001O2O0001N2N000O2O0001N10011N001O1O100O010O1O01O0001O000010O001N102N1O1O1O1O1O1O1O010O000010O00001O001O01O0000O01M3N1001000O01000O0100001O001O1O100O1N2O001O001N101O1O0O2O0O101O0O101O1N200O0011N2N6KO01O000O100010O000010O0001O0O2O1O2M4M3M2OO01O010010O1N0001O0000001N10013L2N01O2OO01O2M3N1O0104K5K2OO1O10O01N101O0001O1O1O1O010O000100:F10O000O1O01N0100001OO2O000NIePNK]o13901O2M3OO00010O2bPN0gn12XQNOKLan17bQNMMMbn17\QNO1Lbn1d0^QN_Oan1?^QNDan1<^QNEbn1:^QNGbn1:ZQNIjn1d05L3M1OO1O100O1O1N2O2N2M6K1N10000001N100000001O01OO1000O100000N2N201N10000O1O100O2O000O2N1N3O2N2M20O01O010O00100O2O001N1001N2O4L00O2O5J2N5J4L`[_d1
20130530133654Bh_3,RdVQ37io11O001O0000000001O000000O1000001O0O101O100O10O00100O0010O010O2N100O1O01O010O100O10O01O100O110OO1O100O1O0O11N2O8FU[Wk0
20130530133654Bh_4,Sed`26io13N1O1N1O1O1N1O101O01000O010EDPQN>on1:O01000O10001N100O2N101M201N2O@]QNDcn19aQNE`n19bQNF^n1:cQNE^n1:bQNF^n19eQNE\n1:fQNC[n1=d001O0O2O0O101O0O101O010O00010O10O0100O00001O000001O000O1001O0O2M_[mZ1
20130530133654Bh_5,fdTR15ao1=K6L3N4M10O0N2O1O1O1N:G1N10010O010O01O00001O001OO10000O01O100N102dPNASo1h0M1010O010O2N01O010O1O001O0000O010000O1O100000[OUQN4ln1J\QN0en1N^QN0dn1L^QN3Xo110O0002M2O001O1O001O1O10O1000O1O010O02O1O00O00100O2N1O2O03M1O0O2N1O1O1N3M3MfXeg2
20130530133654Bh_6,[jlY15jo14M3M1O1O1N101O2Na0_O1O1O1O01O02ORO]QNb0_n1[OeQNh0Xn1SOlQNn0bn12N2O0O2M2O1O10O000O1O1N2N2O3N2M3N2M1O101O0O10O2O00010001001M3N0O2N101VQNTO\n1n0_QNXO^n1W1O1N0001iNfQNg0Yn1WOlQNf0Un1VOPRNi0fn1O0O0001O02O1N1000010O0O0O00001O00O01000N2O1O2N1000000001O1O2M2O2N00010O0001N2O2N1O2N10O001O0N3N101O0O2O10O00010O001000O00001M2N2O101O0O110O0001O1O1O100O000001N10001N11O01O01O10O01O100O00000000O10010O1O00100O0010O100O2O0O2N2O1N3M2O0O2N1O1O1O001O01O0O101O01O00010O000100O1O010O000100O1O1O2O0O1O1O1O1O01O0O2\OXQNMjn10d0O3LgQ_X2
20130530133654Bh_7,doTi26io13O0O1O1O010O000O01O1O00010O10O1O0O2N2N2M2O1O1O2O0O10O10010O1O001O01O001O1O010O1O1N1O10000001O1O2N1O101N2O1N1O1O2N001000O00100001O0O100000000000O1000O010O10O0100O0100O0100O010O10O010O10O02M200O100O1N2O1000001O0O101O0O10O001O1N2O1O001O1O0O2O00001N10000O2N101N101O1N101N`R]n0
20130530133654Bh_8,TYoh2<co13M2O1N100N2N2O002N1O1N3N1N2H9O001eKfNmYN]1oe1gNoYN]1le1gNQZNZ1le1POkYNS1Rf1POkYNS1je1ZNcVNg0_3R1le1YOnYNj0Sf1WOdYNo0]f1TO_YNm0bf1[OTYNe0nf1]NbVN9Y2P1bg1\NaVNh0d1l0ih1VOXUNWOW1d1gi1ETVN<Pj1DlUN<Xj1CeUN8bj1JZUN6hj1NlTN3\k1fNVTNW24fMhk11ZTNS22iMek13\TNk18oM`k11_TNg18TNZl10RSN[1\n1L5J5YOXjXT1
20130530133654Bh_9,aVU\12mo14M101N1^OHYQN:en1LVQN5in1NTQN2ln10PQN3on1?3M3@kPNOWo1MmPN2So1MmPN3`o1010O100O2O1N10000000000O101O00001O1O01O01O01O00000000O2O000001O4L2M2N2N2MQhd`2
20130530133654Bh_10,aWgY35jo12O1O1O1N101O0O100O10N2O010O10O10O10000010O00001O010O1N101O2N1N2O1O100001O2O1O00N1000O10001N2N3M2N2N1N2Mjgnb0
20130530133654Bh_11,mWiR18fo16nPNDWn1a0bQN4mm1Q1O2N2O2N010O02N7mNfQN1Yn1KoQN3nm1LURN5gm1K[RN3em1L]RN3dm1M\RN3cm1M^RN4am1KbRN3^m1MeRN0Zm12iRNJWm16jRNJWm13kRNL[m1LgRN4[m1FiRN:_n1000O0010O01O10O1000000O2O000000O2O1OO10O01O001O0010O01O010O1O010O0010O100O1O100O1O1O01O000O20O00001O10O0O2O1O010O1O100000O10O010O1O01O100O1O01N1O1O2O1O0O2O1O10O01ORd`f2
20130530133654Bh_12,j\Uh18ho12N4K6K8cQNVORm1[1URNUOcm1f1M2jMiM]UN4OV2cj1lMYUNN3U2gj1PNRUNK5R2oj1TNiTNL7n1Sk1XNaTNN9j0AnN\l1[1hSNDjl1_1;K5J6L4L4gNTRN8Zn1ZOURN3ibbV2
20130530133654Bh_13,ZbmY14ko12N2N2O0O1N3N2O2M2M3M3N1O101O00001O001O2N5K3M10O001O2O1N1O00001N1O10O0101N2O1O0O1010O00001O000000O01000O01N3L3O100010N100O10001N2O00001O00O10O1OO2J5O2I6010O00O2M3N101O1N1O2L4O1001O4L2M1O2N100O2N1N20O010000O1N2N2N2O001N200O001O1O0O2O01O1O0O10000001O0100O01000OO1O1O2N110O2O000O2O00O10O10O1O100000O2O0O100O10000O100O1O1O1O10OO2O1O1O101O2M2O1O001N2NW_V[2
20130530133654Bh_14,\eWi11no12O1O0O101N2N1O2O0O2O0010O01000O010O1O00001O0000O10000O101N10001N101N100010O1O1O2N001O000010O01O01O01O000001O000000010O0001O0010O01O000010O00010O0010O01O00001O1N3N0000O0O2M3N2N20000O2O0000O100000000000000000O02O000O11N1O1O1O2N\Zdo1
20130603063154Uh_1,^^RP14ko12N2N101N2N101N101O00100O101O1O1N4M0O100O2O3L3M2O1N1O100O2N20hN\QNQ1kn1N01O010O001O1O1O01O0000OL5K5N2N3M3N2O2N1N3N2M2O2M2Ng`Yl2
20130603063154Uh_2,dcbV23lo13L3N2O000O1000000O010000O01000O10O100000000000O0101O000000O20O0000010O01O01O01O001N101N1O2M`\_f1
20130603063154Uh_3,cclV39eo14K3O1O100O0100O1O100O010O10000O2O00001O00001O1O10O00010O1O2O1N101N1O100O0001O01O000O10000O100O1000000001N10001O00O101O0001O000001O00001O2O0O1O2N2N1O1O001O00000O1010O0001O1O010O00000000O100O101N100O1N101000O01000000010O00001O1O2N2O1N10O1O1O1O1O1O0O101N10O02O0O101O0O10010O0001O1O2N01O0010O01O010O1O00010O000000000O1O1L5M2O2O2N4K3Na[g>
20130603063154Uh_4,gdPZ11no12O002O3L1O2O0O1N101O1O1N2O1O2L4M2O010001O10O1O1O1oPNTOln1X1IO1O1N2O0N2O001N2O1L4L4M3M3O0N3N2N3K`ZUc2
20130603063154Uh_5,oel^23lo12N2O1N2O01O01O010O100O1O100O100O0100O010O001O00001O0000000000000000000000001O0000001O01O00000010O000010O00O2O002N2LcY]]1
20130603063154Uh_6,Z^[P24ko12O1N2O2N2M3M5L6I5L3M2M3N1O1O2M3N1O2NjNeQNh0Zn1VOnQNe0Qn1ZOTRNc0km1\O[RNa0dm1]O`RNa0_m1^OdRNa0\m1]OgRNc0\n10N2O1N100O1O101N6LO1N2N6J2O0O2N11O5KO10002O0OO010O1O010O000000O10O10O1O1O1O0O2K5N2O1O1O1O1O1O101N1Ni_lj1
20130603063154Uh_7,WcWh24ko12N2O0O100O100O011O00000O010001O00O10000O101N1N2N3N1O1O1N2N2O00100O100O10000O10O100O01000O10001O2N1N2O1O2N1O1O1O001O001N101O00010O0000O10000O0101O0O1000O1000O2O000O101O0O2O1NR]XR1
20130606133454Bh_1,`_jf03jo15G9L4\OF\QN>`n1d0K4N2N3OWOPRNAom1<VRNCkm18ZRNHon11O1O1O01O0010O01001O1N2N01N2N2N2N1N2N3L\_UW3
20130606133454Bh_2,ScZg0:ao17K5M3O1N2M5L4L2M6IoNgQNa0Vn1^OnQNb0om1_OSRNa0jm1_OXRNa0gm1_O[RNa0bm1@_RNa0^m1_OdRNd0Wm1\OlRNc0Rm1[ORSNe0ml1XOXSNf0hl1XO[SNh0el1TOcSNg0mm1N4I5L4K6Kf[oV3
20130606133454Bh_3,Pe``24ho15N2O0O01000000O10O10O11O0001O001O001O01O01O01O10O0100O0010O0000000000000010O01O01O010O0100O0100O1000O1O01O01O000001O01O01000O01000O10O100O101O1O1O1O1O1O3N00O2O6H2O0O00001O002N1ObYkY1
20130606133454Bh_4,k]kd03ko14K4M4M1_NHYSN:Zl15XSN^OZO?[m18VSN4gl11mRN9Rm1JiRN9Um1Z1N1O2H7O1J5K50VNbSN6Wl1FkSNeN2c1nk1K_TN2ak1MbTN2^k1MeTN1[k1OhTNMXk12mTNnNQOH2:ok1P1RUNjNDJZk1U1\UNoN`k1P1dTNmN\k1h0WSNWObn1g0;01O11N2M2O2ON2N2K6N1010000O1O10000O1000001O1N10001N10O10000O10O00000010000O101OO10000O1O1N2K500O01N2O0O2O1O0001O01O0000000O1O11O0000000O2O0O1O1J43N2O101N100O10000O100010O00010O1O000001O1N;E^g\S3
20130606133454Bh_5,iYQ]3g06_Oen1Y1\QNhNkm1h1O1O100000TNWRN`1]n1H=C1N1O1O1O2N2M3N1O2M3N3M2N2N001N2O1N[dXa0
20130606133454Bh_6,U\YZ18go12N1000000000O2O000O011O00O10000O100O1O2O0O10000O10000000000001O000001O0001O002N2N1O00001O00000000O100000O10O1000OO2K4O100001O00001N01O02O1O0O20N1O101O01O00100O001O100O010O10O10O0000O2M2O1O1O1L4O01O0O2N2O10O1O1O01K5O1O2O0O1000O11N4JRf\^2
20130606133454Bh_7,__cV11no13M8I2N1O1O1O100O0100O000010O0000O11O00010O001O01O0001O00001O2N1O10O2N1O2N1O000O2O000000O110N1000OO1N3000O10O10O10NN3O1100O02O000N2N2N2O10O10O11DMgPN4Zo190O2O1O0O101OO11O0010O0001O01O00002bPNBVo1d001N01000O01001N100O2N1N2O2N101O1O100O10000010O1N2O0O3M2M1N201O0O100001O01O0O101N0O2N2OO2M2001O1O2N1O101N01000O01O01O0O1001O10O10O01O1O10O0101O0O10000010OO102Ng`d^2
20130606133454Bh_8,i`eo22lo14M4K5oPNBPn1i0nQNYOgm1S1VRNoNhm1S1VRNnNim1T1VRNmNim1S1WRNmNhm1U1VRNlNjm1V1RRNmNmm1c1O2O0NmNZRN1am11cRNOYm12jRNMTm14mRNLQm15oRNMml14TSN1fl10[SN0Vl1QO_SNQ1;OUl12_SNnN<Q1Tl1OZTN1ek1K_TN5`k1JbTN6_k1FfTN9Yk1ERUN2oj1KUUN3lj1KXUN2jj1_O]SN0R2;[m1M8H3Lf]Vn0
20130609133454Bh_1,\_hm23ko13M2L401O1O001O1O1O00001N10O10O1O1O10000001N2O2N001O00001N101O1N2O001O1O1N2Oc`io0
20130609133454Bh_2,i`Xe28go12N100010O0010O0100O10000O1010N3N1N10001O4MO1N10O1O010O001O01O010O1O10000O0100000000O1O010O0010O00100O1O1N3O0O0010O10O10O10O0100O00100O1O2N3N2N2N0000O1O01O011N3M2O000001N0010O01O0O2O00001N101O1O00100O1O100O2N100O1O2O0O00100O001N2O001O001O1Ng\US1
20130609133454Bh_3,ecVX33lo13ZPNL[o1>O001O010O10O01000O010O010O100O1O0010O01O1O00100O1O010O010O00010O0010O010O00010O1O1O100O1O1O1O1O1O001O101O04L1OO0010O01OO101O00001O001O2N001O00010O0001O1O002N1O1O2N2N101N1O1O2N001O001O00000101N2N2O000010O11N100O10O01N2OO100O1O100O1O1O2N001O001O02OO0010O01O0100O011N101O002M4M5J2N00100O1O2O5JTYa>
20130609133454Bh_4,dfXd05jo16K3M8H6K0O2O142JO2SOPQNe0Wo1O0O101O0O100001000001N2N2O0O1O1O20O1006I5K7I44MK00O1O1ROaQN9Yo1KjPN^Omn1j01O1O1N2N5K2N4KaUgX3
20130609133454Bh_5,ZnlQ1;Yo1?E9J6L2N2EiNmQNX1Rn1:0O2O1N1I8L4I7BXQNBln1;5CmPN=]m1CRTNb0Pl1BiSNa0Wl1BfSN?Wl1FeSN3oNC\m1;bSN3VO^OXm1b0_SN2il1OVSN2hl11USN0gl17TSNKjl1e0dRN@Zm1b1O2N200O00O2O01M2001O10001N2O1O2lMdRN[1dm1bNdRNV1`m1fNdRNj0FVO`n1f0o0^O4J_UQk2
20130609133454Bh_6,Wj`^14ko12O100O2O1O1O2N4L01O0O1000010O01O101O0001N1O2O0O10O101N1O001O01O0O2O0O3M2MWTS_2
20130609133454Bh_7,ZP_b08go12O1O1O001O002N1N2O1O1N1O1O1O100O101N100O2O001O1O1001O4L1N000010O00O100000O0100OO2N10O1001000O2O00101N2N2O0O100O001O1O9GVofY3
20130609133454Bh_8,_^eZ1:do13N2N101O2N3M2N1O000000O10001N101O001O00001O00000000O10000O1O010O1N02O010O01001N10001O001O1O001N10001N100000O10000O2O0O1O2N1O2O00000001O000O2N1O010O1O1O1O01000O01O0AFXQN<fn1JTQN8kn1>1O1N2O2M2O0O2N2OO2J5G:N0O1G73M3O001O1O1O1O1ZOgQNFXn19mQNDTn1:i0O10O1000O100O100001O000000O0100O1000000000O101O0000010O00001OO2O0010O01O000001O010O01N1M4O0O100O00000100O100N2O10O0O3M3O010O100000001O01O001N10001N101O001O001N100010N100000O10000O10000000O01O10000O1000000O10O01000O010O1O1O00001O010O0100O10000O01000O0010O010O010O0010O000010O1O001O1O001O10O01000O100000O01O10O1O001N2N101O10000O10O2O000O10001O1N3O1N00010O0000O10O1O001O1O0010O010O010O010O1O010O01OO2L3100O100O1O1000O01000O100O1O10O010O1O010O10O01O10O010O1O002N10001N10000000O100O100O100O001000O010O10O01O1O1O0O20O01O0O20O0O2O1N1O2O10N1000O01O100O010001O1O010O001O010O10O1N1N3N2O1O1N1J7O00O1N2N2N2O10000N2O1O1O02O01M2M4N2N3M4Kiinj1
20130609133454Bh_9,U\[^23lo13N001O00000O1000000O2O00O01O10O01O1N2O1O001O001O1N1O200O010O2O00001O1O1O00001O01N10000O10000O1000000O2O000O1O10000O10000000O01000O01O10O01O001O1N2N2N2O1O2Nbdf\1
20130609133454Bh_10,j^ci03ko13O1N101O0000000O100000001O0001O00001O0O10O10000000001O000O2O000000001OO010O10O1N10100O1001O01O01O100O1O001O00001N010O10O1O00100O0100O01000O010O10O00001O01O010O0001O0100N101O2O0N3NhafP3
20130609133454Bh_11,_`gW22mo12N2N1N2K5O2O01O1O0O2O00010O00000000000001O000O1000000O10000O10001O000001O010O1O1N101O001O00001O000000000000010O00000001O000O2O001O0000000000010O01O10O01O0O101N100O100O10000O101N2N^_bb1
20130627063134Lh_1,_dPR22lo13O0O2N1O1O1O2O0001N10001O000000000000000001O00002M101O00O001O100O1O01000O0100O100O1O1O10000O1000O0000001N2N1O2O010O010O0100O01O001O1O10000O10000O2NX\Yi1
20130627063134Lh_2,Re`R12mo11O2O00000000000000001O000O10000O10O01O1N2O10000000001O01O11O000O010O010O01O1O001O01O01O0O1001O00002N2N00000001O1O10O00010N1010O01O101N10001cPNA[o1`01O0O100O10O100O010O1O1000O01000O1O11O1N2O10O1O1O1O4L10N3N000O10O00001N101O0O101O0O101O0O10001N10001O0001O0001O0001O0001O0000001O0000001O001O00001NSY]d2
20130627063134Lh_3,]e`U32lo13N100N2N2O20O00100O1O101N3N1O0000O1O010O000O101O0O101O00001O010O00010O000010O01O00010O00010O00010O00100O010O1O010O10O10O1O100O1O001O001O1O2O0O1O0100O101O1O2M2O1O1OO2N100O1O1O1N2O1O2M3N1O101O2O0:E2N1O0O101O3M1OO2N101N1O2N2N100O1000O1O0^OiPN<_o1O6FQXmb0
20130627063134Lh_4,_W_P33lo12O2N0O2O10O01O10O10000001O3L010O010O0010O000O1000000O100001O00001O001O001O1O2N4M1M1000O000O1O1O1N3M2N3N3M3M3M^hPl0
20130627063134Lh_5,j[oU12mo12N10001O0000001O00000000O10O10000O010O10O0100O100O100O001O001O1O0010O0000001O000100O0O2O010O00001O0000001N10001O00N2O2OO0O1O2O2N100O0N3OO10L42XOPQN<^o1HUf\e2
20130627063134Lh_6,hZSX29fo12O2L5I;I5L04M000O00100N2O1O001O2N1N3N1N10O01O00100O000010O00001O00001N10000O2N100N3N1O100O1O10000O100000O100000O100000O010000O10O1000000O010000O10O010O010O01O0010O00100O101N1O10O0100O01O000000001N101N110O10O01O10O1O1M3N200O1000O0100O01N1O1O01O110O100N2K5N3N3Iief_1
20130627063134Lh_7,_eie11oo100001N2O1O1O1O001O0O2O001O1O1O101O00O10O01O00010O1O001O00010O00000000O010000O100000000000000O10010O0000000000000000001O01O000O10O10O100O10000O1000001N100001O001O2N1O0010O00011N6J10O000000O01000001O000O2L2O2000O0O2O100O10O1O1O102N1N100010O00O010000N2N2O100O1000O100001O00002`PNDXo1c0O01O1O1O1O00010OO1000O1M3N20000O2O0001O00010O1O10OO10000O1N2N201O000O1000O2O2N1O00001N1000000O10O2O00001O001O2M3N2N1O1O2N5K3NoNVQNk0Qo1N100O02N100O1O010O0000000O10O101O0001O01O1O010O1O100O1O000O2O001O000010O000O2O001N1O100O2O0O10000000000007I2N001CgPN1Zo1LjPN2Vo1MkPN2Xo1KiPN5bo1N2NQYfi1
20130702070714Th_1,Xb\k04jo13O1N2O1O0O10O10O11N10000000000000000O100001O00001O1O1O1O0O2O000000001N10001O2N001O1O1O1O0O1001N1O101O0O1001O0000O10000O1O1O1O101N100O2O000O101O1O1O0010O01O01O010O1O10O1O1Ob]Uo2
20130702070714Th_2,jelb13lo13N1O001O00001O0O1001O010O00010O01O0O2O000O100O010O10O10010O0001O1N2O000N2O10000O01000O10000001O1N2M3M201N10001N100000000000001O01O000O10000001O0000000010O00001O01O000000001O01O000O100000001O000000O10000O1000O100000000000000O1000O10O1001N100000000000O10O11O0001O000000000000000001OO101O00001O01O01O01O001O0010O00000000000010O00001O1O10O01OO10000O1N11000O0100000O10O1000010O00001O10O00010O00O0100O0100O011O00011O1N01O1O1O1O1O1O1O01O01O01O01O1NiYWo1
20130702070714Th_3,giff21mo14N001N200O0010O1O010O0010O010O1O010O10O01O10O010O010O10O010O01O01O010O001O001O1O1O2O0O01O1O0O101O00001O00001O0O10O1000001O0000000O101O0O101OO1O00100OO2I7N1000M3O1O2M4L\VoS1
20130702070714Th_4,eUmd24ko13M4L5K2N1N2G^ORQNd0mn17001N2N3GlPNBVo1<701O10O0O1O2O0000001N1BAVQNf0in172N1010000O101O2J6L4K4M3O0O1O2O0N2N2N2000_kTX1
20130702070714Th_5,oXWf0445Uo1`0L3M4L6J4L4L4XObNfRNe1Vm1^NbRNo1Vm1`0M4M2M3M4L3M2O0OnM\SNQO0`1cl1]OkSN\OBb0bl12PTNTOEi0Zl13eTNK[k1^O_SN6X1<Wk1]OeSN4W1DeNd0]l1CkSN2\1>dj1@UTNLZ1d0_j1@YTNIZ1f0^j1_O]VN>bi1B`VN=`i1AbVN?^i1@cVN`0]i1^OeVNa0[i1_OeVNb0[i1\OfVNe0[l10O1O101OWOoPNe0Wo1N1N1O100O100O101O0000O1O10O01O001O00O2H7N3NbdnU3
20130702070714Th_6,RZUT35io12O1N1N2O2M2O1000O1000O000O101O1O1M200O01O1N3O010O1OCCZQN=gn1FTQN<mn1:2K4N2O2N1O100O011N1N2N2N2M4LngRi0
20130702070714Th_7,UZog15jo12O0000001N10001O00O101O000010O0000010O0O1000O010000O10000O101O0O01O001O00100O001000O010O100O0010O10O01O00001OO2N10000O1N2O11O1OO1O1000O0O2O2N1O2M3NRgZS2
20130702070714Th_8,h^SQ22mo14^OMPQN6ln1OoPN6nn1`0RQNVOan1W1cQNjNlm1Y1oQNlNnm1d1N2M3LkNYRN93jNYm1m0hRN`0Vm1oNfRN05R1Um1kNQSNHL_1Qm1hNaSNY1^l1fNbSNa1Xl1XNnSN=TOh0Pn1UOURNj0im1UOZRNk0em1TO^RNLCf0nm1]OoRN?ol1@TSN`0jl1_OYSNa0fl1[O`SNc0Pn1O00O2O11O00O001N1O100O0104L4K4M1O010O0001OO100O1O001O1O1O2N1O001O1O1Oo]Vk1
20130702070714Th_9,gaol23lo11O1N101O0000001N2O001O1O1O1O1O1000OO1]OEXQNO1>gn1a0100OoNPOTSNP1il1UOTSNk0kl1WOUSNg0ll1[OSSNc0nl1@oRN?Sm1CiRN>Wm1EdRN=]m1JYRN2mm1l05M:G4M3M7I4L4L3Ia0Bi_\P1
20130702070714Th_10,gciT28go12N2M3N3L3O1N2N2N1N3M2O2O1O0O2N000OL30011N2N3J6N1N3N1O2M3N2O2O0O2N3LU]Pi1
20130811121434Ch_1,edTT23lo12O1O10O00000001N10000O1001O01O01OO10000O100000010O01O0100000000O10O000010O00001O1O1O10O011N010010O00001N100000000001O00O100O0010O0010O01O020N1000000O001O1O00001O0001O000O20O100O10O0001O000000000000001O0O2O000O2OO10000100NPZkd1
20130811121434Ch_2,`g^\22lo15M2N1000O1001O1O2N1O1N20O1O1O10O1O5K2N0O10O1N2O1O2M2O000010O00010O1O2N101O1N1O10O100O1001O0000000000O00006J2N01O01O01O100000001O1O1OO1O1O1N101O1O1O0010O00010O1000000000O010O01O010O00O100O2O001N2OVV[]1
20130811121434Ch_3,_i\^13mo11O010O00001O0O101O001O0O101O0O01000O1O1O11O0O2O000010O0O101O0N4L3O1O10O1N4N2M2N11O0000100000O10O010O01O10O001N1O2O1O1OO106J1N10000O2N1OUUY]2
20130811121434Ch_4,_lPW37io13M5J4K3M201O2N1O10O100O2O1O1O0010O001O0O1000001N1000O100O100O1O100O10016J00O000O010O0110O2O0O00O0100O2M2O000O2O01O01O01O100N3N3M2O001O1O0000000000O1O1O6J2N2N1N4KUQkc0
20130811121434Ch_5,cTSk12no100001O1O10O01O001O1N101O0010O00010O00010O01O01O01O000010O0001O0010O01O10O01O000001O0000100O001O10O01O0100O00100O000000000000O100000001O00001O000000O2O00001O1O1O1O00000000000001O00001O00100O001O001O10O00010O00001O00010O100O10O100O010O1O001O1O2NZjVm1
20130811121434Ch_6,WZgb2:?2Yn17\QN3[n1l0H8K5G8O00AcRN\N^m1`1b0WOj0]Oc0N201N3MdfZ\1
20130811121434Ch_7,ibY_11no12N1O2N2O0O2O00001O00001O0O2O1O0O2O001O00001O001O0001O00001O000010O01O00001N100000000O01001O0001O00001N10001O000O2O00001N10000O10O1N2N20000O1000O02O00000O1000O01001N1N2N3M2O2O01O001O3L3N00010O0001O0O2O00000O10000O10000O010000O0100000000001O10O00010O0000001O0O01000O10001O01O000000000O01000000O10000O010O1O001N20O0100O010O101N1O101N2O010O10O100O1O1O0O1N3L2O2000O00100001N1O1O2OO10O10_O_OaQNb0_n1B\QN`0dn1=10001N200O1O10000O000N3L2O2000O001O2M2J600O001O00O2O1N3O1O0O101O101N00010OO10000O1O000002N10000O101OO1000N01K5O2O010O1N101O1N2N1O20O0000O2M3N10100O100O100O1O1O10O01O1O1N2M3N2N2L3O2O11O5K2O1]NPRNR1an1N1O00001O0O1O100O10000O1O2N01000O01O1O100N1N2O1010O1O001O1O0100O000O1O2M3O0000O2O1O0001O1O0O2L4I7O1O100N2O0010001N1001O000O2N00101O0N2N3OO10O11N10001N2O1OO1M2N3N2O010O10O10O10N2J501O1O00M20N3N2M3N2000000001O001N2O2O2M2N2M2O2O000O2OO1000000000O2O0O100O2M2O1N3N1O1O100O010O10O10O010000O100N2MO3O1000O2N1O1001N2M1000O2O1000O@lNWRNT1im1POTRNo0lm1XOlQNj0Tn1`01N3M2O1O2O0\OmQNZOSn1d0f0N205]OiPN2eo1Kjbbc1
20130811121434Ch_8,a^Wn09Z1Kil1b0\RN?Um1FaRNf0Xm1U1K7I4M3N1O^M_SNf1`l1TNkSNg0K^OZl1ERTNM^O=;Ogm1O^RNMcm10`RNObm1MbRN2gn1N2O3Kd^fP3
20130811121434Ch_9,Za[R14ko13M2N0O2O1O002O00001O1O001O0001N1O001O10O1O00100O0100O1000O01000O0O2M3O001000000001N1O1O100O01000O02O0O1N101O0001000O01000001N2N1O1O2O0O10000O101OO0100O01O1O01000O01OO2O01O101N1O001O10O1O0O201N10010O01N2N2O2Lh_Rg2
20130825141154Bh_1,[aRh25jo13M3N2N2N2O0O2O0001O0000001O1000O1O2M2O0O0010O0001O0100000O2O2N4M2N1UQNSO^n1\1L12M3M1N4M1O1O001O3M6K0O100010O0000O010O1010OFmPNBVo15]\UT1
20130825141154Bh_2,Qi`i03eo1:L3J6M3M2O10O0001000O101O0O2O00010O0001O1N3N10^OPQN4Qo1FTQN:Zo1O0000000000000001O2N1N10O010O100001O1O0O010O01N2O001O001O001O1O001N1O2M3MVVaR3
20130825141154Bh_3,Ukfo13lo12N2O1O00001O001O010O001O001O0010O100O100O0100O10O10000001O1O10O0010O001O1O01O010N1000O10O1O101N2O0O010O1000O010O0010O0001O01O00001OO1000001O0000000000O010001O000010O0010`PNIUo19gPNH[o1>0O2O0O2EbPN1lRcj1
20130825141154Bh_4,gWoi21no11O1O1O1O010O10O010000O01000O100O1O1O1O1O100O001O1N1N3N11O01O0BB[QN=cn1IYQN8dn1b0N300000O1O101M2OWOQOdRNn0]m1UO`RNk0am1[OWRNe0km1^OPRNa0Sn1d02N3L3N2N3M2N2N1O2M3N1O2N2N2N2J6N3M2N3NojjQ1
20130825141154Bh_5,b\am24ko12N100O10000O1O010O1N2O001N100O1O1N2O10001N1N2PO]ObRNe0]m1BYRNb0fm1CRRNa0mm1h0O2HWNYRNg1km133N2O1O100O1QOVRNHjm18_RN]Odm1b0l0N3N1O2O01O100000O100000000O0010001O00010O0O2O000O101O1O001O1O01O00100O01O10001N10000O1000O2O000O10000O11O000010O0000010O00002O1N13M10N10O100O010O01O010O1N101O0O1O10O1O100O2N101O1N2O01O01OO1000000001N10010O0001O00001O1O01N1O2Ngfnh0
20130825141154Bh_6,[ZQ\35ko13M2O1N2O6J10O010O010O001O1005KO000O100O1O2O1N2N11O1O00O10O01N10001O2M3M2N[dba0
20130825141154Bh_7,S_Uh02mo12N2O0O10000000001O01O01O100O0000010O01O0100O2O1O0000O1O02N2O0O1O00001O001O01O1O1O000O2O0O001000O0O2O1O1O0O2EBSQN>kn1GQQN:mn1=O2O0100O1O1O010O1OO001M201@SOmQNo0Qn1UOjQNm0Vn1>1OO1YOaNmRNa0D5]m1@iRN91OXm1NbRN3:Khl1IjRNV1`0oNdl1^1\SNaNdl1_1]SN`Ndl1_1^SN]Nel1b1o0[NmQNX1gn1F7I4L3M4L7HgbTR3
20130825141154Bh_8,^fQR16go13K5O1O1O2N1O1N4J5N1O100O000O1XOTO\RNm0cm1WOQRNLLo0Sn1XOmQNo0Tn1>000010O01O2M2N2N101N2O00O0N30M3N3N1O100N3N2O1O001O1O0N2O1O01I61O1O1O01O1O101000O10O10000O100N2O1O0O1O1O2N100000M4N20O01000O01O1O001O10O01O1M3N2O10000O1N2O001O10O0O2O00001O10O1O010N2OO1O2O1O0O2N2N1O1001O00000001O10O01OO0100001O1O1O1O2N3N1O0O101O0O100O0O2O1O0000001O01N100000010O0O2O1N1M4O001O0010O000000010O01N1N2001N2O1N101N2O1O1O2N1O1O2N1O2N2O1N2O2N1N2O0O2O1Nk^^a2
20131027185354Bh_1,gaZY21mo13O0O1000O00O200O01010O00010O0O10001O00001O00O100O10000O1001O000010O01O01O01O010O1O00001O00010O100O1000O10O0010O00010O0010O00010O0O101O010O1O0010O0010001O1N01O010O0010O01O01O01N101000O00001O0O10000O10001O0O10000O010000O1000O101O1O00010O000000010OO101O0O1O2O01O01O10O01O0O20O3M2N00010O0001N10100O2N2OO1O000O2O000O1001O000010O00100O1O02N4M0O1O1O1O1O1O10O01O1O1OO1O1O1N3M20001N115J2N0100001N20O1O2M01N2Le\SZ1
20131027185354Bh_2,Qddg23mo13M4L2O1N1O1O2N8H4M[OoPN9Qo1ESQN9nn1DTQN>Wo13mPN_O`n1d0YQN@gn1l01O0O101O001N2M2M4M4M2O1O1N200O1O10O100O01001O6I010O00100O10O1O1N2O1O0O110O0001N10001O02O000000O100O2N3N3M0000O1O0O2O1O00010OO102N2N1000O0101nPN_Obn1P10O001N2N2N2N1O101O0O110O2N100O0011N2O00O1O2N100O1O1001O01O100000O001O1OO1N1M4M201O1N2O2O1N3M20N6J3N3dPNAon1h002RQNSOdn1V1O1O2O1O3NN11O3NbNcQNd05Ban19hQN_O[n1>f0N4L4KeWin0
20131027185354Bh_3,Wdfb03lo13N1N101N2O100O1O2O2N1O0O0001OO100000O1000001O100O3M2OO100O01O100O100000O100O0dPNKmn17nPNMRo1a0O1O2N101N2O00010O0O1O010O10O2M2O000O2OO11O2N2N00001O00O10000N2000001O00O2O00000O2O00001O1O000010O0001O0000000O001000O010O1O101OIjPNDVo1:nPNDRo1;PQNFon16TQNKln12VQN0jn1MXQN7Xo1N10O0010O01O01O01O2N1N3N000O2O2N2M4M3M4K2O0O1O01O1N2N3N2O0O1N3O1N10001N10000O010001N1O01M2O11O10O01000O010010OO100001O00001O02O4K2N00001O00010O1O100O01O01O00O10O10001N11O01O01O0O1000O1O2LfY_P3
20131027185354Bh_4,TeRY33lo12N101N100O2N2N2O0O2N1000O10000001N10002N2O2O3LO100O10O0100O010O1O100O1O1001N3M2OO001O00010O00105K10O1O1O2N6J3M0001O0N3N2N2M2O0@kPN6Uo1GoPN7]o1001012M1OO010O2N10OO10M3M4MTYma0
20131027185354Bh_5,cP[W28go11nPNH]n17aQNM]n14aQNN^n12`QNObn11VQN4ln1NPQN3Qo1>O10O10O0O101O1N111OO101O1O1N2O0O101O0O100000001O00002N1O2O5J2N02N100O00O100O100O1O1O1O1O1O1000O01000O001000O101O0001O0000010OO2O0OQoRd1
20131027185354Bh_6,[U_\32mo12O1O001N101O010O00100O0O10001O000010O1O00001O0O02O000O1O0010O10O010O1N101O10O01N2O1O0101O0O2O10O01O11N0001O1O001O0O101O1N2N4Kfj`?
20131027185354Bh_7,Qaog2641Zo1?K4M2RQNZO\n1j0`QNXO\n1X1CaNWRNa1^m1bN]RN11^1cm1d000O1O1N201N0HgMiRNY2Tm1;K5O001N3O010O10O1N101N10000O101O2N2N2N3N2N1N10001O01O01O1O0O101O0O0101O0O1N2L4O10O02O02N2OO00011M10O1O0000O011N2M201QM]M`XNe2^g1\MaXNe2^g1[MbXNf2]g1[MbXNf2]g1ZMcXNg2\g1ZMbXNh2]g1YMZXNIiMP3li1WMZXNQ3fg1PMZXNP3eg1QM[XNn2dg1TMTXNFPNW3li1SMTXNS3lg1oLeVNE=0RO]3li1oLYVN0d0\3Si1eLXVN1c0Z3Ui1hLTVN2d0V3Xi1bMfVN_2Ti1VLYVNT11QO>f3Vi1_M`VNkN8a3[i1kLXVN39A2_3^i1lL[VN08GK\3ci1lL\VN07KEY3hi1lL^VNO6b2MbM`i1M_VNM6a2ObM\i1O`VNN8]20cMZi1O`VN08[21cMXi11aVNO;X2NgMWi11`VNLb0X2IiMWi11`VNLe0n1kNPNl03Si14aVNIj0l1LRNlh18RXNd1Xi1]NjVNb1Ui1^NmVN`1Si1_NPWN_1oh1aNTWNR1fMfNXk17UWNP1Ui1POmVNm0Si1SOPWNk0oh1UOSWNi0Pi1UOQWNg0Wl1M2O1N2EmPNGUo17=L5Kdb\P1
20131027185354Bh_8,RcYd12go19[OIQQN03:jn1b00000O010O1N3M2N2NBaQN^O_n1?a000O101O1N2M3O1O10000O10000O0001001O000000O1N20000001N1O2N4MU_nX2
20131027185354Bh_9,abgf28go11O2O00002M3N2cPNCSo1g0L2N2O10O1SOTQNf0Uo1N1O00010O0010O2O^OjPN:_o1OO0001O000O01000000000001O000000O100000O2O000O2O1N101O01N2O2M101N1O1O2N2O1N2Nj\\U1
20131027185354Bh_10,`cUk21no12O0O2O1O1N1O1O2O2M1O1O2N1N3M4L7D:L2N10001O0026fN]QNi0nn1O1N1N1O101O0O11O0001O7H3N1O00001N2O1O1O001O1N2O0No[fQ1
20131027223034Lh_1,cdPd04jo14M4L2O1O000000000000000O110O00010000O1000001O1O1N2O000O01O010O2N2N2N1gPNBon1=QQNCon1?mPNDUo1c01OO01@jPN4Wo1FPQN9\o1O01O011N1O01O000001O0O102N2M3N2N0O102M7I3L2O01G[QNVOfn1h0:0000O10O100001N100O101O0O101O00000001O00O100000000O1O1O0L5N200O10000O101N1O100O2N2M_ZSU3
20131027223034Lh_2,edbi25jo11O2O002[PNK[o1`0M2N2O1N001O01O000O2K5M3O1O0O20O01O1000000000O010O010O1O10O01O1001OO010O00010O0010O01O010O10O010000O2O000O01O10O10O10O10O1O10O01O10O101O5K001iPN^Omn1l0O000O10O01O01N1000001N10001N2O1O1N2O2O0O2N10O01O2O1N1O100O1O2O0O2O1N2N1O2N1OmXWo0
20131027223034Lh_3,gf\l0192Qo1:jPNKRo1c0O1N2O0000000O10O10O10O01O0O2N101O01O1O1L4N2O1K5N20O10O2O00101N2N2O0O1O1O10O00010O001O001O001O001O000O1000000000O1O101M2N4KcYco2
20131027223034Lh_4,ZgbW22no11N2O1O001O000010O01O001O01O01O001O0000001N10000010O000010O01O000O2O00000001O00010O1O010O0100O001O1O010O1O010O10000O1O2NSXcd1
20131027223034Lh_5,hm`a23mo11O1O1O1O001N10000O100O100O0001O0010000O01000000O10000O1O1O01O0O2O010O1O1O100O1O2NeRk[1
20131027223034Lh_6,bP_V22mo12O001N10001O000000001O0000000010O000001O01O01O0001O00001O00000000000000000O10000000O100000000gPNMdn14ZQNOen11ZQN0fn11XQN1]n1J\QN751^n18`QNJ`n18\QNJdn1i0001O1O0O2O001N2O1O1N3N1O1O1O1O2N1O101N1O0O101O0O10001O0000001N1000O10O10O10O101N100O2O000O2O0000O2O000O100O100O100O010000O101N1O2N2NTona1
20131027223034Lh_7,Q]i]12bo1=K5L3M3N2O1O0000N2O2O00O01M2N02I7001O1000001O000010O01H8N2O100O100GbPNO`o1NQen_2
20131027223034Lh_8,Waci21mo13IM]PN6`o17M4J5WOZOTRNi0fm1_ORRNg0jm1j0E;L301N101O1N10000O1N101O1O000O2N20O0100010O0010000O1O100O000O2O0N2M4M1O20000O11N10002N7I1O001O000000000O01O1O000O100010N2N1N3N2O00100O00K5O11VN`MRVNb2li1aMQVN`2oi1aMoUNa2Qj1_MVUNLMf1ARO\k1]OnTN7OX1NPOUk1ClTN7OU16aNBKck18eTN:Mn0bl1hN_SN>Kj0hl1jNYSNT2hl1a01O2K4[OoRNnM03Tm1l1XSNPNjl1o1e0N1O2N101N2N6J5L2M2O1N2N2N3M2M3M3M3N1O2M3M3N3J5M4L_bln0
20131027223034Lh_9,ibee14ko12N1N3L4M4L7I;D6K3M2O1N2O0O2O00M3YOjQN[ONNYn1f0g000O2N1N3N2M3M3N3M2O2N2MW^\X2
20131027223034Lh_10,abQh25jo12O2]PNIYo1`0O2N1O2N2OO2N101N100O2O001N2O0O010O1O01O01O01O01O00O10000O010000O00100O10O10O1000001O10O0001O0000001O00001O1O101M100010O01O02N10O0001O00002N3M2N1O1O1N2O001M4J6K4M4I6N2O0100O001O1O100O2lN\QNh0Po1N2N2N5L1N1O001O00001O00000O100O01000O1000O1000O100O1O2N1O101N1OU\no0
20131110185354Bh_1,kaVT24=Onn13PQNOon12oPN0Po12lPN1So1>00000O1O1O1O2N100O2O00O01000N10100O1O1O1N2OJ7N1010O0010O001O1O010O10O1O001O2O000O2O000O2O0O2N2O1N1O1N20O001O1O1O2N1O1O2N10O0100O010O1000O01000O010O010O000O100010O1O01000O01N2O1O10O1O101N1O10000O1000000O1O01000O0100O1O101N100O2O00001O1O1O2N1O1N2O1O1N2O0O2O0000O001E\QNXOfn1f0;00O10O0100O1O1O1O101OO011O00O1000000000000001O000001O001O1O1O1O01O01O01O00010O1O00010O0001O000O101O0010O0001O001O001O00100O1O01000001O1O001N100O1O2O8G00100O001O010O1O11O0O1O010O002O1N2N2O0O11O5L01N1OO2O1O1O0010O001O000O011O001O001O01N2O0O2O1O01N2N100O1O10000O100O01O01O01O10O011O0O10O1O10O1O1L3N201O0O10000001O01O010O10O2O0O010O01O00010O00100O10O01O010O0100O0100000O02O000O2OO10O01O01O010O1O001O00010O000O2Om[]V1
20131110185354Bh_2,WibV33ko14M2N1O100O100O0100O0O1O110O01FHlPN7To1KkPN5Uo1MgPN4Zo18hN@QSN`0nl1EoRN;Qm1IkRN7Um1KhRN5Ym11nQNB:>hm19VRNHjm1:SRNGmm1;oQNFQn1U1000O2O0O1L4M2O2L4N10001O0O1OHmNeQNT1[n1710ZOfNgRNZ1Xm1iNfRNW1[m1kNcRNT1^m1nN`RNP1am1TO[RNl0fm1VOVRNk0jm1f00NZORN^SNj1dl1YNZSNf1gl1\NXSNc1il1]NVSNb1kl1`NSSN_1ol1aNPSN^1Qm1cNmRN^1Sm1dNjRN]1Vm1dNiRN]1Vm1fNfRN[1Ym1c03O1O10001O1N1O2N2K4N3N1001O000001O010O1G9N2N2N2O1N2O1O2O0@]QNCdn1:bQNAan1;e0M2N2N2M][Uc0
20131110185354Bh_3,Yl\g23jo19H9G4K7J4M4L4LSOcQN<Xn1DnQN:mm1F\RN5bm1JdRN4Zm1HlRN9Rm1DRSN<ll1BVSN?jl1_OWSNc0Sn10N2001O1O7I4L1O1O1O001O00O1000O01O010O010O01O10O0010O010O1O2MiQeU1
20131110185354Bh_4,aQki226OZo1b0I<F9H5J6K3L3L4NZOQRN]Omm1N[RNB:5Zm19^1OJAmPN>To1601O10N2DjPNNVo122JhPN8Wo19O01N3N1H;JaP_T1
20131110185354Bh_5,bXUc07\o1`0L6K2N2N2O2O001;D6I2N2N1O1001N000000O002O0O2O1O0O1O10OO1010O00001O001O1O0000000000000O10000001O0000O10O10O001O0000000O100O1O1N2N2M3N2O0O2M2N2M3O0002N2N3M4K8CogjW3
20131110185354Bh_6,f[_j03ko13N2M2O2N100O1O10O01000O10000O100O1O0O2O1O01O1O001O100O010O10O010O1O000010O0001O00O2N1O1N3O000001O1N2N20000O2O01O00002N4L0000O0100000010O01O1O1N100010O000001O001O00001O00O10001CGoPN;on1<N2O01O0O2N1O00O2OO1O1000100O1O0K7N1O2O1N_fbn2
20131110185354Bh_7,Rc[V1>`o16J3N10000O2O00001O010O01YOoPN=\o1N10O00010O01O010O000O2OO101O0O10O100O10O10O10O001000O0101M2M3O2N10000O01O1O0000000L4O20O1O0O2N2N00M211001O00O10O11O0O01O1N2J5I700L6M2010O001N1O2L3O0M4O1O0N3O01K5O1OK6N2N10O2O0\OBeQNa0Zn1b01O2M5L4L2O1O2OO10O10N1O0N2O3E;J5O2aN[NaTNg1^k1[NjSN0Mi1Wl1YNjSN2Dm1al1RNkSN[2_k1_MdTN8J[2`k1eM^TN3L]2`k1WM\TN>32Mk13nM[k1c3iTN[LSk1^3gTN_L83lj1a3PUNYL56ij1d2oTNZMO:d0H\j1b2bUNaM3MYj1b2hUN^M1OUj1c2nUNXM15ni1e2TWNZMih1f0dUNZOJP1k1oNdh1h0lUNTOJQ1g1SObh1i0^VN1Q1TOah1k0aVNXOmN<S2@_h1l0mVNB[k1>gTNAYk1>iTN@Pk1F\SNj0f1@mj1:]SNBg14jj1:cSN_Oe15hj1;gSN]Ob18fj1:jUNFUj1:mUNESj1:oUNERj19QVNETj16nUNHTj15m2O1N2O1NUej_2
20131110185354Bh_8,Y_mk11ko15J6N100001N101O00001N01000O0100O010O1O1O1O10O10000O01000O010O010O100O001000O00100O100O1O010N2N2N2N2M2O2O00O2O000O101N2K4O2O100O100O01000O0000100O010O0001O010O010O0000001O0O101O001O000000000000010O01O0000000010O00010O00000O20O0000100O0100O0100O1000O01O10O010000O10001O0O01000O0100000O100O10000O1000O10O1000000O010000O100O001O001OO10O100000000002M2LPdTi1
20131110185354Bh_9,l`em23lo13N2M20O01N10001O0O01N20O10O01O1O100O01000O1O00001O001N1O2M2L301O1O100O2O001N1N3EROaQNP1^n1:O00O1M3O200O1O100O1O0N3N2O0O1O10001OBXOdQNi0\n1>O1O01N1O200O2O1N100O2O0O1O1N200O1O1N3N1000O011O00001N2O1O0O2O0O2N2N1O01O010O10000O10000O2N1N2O2OO01O10O000O1K6O10O101O0O101N1N2O100O01000O1N2N2O010O1O01000O10000O1O1O2O00O01001M200O2O01O0O10000O10000001O000001N1000O2O000O3N3M1N2O10O0000010O0010O0010O01N1000000000O2O000O2O0001N10001O0001O0O10001O001O1N2O00010O0001O01O2N1O1N101O1O00001O00O10O10O10O2O001N1N2O2MiaTc0
20131217192134Ch_1,haZm02mo15K2N2N2O1O0O1000O0100O010O1O10O0100O01000O1000O01O010O000101N101O1N10001O000O1000001O001O00100O1O01O01O01O001O1O2O0O1O100O00O001N2O1O1O1O2N]^Wn2
20131217192134Ch_2,WbVe25ko11N3N1N101N1O1GCmPN?So162N101N2O1N2O1O0O101O0O10000000000001O00001O010O1O010O00001O001O010O001O1O1O0100O00001O000O2O00001N10010O0001O001O1N2O1O100O1O010O010O1O010O001O010O1O010N10O10O1001O1O2OO00010O0O2O1O1N2O1N1O2O0O2O10O010O0011N2O1N1000O10000O100O1O1O1O2N1O1N2O1N2O1O0O101O01O0000000010OO101O0O101N102N2O1O01O1O0O10001O1N1010O100O1N101O07J000N2@X\QP1
20131217192134Ch_3,ebZ^15jo12N2O1O2M2O1O2M3M2O001N101O00O2O1N3M2O1O0O101O0001O00001O1N2O1O0O101O001O101N2N10O0000O10O10O10O2N3M3N1O1N2O1O010O00100O1O01O100O1O010O000010O0001O00100O1O1O101O1N3N1O00001O000O100O2O1O1O1O1O001N0010O000N3N1O2N2N101N2O1N1O1L5M2O01000O01000O2O010O1O100O4Kn[eY2
20131217192134Ch_4,hdff11no13N1N3M3M4_PNGUo1d0N2N2N101O03M4L4K2O0O2O00O0010O00001O0O101O10O01O1001O001O1O000O010O1O01O00001O1O001O00001N11O01O0100O100O2O2M2O0O11O0O2O0O1000001OO100000O00001N110O0010O1O100O1O0101N2O1O0O10O00010N11O10000O1000000O10O01O01O01O0000000001O01O01O001O0001O01O01O10O0010O01O010O01O1O00001N10O010000O101O00001O1N_Xio1
20131217192134Ch_5,[eVa22ko16M1N2O001O00001N2O1O001O0000O001O1N3O000O2O00001O000001O00001O01O0000000000000010O00001O01O01O0000000001O01O00001O2N0000000010O1O10000000001OO010O10O3N1O0000O100O100O10000O10O100001O00O01000001O00000001O0104K00O2M3N1N1O3KVYiW1
20131217192134Ch_6,nij_22mo13N2N2N3N1OO101010O00OO2O2N2O000O2O3M1N7I00O1O2000000N2N000O2O010O2N3N1O2O000001O5K00001O6JO1O100O100N2O2M2N2O1N101O1O001O00000O10O01O100O100O01000O10O010O1O100O1O1N2O0102M2O0O1000O0100000O010O0100O01O01O010O10O01O01O10O0010O010O0010O00001O000001N10000O1O100O10000O01000O010O1O1O1O0000O10001O1O2N4KZRiV1
20131217192134Ch_7,ljhS21no14N3L2`RNMPk15kTN1SNM_l12ZUNd0gj1]OUUNe0lj1\OoTNg0Sk1XOjTNi0Xk1VOfTNk0]k1TOaTNl0bk1RO\TNm0ik1SOSTNm0ok1XOQSNF8V1il1DlRNb0Wm1Q12N2O2N2N3M4WNdRNg0lQmj1
20131217192134Ch_8,_^SR32lo14L2O0O2N10000O2O00000O10001O010N2N1O01000O2N2O001O1N1O0O2L5M3N1F<K4N2\N]OhSNh0mk1GkSN;Sl1i101N1NoNRTNaML9Ql1o1lTNdM[k1[2U1O0O1ZOlRN]NYm1b1c0@?H9O0101N2NEYQN@fn1?=001O1K5O1O0OO2O2O1O1O1O2L3N3M2O10001O10O10O0100O10O01O1O010O01O1O1N2O2N2NfgRh0
20131230192154Bh_1,V\fl12lo15M8G3N2M2O1O0O3N1N10M2O2N200O01000O00100O01000O11O0O101ON2O1O1O2O000O2O01O01O02O02M2N1O001O0O2O001O010O0011N1O10000O2O0000000000000001O0O100O001O0O5KScan1
20131230192154Bh_2,`\fQ22mo12O2O0O10O0101N1000O010O000O2OO10001M2N2O2N3N3M2N1O10O01O001O01N101N1M3N3M200O1O10O0100O100O10000O100001O0000O10000O101O0001OO02O0000001O0001O000001N10001O000000000001O00001O0O1O1N3M]cah1
20131230192154Bh_3,Sej[22mo1102N2N1O1O010O00100O1000O1000O01000O10O01O01O01O00100O1O100O1O1O10O001O101N3M20O1N1O100O1001O1N011O1O0O10O101N1O10O01O10O1O000010O00O101O00100O000100O001O0O10000001N101O01O01O01O0010O0001O01O01000O4M1N1NVYg]1
20131230192154Bh_4,YkbQ11mo14K3N200O100O10000O1O001O1O01M2O2OO2M3O0100O010O1O100O10000O10000O0100001O00001O001O0010O01O01O010O00100O0010O01O001O001O01O101N1O0100O1O010O2N100O2N4L1O1O00002N2N1O0010O00101O10O2M]OnPN:Qo1CSQN<nn1@UQNa0Vo1O1O10O1O10O10O001O00000003N00O0O0010O1001O1O0000001N101O1O2N22M00N1O100O2M5L4L2N2O0_QNjNWn1b0eQNM0C]n1<gQNBL?^n1NnQN1Rn1NQRN1om1LTRN7im1GWRN;_O^OQn17`RNc0`m1\OaRNd0_m1ZObRNh0_m1TObRNm0Yn106I7J1N2O4K2O0O1MiPgd2
20131230192154Bh_5,]RiU11lo16K4K4N2N100O1O2M2N2M201O00F;N1O01O1O1O10000010O1O1O1N3N100O1000O0100O01O01O0010O1O0010000O1000O2O001N10001OO10O10O1O2O0O1O10O0100O01O100O10O0100O0100O0100000O100001O0O10000O10000O2O1O2N1O1N10mnTd2
20131230192154Bh_6,kVee12mo1101N1000000O100000O1000O10O10O100O1N1M4O01OO2M200001O100O1O2O0O10001N100001O0000O10000000O1000000O2O00O1N1010000O10O10O1000O10O10O10000O010O100O010O10O10O10O1000000O01000O10O10O10O10O010O10O010O010O1O010O001O001O01O010O00O0O2O20O010O10000O2O0O101N1O10O0100O01000O01O010O01O1O001N1010O10O1000000O1OPknP2
20131230192154Bh_7,aXmm29fo12M3N2M3L4M3N1O10GoPNBQo1=8O2N2O02J6M2M4M3M3N2O1N2M01M3N201001000O2N1O1O1O1M3N101000O01O0O100L5N2N2O1O2N1N2O3LYihn0
20131230192154Bh_8,e[if02go10\PN4ao1:ePNCjn1?TQNDin1?SQNJen1j0M3J5O2O2iQN^Nlm1m1N2N2N101N10oM\RNe1em1WN_RNi1mm1O000O2O0O1^NkQNX1`n1N8hNVQNk0Qo10N2O100O7I00O100O0010O010011O00N101N2N2O0O1O1O1O1O1O1O1O1O2N3M1O1O1O1O0PTN[Nei1f1gUNTNhNa0`k1[1fUNQOZj1n0eUNUOYj1l0eUNWOYj1i0gUN]OSj1c0lUN@Sj1?mUNEPj1:PVNGPj19PVNGoi19RVNFoi19RVNFVj13iUNMYj13fUNK\j15cUNK^j16^TN]Nl0]1hj1;XUNEkj18TUNHnj16RUNJoj16QUNIPk18mTNITk1:hTNFZk1;cTND_k1a0YTNAlk1<lSNJVl1n14N1N001O0O1aMaSN\1al1aNcSN]1]l1aNkSNW1Wl1hNlSNU1Ul1kNnSNQ1Sl1oNPTNm0Ql1dNZSN1h0Y1nk1dNdSNJ`0`1nk1dNcTNZ1_k1cNdTN2bNn0Ro1F4M4J;Dl^bR3
20131230192154Bh_9,V`ef18go12O1O000O10000O01OO1N102O0O100000001N2M20M4N1010O10O01OJ5001G:N100O2O0O1O1ON3O1O00O1002M2O200O10O10O1O1O001O1O0010O010OO2N1O11O010O0001O000000O1O1O1M3M3N2N2O10O10O1L5O1O001NM5N101N2N3M2N101O1N10O11N4L5J\cnR2
20140118180214Mh_1,^afm23ko12N3N1O1000O10O10000N2L40O010001O01O000O2O001O000O2O00000010O000010O01O000000O100O10000O11O0O101O10O0100O0100O10O01O1O002M3Kc^[n0
20140118180214Mh_2,neba2=m0Fdm1=kQNCM6Un1:iQNGL2Xn1Y1O2N101_RNZNfl1g1lRN[NN2Tm1d1jRN^NN3Um1a2MN;F1N2O2M:G1O0O1_NRRNn0om1jNZRN464`m1E^RN366nn101N101O0O100O010O1O010O001O010O1O1O1O2NPWk[1
20140118180214Mh_3,PofS1:do13O0O2O001O100O100010O1O1O01O10O1O1N100O100O1O001O00001O00001N101O0O2O001O00WPki2
20140118180214Mh_4,hScn23io1>E2N1O1N2M3N2J5ATOiQNo0bk1nNhVN6bMn0ek1oNZTN0T2]1ci1lNZVNU1gi1kNUVNX1li1hNRVNT1Uj1kNfUNV1`j1iN]UNV1gj1iNVUNX1lj1hNRTNFCf00a00PO\l14mSNm1bl1RN\SNo1el1SNSSNR2nl1>1D=N2O1O1M3N2iN[RNLlm10\RNGim15S1N2O1O2O0O2O0O2N2N3M4Kgofn0
20140118180214Mh_5,XPYT13lo13N2N3]PNHXo1a0O010O01O1O00101N1O11O4L1N010O2O0O1O010O1O0000001O01O2N4M;D2N2Mfn^i2
20140118180214Mh_6,^Xe_13go17M2O2O0O1O2O0O2O1O2N10O01O01O001N100O2O0O1O00100OO1O2N100D^OZQNc0cn1?N100O2N100100O2O2M3M2N2O2M6K2M2O1O0O2O00001O01O0000001O01O000O100N3M2O2NUhR\2
20140118180214Mh_7,kWWi02lo15M2M5K4M3N6J2N3RQNROdn1]1H1bQNcNVn1d10000012M2O1O001N8G2N4L3L9G:G6HYfRU3
20140118180214Mh_8,d\US32lo13L3N3N1O1O2N1N2O1O100O01O1O101O0O100000O01000O100N2M3O0001000O010O01N0010O011N101O1N1I701O01O0O1O1O20O1O00100O010O1O00M3O110O0N3N2O10O01O1OO1M4O10O01O1N1L5N1K41N3N1010O001N100O2I601O01JaQNjN_n1T18M3M3M3N2O1O1D<N3LgfZf0
20140309170314Mh_1,Zo`W35jo12N2O0O1000000000000O101O0O100O1N2N2000O01O1N20O01001O1O1O1O1O1O01O01O1O10O01OdPNGQo1;kPNHUo1b0O0001O1O2M2O1O1O0O101O0001O01O01O0O11O0O100O10000O1001O00000010O0001O00010O00001O10O01O010O00000O2O0F_OUQNa0in1CSQN?mn191000001O00O01000000O2O001O001O1O1N2O00001O00O1000O01O100000O1O1O2M1010001N10001O001O001O0O2O1N1O2N`P_?
20140309170314Mh_2,PR]h03lo16Jc0]O7J5J4L2N2O2M3N2cWN[N\b17kWNQ1b5mNdb1NSXNQ1V5SO]c1l0^\NVOdc1k0X\NUOkc1m0mVNROf42_d1Y1^[NhNdd1DiVNc1]4iNQe1V1nZNjNTe1U1jZNlNWe1T1gZNmNZe1T1dZNmN[e1U1bZNlN_e1U1^ZNlNce1\1RZNeNRf1[1iYNgN[f1W1aYNkNhf1n0mXN[OWg1b0aXNDbg1;YXNIlg14nWNO[h10dVNkNoNW1ej1OTVNlNSOV1lj1NoUNnNPOU1Uk1LiUNc0]j1]OaUN?ej1AXUN1UOjNhk1W1nTNHjk16`SNiN9o0\l1c0_SN\Oel1m15L3M2N1O2M3N2N2N1O2N2G:L;SNkQN]1in1gNUQNc0Xo1K3LWiPT3
20140309170314Mh_3,kSai14ko11O1N101N1O2O0000001N101OO01O1O1O01O000O2O0100000O10000O100O100O101O0O2O2LdmRT2
20140309170314Mh_4,dZUU22no1000N3M200O1O1N2O10OO2N2O001000O0010O01N1010O0001O1N101O10O10O10O2N1O10O01O1O002O0O10O00O01O10001O01lIFb\N9^c1J`\N6_c1N]\N3cc1O[\N0ec13Y\NMgc14W\NMic14V\NKkc16T\NJmc16R\NJnc18Q\NGoc1:P\NERd1;l[NFTd1;k[NEUd1<j[NDWd1<g[NE\d1E_VN=T5Oed10Z[N0gd10W[N0jd11T[N0ld11S[NOnd11Q[NOod12P[NNRe11mZNOUe1OkZN2Ve1LjZN4Xe1JgZN7[e1HdZN7]e1IcZN7]e1IcZN7^e1J`ZN6`e1N]ZN0de11[ZNOfe11YZNOhe11XZNNhe13WZNMje13UZNLle15RZNLne16PZNIRf17mYNHUf19gYNH\f18aYNHbf17]YNGff19YYNGgf1:WYNFkf1:TYNEof1:oXNFTg1:hXNHZg18cXNI_g17]XNJfg15WXNMkg12TXNNmg13QXNMPh13PXNLSh13lWNKXh14fWNJ^h17_WNHch18]WNGdh19[WNFgh1;WWNEkh1:SWNEQi1:nVNDUi1<jVNCXi1>]VNA]M1Xl1`0WVNIji18TVNHni18oUNHSj18kUNIVj18hUNHXj1:dUNH^j17_UNLaj14\UNNej12YUNNjj12SUNNPk11nTNOUk10iTNOZk11dTNN_k11aTNO`k11]TN0ek10YTNOkk10TTNOnk11QTNNQl13lSNMWl12gSNN[l12cSNN_l13]SNNel13WSNOil13fRN^OJ`0bm13aRN9bm1HZRN8hm1n03N1O2M3L4M3M3O2M3M3M3M4K6J4F9M4MlhPa1
20140309170314Mh_5,Y]ca17ho12N1O1O1O1O1O2N1O10000O010000O2O000O01000O0100O000O2N2N1N21OO2N100O20O01O01O01N1010N0101O00100O01000000000O01000O0100000010O0O1O10O10O10O100O2O00O100N3L3N2N3N001O1O001M2O2O10O010O11N01000OO3N100O001N1N3O001O01O001O0O1001O001O1O001O010001M11000O0100O1O101N100O100000O10000O001O10O0100O0O20O10O10000001O0000O101O0O1000010O0001O1O2N100O1O001O00O101N101N1O101O0O100000O11O01O0O10000O01000O1000000000000O101O0O1O2O001N10000O1O1O1O1O00100O0101O00002M3N3M2N1O01O01N100O01000O0100O10001O00O101N10000O101O0O1000O01000O10000O1000O1O00100O010O10O001O10O1000O01000O10O01O010O10O100000001O0O2O001O1O1N2O0N2O2N10Zedk1
20140309170314Mh_6,]]YR34jo13N1O1N2N2I8M2O1O1000O101O1N20O00010O001N10000O1O001O1O001O10O010000O2N1O1O2O0O1O1O100O100O0100O0010000O00100OO2O010O00001N1O1O1001O001O000010OSO`QN;an1CcQN;_n1AdQN=Po1O2M200O2N1O2N2N_c`h0
20140322200714Mh_1,gbV`24jo13N200O1000000O1ePNIkn19oPN1ln1b0O1O101UQNQObn1V11N1010O00010O001ORO]QN?cn1_ObQN>^n1BfQN;Yn1DjQN:Vn1EmQN:Sn1EnQN:Rn1EoQN<Pn1CQRN=Pn1ARRN?gn1O3N3L3LQ\a]1
20140322200714Mh_2,ZdTW14io13O1O001O0001O0010O0000001O0001O0001O0100O010O10O10O010000O10000000O100O1O10000O100001O00001O000100O0010O2O1O1O1O01O1O2N1O0O00001N10O2O01O1Nj[]d2
20140322200714Mh_3,YdR\15jo11O1O10O01000O1000000000O10000O01001O01O000010O00001O00010O0010O0001O1O0100O1O010O100O10O100O10O010O100O01000000000001O1O1O1O01N101O0O101N1O1O1MiZ[_2
20140322200714Mh_4,RflU32mo13N1O2N10000O10O000100O010O100O010O1O100O0010O01O0010O010O1O010O1O010O01O2O000O02O001N1O100O000100O1O001O10O011O001O0O1001N2O0O0101O0000001OO101O100O2N10000O3N00O2O0O1O1N2N2N3L3LdW_d0
20140322200714Mh_5,cPQW22ko13N20O0001O1O001O1O1O2O0O1O2O0O101N3M3N2M3N1O000000N2O1N1O2O1O1O1O1000O011O0O110O0O10000O1O10O100O1O1O101N100O2N100O010O10O10O00010O010O010O000010O000010O100O1O100O10000O1000O101O0O10O10O101N1O102N0000O0O2O1N1O1001O01O001O1O101O0O101OO01000O010000001OO02O00001N2O0100O1O00001N100O2LiPS`1
20140322200714Mh_6,`obV1=co13L4N1N4L5L:F2O6JN2M3N2N2N1O2N2O2M2N3N101N2L^ong2
20140322200714Mh_7,URee11_15hl12RSN1gl18RSNLml18hRN1Wm12aRN4`m1MZRN6lm1j06I6H8J6I6G9J9G[m^Y2
20140322200714Mh_8,hRim13lo100010O1O0010000000000O10000O1O1O1O1O100O0010O0001O0001O010O1O10O10O1000WWNGka19S^NJla16S^NLla14S^NMma13Q^NOoa11m]N2Ub1Mh]N5Yb1Kf]N5[b1Kd]N6[b1Lc]N4^b1Lb]N4^b1La]N4ab1L]]N4db1L\]N3fb1MW]N4kb1LQ]N6Qc1Im\N9Tc1Gf\N=[c1Dc\N<_c1D`\N;bc1E]\N:dc1GZ\N9hc1GW\N7lc1IR\N8oc1Ho[N8Sd1Hj[N9Yd1Fb[N=`d1C][N>ed1BX[N>kd1BS[N>od1AP[N>Se1BlZN=Ve1ChZN=Ze1CeZN;^e1E`ZN:ce1G[ZN8ge1HXZN6je1KUZN5le1JSZN6ne1KQZN5Pf1JPZN6Pf1JnYN7Sf1JjYN8Wf1G\YNLTL?`j1FUYNj0lf1VOSYNk0nf1UOPYNk0Qg1UOmXNk0Vg1UOPXNIYMb1hj1eNnWNc1Sh1]NlWNb1Wh1^NgWNb1Zh1^NeWNb1\h1^NdWN`1_h1_N_WNb1bh1^N\WN=cM;Qk1XOVWN>VN1fj1@PWN`0`NM`j1CkVNc0mNWOUO5Sk12hVNc0\OVOoi16eVNb0lj1^ORUNa0Qk1@jTNa0Zk1^ObTNd0ak1\O\TNe0ek1\OXTNe0jk1[OoSNi0Tl1VOjSNk0Xl1UOeSNl0]l1UO]SNl0fl1UOXSN<@[O\m1:QSN:_m1I[RN7gm1MRRN4Qn1l02M4L3M4L4H8LZllj1
20140322200714Mh_9,]XiP35io13O001O1O001O001O001O0010O01O0000000O10O10000O010000O100O1O1O010O1O001N2O1O100O1O1N2N2O1O01O2O4L2M3N2N1O00001O00000O10000O01000000O01000N2O010O1O01O0100O00100O1O00100O01N2N1001O00000O10000000O1000O2N1O1O2N100O1001N1O2O0001N11000O0O2O1O000ON3O010000O002N1O10O1O1001O00100OO10O1O10010O0101O0O2O1O1O1O1O001O00010O0000O100001O00001O000O010N200O1O100O1O0010000O10O01000O00100O101O00O101O0O100000O2O0000O2OO10000O1O101O00010OO10000O2O0O10000O10O11O0000000000010O0001O000000000O1000O100O1O001000N1O2N2O01O2N3M3N4KZjZ?
20140322200714Mh_10,WZce26io13N2N1O0O10001N1O101O0O10001O01O002O0O1O01O01OO2O00000O10O100O10O10O10O1O1O1O1N2O1000010O01O010O0010O0001O1O1O00001OO10000O010O1O0O1O2K4O2O010O001O01L3O1O0002NNoPNYOPo1f05O0O2O2O1O2O2M2N8GaffT1
20140322200714Mh_11,gZ_n12no12M2O1N2O00001O00001O0010O01O1O100O01O1O1O00001O00001OO101O0O1O10001O00001O000000O10001O01O01O010O01O01O000010O00001O1O1O2N1O00010O02N101O1N1O1N2O001O1O000O2O0O1O1OedZl1
20140322200714Mh_12,h\[]13mo11O1O1cPN0in11SQN3ln1NPQN5Po1>O0001O1O2N2N0O101O0O10000001O0001O001N10001N1001O01O00010O00010O000O10010OO1000O01000000000000O10001N100O3M4M1OO1O10000O10001O1O001O01O01O01O00O2M3K5M4Lfb^]2
20140403081714Th_1,XaXe235O`o1;N2N101O0000000005K1N10O100O2O0O2O1O1O1O3M02N1N10001O0000000O010O20O00000100O01O100O1O2O2M4kPN[Ofn1o01O1108JM1O001O3M3L4L2O0O2N3N3M1O1O0001N101N010000O100O4M1OO010O1000000000001O1O0000O001O1O001O2O0O0010O10000O010001N10O10O010001N4M01O001O0010O10000N3N3L4M05L01O2M2010N000O7I2M5L4KdXSR1
20140403081714Th_2,laPe12mo12N101N10000000O101O000010O000O2O001O1O10O1O101O0O1O10O2N100O1O1O0O2O100000O2O00O01O00001O00001O01O01O01O00010O000010O00001O010O0010O0010O01O010O0010O000000001O00001O01O0001O01O00001O2N1O010O0001O000000000000001N10001N10000001O00001O001O0000001O01O1000O2N01O010O11bPNHPo1:lPNITo1b0O2N4M6I2O00C[QN^Okn19YQNGin14ZQNJhn14ZQNKgn13YQNOgn1N[QN3Yo10O100O1O0100O100O1O010O10O10O01000O01O01O01O0O2O1O1O00001O000000001O01O1O3M2N00001O00000001O00O1000O1000O0100O1O1O010O01O01O0100O0010O0001OO101O01O1O001O010O1O2Nb[il1
20140403081714Th_3,UdZR35jo12O100O001000001N101N2N010N3N2N1M4O00000O101N2N2O001O1O1O01001N1N2O1N3M2O1N2OO1O5K2O0O002N1O010O1O100O1O10O100000000O1000001O2N6I4NO0103aQNcNSn1e10O10O011N5oQNYNam1T22N13LO1L4M3M3M2I8L5L3N1nN_QNc0hn1SO]QNj0mn1C>M3O3LcXkg0
20140403081714Th_4,XndV12mo12O2M200O002N7I100O1000100O1O1O11O2N0O10QQN@\n1`0_QNF`n1<YQNKgn1f01N2L3I7L5L5LdP_g2
20140403081714Th_5,XPmS31mo14K3N2O2O1O0001O1O000010O0O101O1M3M3K5N1O1O0010M2O1O10O1N2O11O1FoPNCSo1;:N2M3N2MgPgi0
20140403081714Th_6,]SgZ23ho17L3mMFRSNNB2l0=[l1KhRN;i0N[l1P1USNTOil1S2O100O04ZOoRNTNTm1g1RSNUNPm1>QSNOmm1MU1M4M2N3O2M3MfnPd1
20140403081714Th_7,TXoX24ko11_PN3on1OlPN4So1=0O10O0000000001O0O0002M3N10101O0O10001M2L3MK7O0001OO3DUQNCln19`0N2K[ild1
20140403081714Th_8,T[oS33lo1100000000O101O0O1O100O1N101O1O100000O1O1O100O01000O01O1N101O1000O2O001N10010O00O2O00O01O1O10O0100N1O2O10O01O1O00100O101M2O1N3N100O2N2O0O1O000001N100001O1O0O2N2N2O1N100OO2O0001K5O100O1O1O10O02O0O100O01000O1M200O2K5001O1O001O1N2O2N0O2N2N1N2O1O2N1O2M3H7O2M3N00M31N2O10100O2EkPNHlg`c0
20140403081714Th_9,__ad24jo12N3C<N2O0102O1N00010OO01O1O1N2O10001N11O00001N101O0O10000O001O1N2DAUQNa0an1d0O1O01O2O0O2N10001N1000001N2O00001O0O100000000O100O1N2O1000O011O0FVO\QNl0cn1:N1O2O00O001OO1O1O00101O10O2N1O001O1OO0L4M22O2O1O001O0010gMfNVUN4mNV1nk1gNSUN7jNS1Ul1fNoTN9iNR1Yl1eNmTN=fNn0^l1fNjTNm1Vk1SNbTNV2^k1jM^TNZ2ak1fM^TN[2bk1fM]TN[2bk1eM^TN[2ak1gM]TN[2bk1fM\TN[2dk1eM\TN[2dk1fMZTN[2gk1eMTTN_2mk1`MTTN^2nk1cMQTN[2Pl1fMoSNW2Ul1iMiSNV2Zl1lMZSNH2\2el1e01^NYSNKhl1oNWSN?<>]l1SO[SN0MK=P1[l1VO\SNGMM33;1Cc0dl1J^SN@\1a0Wk11TUNIPk17RUNASk1b0U20O101OO01O1N2N1O1O2O0O1O11N101N1O2N3L3M3N3M2O1O01000O01O1O00O001O1O2N110O101O2MPgPQ1
20140403081714Th_10,d]Sh03io15M2O100000000010O0O2O00001O0000O1000001O0O100010O0001N10000N2N3M200104K2N00001O01O0000O101O0000O10000O10N2O100O010O10O1O00000O2N100O101O00O1000O1010O01000O2O0O001N2O01O0010O0010O1O0O2M3N110O10O101O00O10O1O001O00001O01O1O01000O10O10O1O00001O0O2O00100O0011O1O01O01O01O001O010O001O00000O2O000O2O000O10001O0001O2M3N1O0O101O001O00001N10000O10000000O0100000001O0O101O0O01000O010O10O01O10O000010O010O10O01O010O001000O001O1O1O1N1J7M200001O2O001N101O1O1O00001O0000001O1O00001O0O01000O01O0O2N1O2O01O010O00100O10001N10001OO01O10O10O001O0000000O1O2NRePg2
20140410195814Mh_1,RcVk14jo12O100O1000000000O0100000001N10001N10001O10O100O001O1N200O000100O1O1O010O2N2N100O00O1000O0100001O01O01O1O1O000000O1O2J8Ki\oP2
20140410195814Mh_2,`Qkb12no12O1N10000000000000O100O100O000101N2N2M3N2N209F1N2O1N3002L2M2O:E2N11O3M2M20O101N2O1N10O1N2O1O10000O101N100000000O10O1O010O001O2N1O1000O100N2O1O1N2O0O2O[OnPN;^o1N1O1O0000O01N2McjjW2
20140410195814Mh_3,XV[g01lo18J2N1O1O1O010N10000001O1O010O01O001N1O2J6L3N3O1O0O2H8N2XORO\RNo0^l1nNTTNj1ik1\NRTNe1nk1_NmSNb1Sl1cNgSN^1Zl1eN`SN]1Ul1mMjSNU3Ul1<N2O001NROXTNhMfk1W2`TNeM`k1Y2fTNdMYk1[2mTNaMSk1^2SUN\Mmj1b2Z1N2^NfRN>Zm1[ORSN`0nl1]OWSN`0kl1]OZSNa0gl1YOcSNa0_l1ZOfSN1PO1[m1JjSNOQO6Zo1N3MfkTU3
20140410195814Mh_4,\Zgg02mo11O2N1O1O2N101O00000O0100O01000O100000000001N01000O1000O0100O01000O0100000000O010000O10000001O00O010XNLdSN4ok1>kSNCik1n0PTNSOPl1S1iSNoNVl1T1bSNRO]l1U1[SNlNfl1V2001O001mMVSNo0jl1kN`SNQ1`l1nNdSNP1\l1nNhSNo0Xl1POlSNn0Tl1QOoSNm0Pl1SOTTNi0mk1VOVTNJlN>Pm1HWTNFmN7Tm14_TNGbk19R2O2O100O010O10O10O0100O11O0000001O00000001O00O1000O10000O1000O0100O010O10000001N101N3L4KUiPQ3
20140410195814Mh_5,\Xkc11no13N1N20O0001O01O000010O00001O0O2O000O2O1O0010O100N11O01O01O1O2OO10O10O01O01O0001O0O10O100O1000O010000O10O010000O10O100000000000000O10O1000000001O000000000O1000O01O01000O010O010O10O101O0000O1000O100000000O10O10O10O01000O0100O1N2O10O01O1O001O1O1Nog^T2
20140410195814Mh_6,g\aX36ho14N1O1N1000001O00001gPNKfn16VQNMin1f000001N00001O0001O0O101O0001Na0@2M3M3Lbb`e0
20140410195814Mh_7,[d]P18go14K3K4N1O1001O0000O2M2O100001O01000O11O0O101O1N2O1O1O1N10000O1001N1O101N10000O10000O100O10OO2O1O001O1OO200O01001O000O10O10N101O001N2L3K5O2N00O3H7N3N1N3M3N2JgPNC\o197La]`j2
20140420195854Bh_1,`bVT31no14M2N1O1O100000000O1O10O01O1000010O01O00000001O01O000001N1001O00PXNEZ`1;d_NH[`18c_NJ]`16[_NEkH7kg15W_N2j`1NT_N2m`1NR_N3n`1MQ_N4o`1MP_N3o`13k^NMVa15f^NMYa14f^NMYa15e^NK\a17`^NK_a17^^NLaa15R^NSOYJk0eg13n]NSO\Jm0eg13j]NQOaJn0dg12i]NRO_JP1gg1O]]NmNQK^1fg1DQ]NTOXKX1ig1Ek\NTO\KLMS1kg1Oj\NTOZKJ5Q1ig11f\N\OaKALl0og1VOSXNc0_4JcK_O3R1ng1HU\NGZLa0ag1JQ\NEcL>\g1Mo[NEgL>Zg1Ll[NAnKGl0m0Yg1Kh[NCWLCh0X1Pg1B[[NVOWM?F@j0Y1Sg1^OR[N^OWM<K^OP1T1nf1DmZNERM7^1>cf1JgZN<hNIaf1McZN;oNF_f10nWNVOT2V1BB\f1UOmWNS11POd1X1`0SOWf1o0UYNNi0ROSf1o0PYNNS1QOoe1o0lXNN[1QOke1Q1^WNeNS1Y1g1QOie1V1\XNHn1ROie1T1WXNIS2ROhe1T1SXNHX2UOfe1Q1PXNJ]2UOce1Q1dWNeNGQ1Y3XO\e1R1bWNOV3nNYe1GYWNU128_3lN_e1k0nVN:e3kN^e1\2cZNdM^e1e1PWN]Nc3N_e1a1RWN^Na30^e1_1SWN`Na3Nae1\1SWNbNWm1Y1R1E5I;G5K9G^XQf0
20140420195854Bh_2,[cbd25jo15L1O1O1O1O2N2O0O100000001N3N2N03L20O2N01O3M3M1O1O1O000O100O100O110O0000O201N3L2O1SQN^OXn1g0`QNA\n1S1O01N2kN\QNj0en1SO_QNi0Ro1E9KaZYX1
20140420195854Bh_3,heVR22no11O001O1O00000000000O011O000O1000O01O010O010O010O10O01O100O10000O100O1000O100O10001N11O01O0100O00010O01O10O100O10000O10O1001N10O001O010O1O1000O2O1O000000000001O001O0000000100O1O1N20O2N1O1N2ORYig1
20140420195854Bh_4,keTW17ho12N1O2N2O1O2N1N3N1O1000O2O2M2O1N1O1O2O0O1O100O0100O2O0O1O01O0O100000001O0000010O00010O0010O0100O0100O010O10O0100O010O01O00001O010O0010O1O100O0010O10001O0000O01O100O000100O1O1O1O000102L3MdXob2
20140420195854Bh_5,`j^f02lo13N1O2O001@MPQN5nn1NnPN5Qo1>N2N2N3N2M9H1O000O10000O010O10O010O1O001O1O0O01O1I8M2I7J6O101N1O2KKcRNPN\m1P2:aNhRN6Ym1IkRN^O^O;lm15QSNFQm11TRNHn03Rm10aYaV3
20140420195854Bh_6,Rkhl07ho14L4M3L2O2O1O05L0O01O5K0O10O3M7I2O0O1O11N10000001N2N2N2MjS]Q3
20140420195854Bh_7,`oPf13ko14L201M3K4M3NO2O02N101O01M3N1O00011O001O0000O1000000000O2L3O2O01O010O00100O001O1O01O010O001O000001O1O010O10O01000O000O101O00010O01O00010O10O1000001O0001O0000000000O1O100O2O000O100001O0O101O00001O00001O1O1N2O000000N3N10O10O20O00O2O0O1O2M_RaR2
20140420195854Bh_8,SUgT14Qn12cSN0Zl18^SNJal1<WSNGhl1<cRNAJ5am1>bRN@I4dm1?_RN2am1V1O1O1N1000[NaRNk0`m1ROfRNk0Ym1UOlRNg0Rm1YOWSN`0hl1@\SNF]O5Wm13`SNC_O6Sm15STNInk17TTNFnk19m1O100O3M4Lamdi2
20140420195854Bh_9,iUQg12=4jn15oPN0mn1d0M2N00000O10ZOdQNH]n17f00001O00001O001O010O01O010O010O01O010O010O10O010O00100O010O100O1O1O0000010O01O001N11O0001O100O001O1O010O0100O010O1O010O1O010O010O010O010O01000O01O2O002M2O1Ogk^S2
20140420195854Bh_10,nUoR23lo12M2O101N10O010O10O0100O1000O01000N2N2O100O10O01O001O01000O010O01O1O00010O01O0000O0011O0O1000O02J5N11M4N2O2M4M2M5K[k\i1
20140420195854Bh_11,jWUk15ko100000O1000000O10000000000O10O10000000O01000O10O10N2M2100O01000O101O001O00001O00000O10000000000000O10000O10000O100O010O1O010O0010O010O01O00001O000000O101O0010O010O0010O01O01N2N3LXiVo1
20140420195854Bh_12,X]]j07go16J7A<K4L3M4N100O000O1O0OL5H9O1C=O1O11O1O02O01O01O01N10000N00O1001L4^Ob0K5O1001O2N1O2N2N1O3M3M2N1O1O2N0O2N2N000110001N100O1O0N3N2O0000O1O10000000O10O1O1O2N10001N2O001O001O0O0O02O010O100O2O1O100O101M2N2N3M2O00100O100O0100CJPQN5on13iPNNWo1=1L4NHCPQN>ln1HPQN9mn17SQNYOkn1k051N2N1J6ODbQNWO`n1h0<O1O2O0O101O1O0O1O0001O001O001O100001N1O1O1O1O2N2M3N2N2O2Nnhnk2
20140420195854Bh_13,PYS]24ko110001N10000000000000000000000000000O2O000O10000O1O100O10001O00000000O100O10001N10010OO10O100O10O0100O00100O10000O1000O10000O2O00001O0O2O100O01O1O00100O00001O00000000O1000O10O10000000000000000000O11O00010O10O10O01O1N2O1N101NPgj[1
20140420195854Bh_14,UZYW26jo13M6J00O200O1O200;C2O0O100011O2M10O01N100O1O1_OfPN;ao1N01O10O01O000001N3N2N00001O01O00000001O001O001O0O2O^dbe1
20140420195854Bh_15,\\W[22mo12[PN4So1OiPN70Gkn1T1J1O1N1N2N10lNeQNb0[n1[OlQNa0So1F3N4K4KSbjc1
20140514195854Bh_1,Sbfb23mo11O1O1O0O2O1O1N2O1O1O2N2O1N010O01N2O01O01O000O01000001O01O10001O00O0100O0O110O0002N2O1N2O1N2N10O100O2O1O100O000000O1O100O2N0010O0M4M201O1N201N1O100O11O0O01O1O2N1O2N^\SX1
20140514195854Bh_2,YbVR23lo13N4M2M2O01N2N010O001001O1N4M7H3N0001N2N1O3M2O0O1O3N1O10O1O1O1O2O1N10O1000O1O1O21OO000mPN]Ohn1b0TQNAmn1i01O1N201N1000003M1112K10O00N3O14L0O2N2M1003L1RQN_O]n1?^QNGcn1k01N1O0O3L3N2N2FmPNDTo18PQNFRo16QQNIRo12PQN0_o1OaXgh1
20140514195854Bh_3,obfe04jo13N1N2L4O1000000O10O10O01N1010000O1001O00O1000001N10000000010O1O1001O0O2O000O10001N6K2N1N201N3M1O6I8H3N0O1O0001N6K2M2L5RO\QN:Xo1L3MP\[V3
20140514195854Bh_4,ajnU28;Ohn18PQNNmn1e0N2O02O2M1O0O10O11N;E2O0O0010O1O10O010O100N6J6IZT]h1
20140514195854Bh_5,jnZk24ko13OO01O101N1O0001O0O1000O01000O1000O010O01O10O01N101N1O2O0O1O001O1M21O1O2M3N3M3LQRSR1
20140514195854Bh_6,`T[U22mo12O0O2O001O001N2O1O0O10O10O0100O01O1O01O00O11O00O1010O00O1000O100001N100O010O1000O100O10O1N20O1O2N110O1O2M3MllVg1
20140514195854Bh_7,iVQX33io15M2O001O010O1O0O3M2O1N2N200O10010O000O2O001N1O1O010O101O000O3N2N2M2O0N1M20N4N2O001000FmNeQNT1[n1:N100O2O01N100O1O1O001O1O00000N1N20J71N4D<K3N3K5M4I7JQk^c0
20140514195854Bh_8,hXoU13lo11UTNNhg12XXN1eg10YXN2fg1NZXN2fg1NYXN2hg1OWXN1jg10SXN0og15jWNKWh17eWNJ]h17`WNJah16\WNKfh15XWNKih17UWNIlh18QWNHQi19dVN@]M8Ql19]VN0fi11UVN0mi11PVNOVj1OeUN2_j1M]UN4gj1LTUN5Pk1KlTN5Wk1NcTN2`k1M^TN3ek1LZTN4hk1KXTN3kk1LTTN3ok1LoSN5Tl1JjSN5Yl1KeSN4^l1K_SN7cl1IYSN8jl1HQSN;Qm1HhRN:Ym12URN2nm1o02F:L4M4L3G:J6I8IReVg2
20140514195854Bh_9,c\iT33ko13lPNKYn18dQNLXn15hQNMUn15kQNLPn19nQNHQn19oQNHom19PRNHPn19nQNHRn18mQNISn18jQNKUn16hQNLXn16dQNL\n1m00O100O1O2O1N20O1N1O10O00000O1O0M4N2M3N2O1O2O0O1O2N100O1O100O1O0O2N2O1N101O1O001O1O2K5Lbcdg0
20140514195854Bh_10,\_]V2:eo13M3M100O10O01HAmPN`0Yn1^OQRN6Gc0Xn1ZOmQNR1Sn1QOiQNP1Wn1=N1O2M10O2N2N3M3H8N2G8O2O1OO2M20O1O2N2O2N1O2N2N3N000O2O01O0O1000O1O2M3O000O2O00O100010N101NZbne1
20140514195854Bh_11,Ud[m27co18J6M4L2N0OKPQN]Oon1c0700O100000O2N2N1010O001O00001O2O2M4M2M2N1O1O2N1O3Kb\bP1
20140516234034Lh_1,nb\]14ko14L:G2N2N10O001O001N10001O010O00100010O0001O00O2O001O10O00000O10000O011N1001N2O00O001001O1O108G000O0010OO10O2O1N2O001N10001O1N101O00001O1O1O01O01O01O1O001O1O2N2N2O0000O001O0O2O001N10001O001O2N001O0O101OO1000O01N100001N1N2O2M3N101O1O010O012La[Q[2
20140516234034Lh_2,_dfW24jo14M4M6J3M3N1012M2M1O1O1O1000O1O00O010000O11O0001O0000O2N100O11000O01O1O2N1O00101O003L1O0001N1N2M4K5L4LbYQe1
20140516234034Lh_3,Zfdd11no14L2M3H8O1O01O1O2N100O1O010O01O1000O101OO1O100O1N2O1O1N1O2N10AkPN3do1M2M3LVYUY2
20140516234034Lh_4,PiPn24jo14M101N3M7H:G2N2M2I7M5M4K5L3M5VOXNRSNm1kl1TNSSNo1ll1RNPSNR2Pm1c0NhMbSNj0_l1QOiSNk0Wl1QOXTNe0gk1XO\TNi0ROoNkk15WUNP1fNmNVl1LYUNZ1[NlNWn1^11O1O2N3N4K6J2O10N3M100OO101O0O3N9H1IlPN^OXo1<;HkTQo0
20140516234034Lh_5,eQSh23ko14M3N1O00000010O00O1000O01000O10O2O000000O100000000001O01O000O1000O10O100010O00001O010O1O1O1O00000000001O0000100O000001O0O2O0O2O001N10010O1O2O10O2NO6JkmTS1
20140516234034Lh_6,TRmP24lo13L2O2N001O0O1000O1000000000001N2O100O001000O1O010O1O1O10O01O010O0[SNHbi18\VNJdi17YVNKfi16XVNKii15UVNMki15QVNMni16nUNKRj17fUNO[j11dUNN]j13bUNM_j13_UNMcj14[UNKgj15WUNLkj13SUNMPk13mTNNTk14`TN5bk1LZTN4ik11oSNOUl11YSNXOIh0[m1EiRNi0\m1VO_RNk0em1e03M3I8B?H7K6D=IelVk1
20140516234034Lh_7,oYeg24io13L4O10O1O00O100O1O2N101O000O002O0O2M2K5N2O0100O100O0N3J6L3011O1O0O201N10O0O2O2M2O2M20001N1000O100010O0O1000001O01N1000O001O0100O00100O10O0100O10O010O010O010O1O01O0100O10O0100O010O010O0010O1O001O0CKPQN6mn1OoPN1Qo1?01N1O1O1O1N2001N3N:F3L2O1O2N1O1N1O2O1MTihP1
20140516234034Lh_8,Y]_l13lo11O1O1O1O1O100O0O2N2L3O2O1O000000001O00000000000000O1O1O1O010001O010O1O001O0001O0001O00O1O2O010O001N10gMCPUN=Pk1FmTN9Uk1IhTN7Wk1MeTN3\k10_TN1bk13WTNOkk14oSNNRl18gRN]O0o0Zm1Y13M2O2M3M3J7L4K5fNcRNIcm11fgTo1
20140516234034Lh_9,caoS15jo1100O001N2M3O10000O01N01O0O2O100O001O1O2J50N3L4N101O010O10001N100O1O010O10O00010O000O2N1N101O02O1O2N10O0100O0000000000000000000O01000O10000O11N10000100O1O00100O01O0100O1N2Ok`bf2
20140519195834Ch_1,Zejd23lo12N1N2O1O001O100O1000001O01O10O010O2N2O1O1O00O100O0100001O00100O01O001O1O1N2O000008FmY_X1
20140519195834Ch_2,eiXa05jo1101N10100O000010O01O1O0000100O001001O1O0000O010O02O0001N100000O1000O1O010000O10000O1O1O001O100O1O010O1O1000O100O10O002MVUmZ3
20140519195834Ch_3,VPQ?3ko13N2N100O2O002M2O001N2O1O2O1N100001O0000O2O1N2O01O4L4K2O1N02O1N4L2O010O1O5LO006I2N11O20N1O000000O10001O0001O2N1N3N2M2M2N3LhmR]3
20140519195834Ch_4,aRUR32mo12O2N1N2O000HJdPN8[o170000O1000O10O101O0000000000O10000O1000001O0000O01N2N11000O010001dTNEQg1;nXNGRg18lXNJUg16dXNCWL:Uk12`XN7ag1H\XN<dg1CYXNb0iLXOI0Zj17lUNHf2m0WMAVj1KfUN2e2\1fg1VOUXNk0ng1VOnWNk0Th1VOiWNj0Yh1VOdWNk0_h1TO\WNo0gh1POUWNS1mh1lNPWNU1Ri1lNkVNU1Vi1POcVNP1_i1PO_VNo0ei1POXVNP1li1POPVNQ1Rj1QO[UN^1gj1l12N2N2L5L4L4L5L3M2CjSNmL[l1m2iSNPM\l1h2b0L4H7H8J6WNVRN4Nc0Rn1ROfRNd0`n1AhPN1[o1Makfh0
20140519195834Ch_5,nTio13ko12N2O1000O1O010O10O001O1O001O1O1N2O10O010000000000O0100O10001N10O1000O01000O0010O10O0100O0010O00001O10O01O10O00001O0000O10001O01O0000000000O2O1O2M]lbk1
20140519195834Ch_6,S[gc12no1001O001O001O0O2O001GJdPN8[o1701O0O100000000O10000O10000O00010O01O001O1O001O1O0O2O001O00010O010O010O010O10O10O0100O100O2O00001O00O101O00001O00001O0000O10000O1000O01O00N2O001O1000O010O10001O000O1aNKRSN7ml11kRNOUm16gRNJWm1;fRNDXm1b0eRN^OYm1g0cRNZO]m1j0]RNXOcm1b11[N_RNj0cm1SOaRNi0im1nNZRNn0_n1J7K6I5L4GYgZU2
20140519195834Ch_7,nYUh01mo13N1O1N200O10O01O010O000O2O0O11O00000O101000O01000O1001O000001O01O010O00010O0001O002O1N1O010O1O00001O00001O0002M10001O00O2O000000O1O1O2O0O10O10O10O1O101N100O2M3O0O100O02N1000O01000O1N2O0O2N2N1O1OI7O2O1O2O2M2N3M5IYgTQ3
20140519195834Ch_8,o]gf03Xm1;jTNKQk1<iTNGUk1b0cTN^OVk1P2]SNfML<fl1h201000O0010OO2O100O1ROXSNbNkl1U1eSNaN^l1\1gSN[Nfl13dRNo0hn1UO]QN4fn1HaQN2bn1JbQN2Wo1NicjW3
20140520200054Bh_1,ocZl23lo12O1O0O2O00001O00002N1O2O0O0100O010O0010O1O100O1O1O10O0000010O0010gPNEln1<PQNGon1f000O01O00001O0001O000010O0001O001O00100O0001O010O001O0010O01O010O00100O0101O3L3N2N4K5L1N2O1N0100001N2O6J10O01O1N3M9H3L`NeRN=Ym1@lRN?Tm1\OQSNc0ol1[OTSNf0kl1XOXSNg0il1VO[SNh0fl1UO]SNj0dl1TOaSNg0al1WOaSNf0bl1WOdSNc0Qn1K3M3N3K4MdXkl0
20140520200054Bh_2,fhlh07io11O2O1O3N0O1O2O0O0000O1000O010O01O010O100O10O010O1O10O01O1O001O01O001O1O001O000O2O0O1O100O1O1O1O2MaVoS3
20140520200054Bh_3,hodQ24jo12N2N2O1O1O010O1O001VOGkQN;Rn1NeQN6Wn1k0N2O3M4N2N001O[NURNT1_n1PO\QN=Uo10O0000001N205MM3N000O01O1O1O000001O1N4M2N4K2N101N2N100O100O2O1O000O00dnhj1
20140520200054Bh_4,PoVe05ho14O1N2O2M3N2O0O2O5K1OO100O10O0100O100O106I2O1OO1O10O2O1O000000O1O010O0010O00010O00010O01O101N2O2M2O0000O2N2N1O100O1O1001O000O0100O0100O100O1O10O0000000010O0001001O0001OO2OO1O1O1N2O1NPoPU3
20140520200054Bh_5,jTm]24jo14M2N1O2O001O1O0000O010000O010O0010O01O01O000O2O00O101O010O010O10O01O1O0100O0010O000O2O001N101O00001O01O1N1O2N10001N01000100O010O01O001O00001O1O001O010N2N2O1O2MjlP]1
20140520200054Bh_6,gZoR25io14M2N2N101O0O10O1O1O001O10O010O10O10O10O010O1O0100O0100O0100O001O100O10O01O001O001O000O10000O101N1\O@gQNb0Sn1[OcQN83?Tn1l0O2N0001N2O1O0O2M3K6N3ROdQN5`n1DgQN7To1KRglh1
20140520200054Bh_7,b^Yn03ko13M2F:O1N1]N]O]RN6O4c09ol1`0kRN@Tm1h0eRNXOYm1m0cRNTOZm1i1DeMoRNa2Qm16F:01O1K4N11ROiSNTNYl1d1ZTNoMgk1Q2S10OM400101N]ObRNgN]m1T1mRNhNSm1W1j0O2N2N3B=O2N2N2M2O2O1O1O01000O01000O001O10O010O010O010O001O00010O0000010O01O10O10O10000O01000001O00O10001O01O00001O000000001O0000000001O010O0010O01O01O010O00001O010O00010O0000010O01O0010O00010O0010O00000000000O10O0100O000010O000100O0010O1N101N2N1O1O0101O1O1O2M4M4Jffdg2
20140520200054Bh_8,c]oP31mo15K4M2N3M3M2O1O1000O3N3L2N1O1O1O00010O0001O00000000000O2O000O101O0O101N1N2O2N10O10O10O10O100O1O100O1O1O0O2O1O0000001N10001O001O10O01000O01O1N101N1K5O1000001OO101O0O1O10O1O100O1000001O000O11O000O2O1N1O2N2O000O101N2O10O01O1O0O3M2O2N2L5K_ddg0
20140520200054Bh_9,g`]V22mo12N1O100O100O10000O1000O10O1010O00O2O000O10000O100O0100O1O10000O10O10O11O00001O0000000O11O000O1000O100000000O1000O01O1O100O10000O1000O001O1O010O001O01O001N2N1O3N1O1O010O01O010O010O10001N10001O00000000000000000000000O0O2O10O10O01O100O1O1O0010O00100O001O0010O1O001O1O010O0010O100O10000O1000001N01000000001O00001O0O10001O0O1O100O2N2N5Jf`T_1
20140526195834Ch_1,oeXV1:do13M3N2N3N1N2O1N1O2N2N1O100O100O100O01AXQNBln1;>M2O2O2O000O10000000O2O000O1N3K4O001O10O1O101O0O2O00010OO101O0O100000O2O000O2O0001O000000001N10001N3N001OO2O1N2O0O2N101N2N101N101NcZ[d2
20140526195834Ch_2,cgbm22lo15M1O1N2O2OO0100000000O0101N10000001O1N2O0O0100O100010O1O1O3M000O0100O100000O100O010O1001O2N1O01O001OO1001O1O00O100O000100N101O10O002N100O1O101N2OO1O100O01O101N01O10OO2O1O0O11O1N3N10O00010O1O001O00010O00010O0100000O0010O000O10000O0100000000000001N10001N101O1N10O1O1O100O10000O10O10O1O010O1O001O00000000001O1N2O2N3L]Vah0
20140526195834Ch_3,infV12mo12O2N1O2N001O0010O010O0010O00010O100O0100O01O010O001O01O01O001O0O20O000000O0100O01N2O010000001O0000000001O1O2N10O01O01O01O00001O01O000010O0001O000010O01O010O1O100O00100O0001O00001O000001O01O000010O000O101O0001N10000K6M200O10000O2O000O2NaPka2
20140526195834Ch_4,mSmo1<_o15N2O0O1000M4M2O1O1O10O100001O0O2O001O010O10000O1010O00000010O0000O1010O0001O010O010O00100O100O011O001O00100O100N10001N6K000O01001000O10O0010003M00004nPNYO1KVn1b11N1O2O1O100N1O2N9F;D4L3M3M4I_j\j1
20140526195834Ch_5,lW]Z1a0_o12N0O100O00I7O100000000O2O0O2O001000O01000O1000001N10001O0000O010O1O001O010O01O010O01000O010O100O10O010000000O10000O10O11O01O01O1O1O001O000O2O2MfhPa2
20140526195834Ch_6,QYYT11no12O1O001O001O001N100000000O10000O10O10O10O1000O01O1O010O01000O11N100010O01O01O010O10O010O00010O0001O00010OO10000O100000O101O0O1000O101O0000O010010O0001O0000000O1001O0001O1O1O1NnfTf2
20140526195834Ch_7,dZi]14jo12N2O1N10000O2M3O010O101O0N2N2N1O00001O01K5N2N1O2O1O100O2O000001O0O1000O100O1000010O1O1N2OQgZ_2
20140526195834Ch_8,_ZgQ32mo12N10O01O1O1O10O01O100000O101O0O101O0000O10000O100O100O1010O00001O00O10000O10O0100O100O01000000000000O100000O10000O100O10000O1000O100O10000O20O01O010O0100O010O0100O010O010O01O01O1O1N4Kee^h0
20140526195834Ch_9,hakX26do18M2N2O0O1O00N10001O00100O10100O0010O001O10O0100O2O0O100O1O0O2L2N2010001O01N1O2N1O010O000101O0O2N1M21K4002L3O2O0010O1N2N2N2O001N2MWO_OWRNa0jm1ATRN?mm1CPRN=Qn1FkQN9Wn1JdQN7]n1e01O2M2O2N1O1O2N1O1N101N2OO1O100O1N2O00101O0100O01000O01O01O001O1O001O100O1000O01000O2M1010O00100O1N2O10O10O10O1O100O0101O1O3M2N1N2O001N2O000O2O000O1000O01000O1O010O0O1O1O100010O001O010O1O01O0O1O1O1001O00000000O1O1O1K501O10O2N2N2M2O101N001O10O0O101O010O000O11O0O10000000O2M10100001O0O0100O100O2O0010O100O2N100O1O1O1O1O00100O00001O00100O100O1O1O1O100O2N_dfW1
20140629195814Mh_1,URe[18do14O1O0O1N10O1O2O0001O1001O1O0010O0O2O0001O0O1O1000JGePN:[o16O00010OO2O001O1O0000O2N00O1001000000O010O0001O2N10001O01O1O00O101O0001O00000O1O101O000O0N21O2O2N10000O001O2L3N4KiPS_2
20140629195814Mh_2,Q[iT26co19L3N2M2RMBYVN`0ei1CgUNF_Nh0ik1GbUNDcNf0kk1J]UNBgNe0:[OAOfj1a0eVNAiNg0O3`j1L_VN\OQOh0L2dj1I_VN]OQOj0H1jj1H[VN^OROQ2dj1`NYVNAROn1fj1aNXVNCnNl1lj1bNTVNP2oi1PNoUNn1Tj1SNiUNm1Xj1TNfUNl1\j1UNbUNi1aj1YN[UNd1ij1bNoTN^1Uk14jTNPN`k1m1jTNjMXk1R2nTNeMZk1W2X1O2K5M2O00002N2lNURN0nm1MWRNOjm1OYRNOim1M[RN2fm1L]RN1dm1O]RN0dm1O]RN0dm1N_RNJgm15S1M3N10O1N2100O010O00001O000O100000000000O1O1O1N3O001O000001O00O01O1O2O0O10000000O10001O00O010000O1lNCgRN<Ym1GcRN;]m1F`RN;am1F\RN;em1FWRN<km1CRRN`0om1@nQNa0Sn1@jQNa0Xn1_OfQN`0\n1B`QN=cn1>3N1O1O1O1O1N2O002O0O3N1N1N3N1O1O2N10_LHZWN7eh1MYWN2gh10XWN0gh11YWNNgh13XWNMhh14XWNKhh16XWNJhh17VWNIkh17UWNIjh18VWNGkh19TWNHkh1:TWNEmh1;SWNEmh1;SWNElh1=RWNCPi1=oVNCQi1=oVNCRi1=lVNDTi1<lVNCWi1<gVNE[i1:dVNF]i1:bVNF^i1;`VNF`i1:`VNEbi1;\VNFdi1:[VNGdi1;[VNEei1;[VNEei1<YVNEfi1=YVNCgi1>WVNCji1<UVNDmi1=QVNCQj1b0gUN^O[j1HdSNa0P2Fhj19WUNGij1:VUNEkj1;TUNFmj1:RUNEoj1=^SNYOS1:_k1n0]TNSOdk1m0ZTNSOgk1n0WTNSOik1o0STNTOlk1n0PTNTOPl1m0lSNVOTl1k0iSNVOZl1h0dSNZO^l1d0\SNAil1<SSNCVm1:dRNH`m1Z12N4L3M2N3Mf0ZO7H4L3M4L4M2N3M4KVlb_1
20140629195814Mh_3,jTQV32ho18K3N1N1010N2O2O1N101O010O10O010000O100000O10O10O1000001O000010O010O100O10O10O0100O10O10O10O010O1O010O100O1O010O01O10O01O01O0000100O00100O100O2MSk\e0
20140629195814Mh_4,_\Qc0;co13O1O0O101N100iPN@nn1b0nPNAQo1g000000OSL[OaXNe0[g1CaXN=if1WOUVNf0k22Pg1ZOnUNm0n2HWg1h0fXNXO\g1h0bXNXO_g1i0_XNVObg1Q1WXNmNlg1T1QXNlNQh1b1`WN]Nch1d1ZWN[Nkh1HUUNX1n1PORi1BYUNY1a1UO[i1]OXUN^16hN2?Vk1j0\TNdNG:;>kk1?iSNE6NTl1d23M3gLbSNk2al1QMcSNl2kl1M2M5K5K4M3M5K5L3L3M3N6G6I6H9K7H7JhdjY3
20140707023654Uh_1,]lVg27ho13M20O01O01OO10O10N2I70O01O010O10O10O100O0010O1O00000001O0001O1O_K_OdYNa0\f1AcYN>^f1CaYN<af1D\YN=ef1CWYN`0jf1AQXNMmMe0Qj1_OPXN1jMa0Wj1^OmWN7gM:^j1@gWN=eM3fj1@cWNb0cMMlj1A`WNf0_MISk1B[WNb1gh1]NXWNb1jh1_NSWNb1nh1^NPWNb1Ri1_NkVN_1Zi1`NeVN^1^i1cN`VN[1ci1fN[VNY1hi1gNlUNKZN[1ok1kNdUN`0cN@Tl11VUN?lNWOSl1;oTN>ek1CXTN<jk1FSTN9Pl1IlSN7Vl1IhSN7Zl1JbSN8`l1I\SN6gl1NbRN[O7f0Zm19cRNH`m18ZRNLgm1U12N3M3L5DlQNcNYn1Q1a0K4J7J5KWXST1
20140707023654Uh_2,Wh`Z13jo14M201O001O01OO10000O11O001O1O00010O0000O10000O100O2N1O100O1O2M2J6M4N2M3M2M4M3N2N3N2O0O10O1O1N2N1N2PO_QN?dn1^O`QN?an1A_QN?an1A_QN?bn1_O`QN?bn1@_QN?bn1@`QN>an1@aQN>Ro1O10O01O01O10O01000O10O1O100O1O101M2O2N1N2N2N101OO100BVQNCnn15ZXS`2
20140707023654Uh_3,^hl]26fo16K3N3N0010O100O1O1O100O101N1O101O0O11N10000O1O010O10000O100O0001N11O10O0100000000O10O10O10000O2O000000010O00O2O01O0001001O11O000O000O1O1N2KkWe]1
20140707023654Uh_4,gjh_21mo19G5K4M4M2O10O1O2O3M0O000100O01O0O2O1O01O1O10O001N2O001N100O101O000000O010O01O010O010O00010O01O0001O00100O1O01O01O00000001N10001O0000001O00000000O010O10O10O0100O10000010O000O101O00O10001N1O1O100O2O00001000O2N4K3N1N102LcS[Y1
20140707023654Uh_5,UPcm25io13N1N2O1N2N2O1O1OO2O0O2N1O1O000101N2O001O0000O2N10001O00001O010O1O001O10O010O000010O0O2O1N4LRQ_o0
20140707023654Uh_6,aPc[15jo13N2M9I5J3M10000O1VQNZO1Ngm1j0SRN\O4Lim1X1URNjNjm1X1RRNkNlm1g1N1O1N1O10O1TN[RN[1gm1cN^RNW1em1gN_RNo0im1POZRNk0cn1CPQN_OXo1:injb2
20140707023654Uh_7,jPW`02go1:L2N3N100101007HO1O0O01000101O4L1OO00000O10O1011N1O0O00010O01O1000O1O1O1O00001O0001O0O101O0010OO2O001N1O001O10O01000O1010O00010O0021O0O00O0001O00O10O10O101O02N2N1N11O01O01O010O0O10000O100000O1000001O001O0O1O2OO01O10O01O00010N2L4L3O2O1N1O1O1O2M2OWnPX3
20140707023654Uh_8,[Uob27eo18I5J6L3N2N101N2N3MXOkQNHRn18RRNGlm18XRNEhm1;o0O1O001O01O010O01O010O010O101N1O1O2O1N_knZ1
20140707023654Uh_9,\XmV33ko14M2N2O2N2M3N3M2M5K3L3L4M2M3O1N1N3H8N3N100O2O0N2N1NUOXRNDbm1?dRN]OVm1h0oRNTOPm1l0TSNQOnl1l0VSNROkl1j0ZSNROjl1e0]1M3N3L5K4JTiff0
20140707023654Uh_10,fY]S16go14N1010001O3M0000001O01O000O100000O01O010O02OO10O00100O1O1O1O101O0O1cQN[O]m1f0`RN^O_m1b0_RN@`m1a0]RNBbm1>\RNDem1;XRNHhm19SRNKnm16iQN1Xn1j02N2M3M3L4M3M3M3N1N4L3O1N3N4K3M3M3Mmdjh2
20140707023654Uh_11,b^go1:a0LSn1`0jQNCSn1?kQNDPn1`0mQNEnm1`0nQNEmm1Z1L4KH[RN^Nam1^1fRNaNXm1]1lRNdNRm1a0fRNG=Ell1c0kRNB`0Hel1d0oRN@`0Ial1f0QSN@om1;m0O1000000O11O1O001O1O1O1O0000O1O2O1N2M2O2O10O01O10O10O01O1O1O100O1O0O10000O001O1O10001O1O001O0001O001N1O2IfPNF[o197N2N2O1Oncfk1
20140707023654Uh_12,j]ma25ho16ePNIfn1:UQNIjn1g000O001O00O0000O2O1O001O0O02O010N100O0K7M3O1N3N2N3M3M_cV\1
20140707023654Uh_13,[]co22mo12N2O1N2N2O1N2O2N1O2N1O010O1N10001N2N3M1N3N1N101O1O01O101N9H2N1N3M1N4L7HcbRn0
20140707023654Uh_14,o^]`15jo12M3N1O100O1000O001O010O0100O0100O10000O01000O01O100O2N1O1O10O0O2N2N101000O010O1O10O0100O100O0010O001O00O1O1O1L4O1O10000O01N2K5O1O0010001N1O100O2O1O0O101O010O01O01O3LPcZZ2
20140710020754Uh_1,c^hW1:do14M:F3N2N5K1010O1000N2O1NSOZQNb0dn1[OaQNd0_n1YOeQNe0ln1O1O1O1N2O102L3N1N2N2N1O2OY`]f2
20140710020754Uh_2,kedj1:in1JnQN:nm1K`QN1N7`n1l0mNeN`SN]1]l1gNfRN<4P1Tm1T1O2M2N2O1N3N1O1O21N8RMZSNR2[m100VOYRN[Ocm1=gRNC`0_Obk1j0UTNF5Cfk1c0ZTNJLGhk19cTN1BHjk1OnTNc0lN^OVl1MQUNf0eN@Yl1ITUN[1nj1cNTUN\1lj1cNUUN]1mj1_NVUN`1gl1M<E4K4L3M3K9H5I]XQS2
20140710020754Uh_3,Zh\d08go12N2N1O1O2M3F;M2N1O00N2O3N10001N010O10000O20O00010N101OO010O1O001GmPNBVo1;9N201N1O2NZXSY3
20140710020754Uh_4,_if`25jo13M2N1O1N101O00001O0O1O01O01O10001N000000O2O1000O2O1O0101OO10001N1N2O2O0N2G801001N2O1O3M2M3N1O1N2O1O1O001O00010O000100O1O101N3M3N0O2OO101O0O10O2N2O0O1O2M3N2N2M3N00000O2O000O101N100O2O1O0000O1O1O1O101N1O1O1N2O2N1O100O101N101O0O2O000O2DRQNBQo1;;O2O001N101O1O1O2NSWYW1
20140710020754Uh_5,mZcR12lo13M2L3N2N3QOEWRN=hm1FoQN`0Qn1BkQNa0Tn1BeQNc0[n1a0O100O1N1O1NAjQNXOWn1f0nQNVORn1h0TRNTOlm1k0d001N1G36010O100O10VO^OVRNb0jm1ASRN?km1EnQN`0Rn1DjQN<Vn1g0O2N1O20O2N3M1O1N3M1_OnQNTOTn1a0dQN_Oon1?9O0N20001O2N2N2O1O1MWili2
20140710020754Uh_6,TY[U29fo13L3N2N2N2O1001O3N0O010O000O10001O00000001O0000O2O1O00O10O0100O1O010O0100O10000000O1000ORRNBZl1?cSND]l1;aSNG_l19_SNIbl17\SNJel16YSNKgl16WSNJjl17TSNHol17PSNIQm18lRNJTm16jRNKWm15eRNO\m11`RN1am1O]RN2dm10WRN1lm1P11N3M4M3L3N3K6J8H6JSeZf1
20140710020754Uh_7,o]kj19do15L4K5L3L5L3N3M_O\QNIan17cQNG[n1:gQNFVn1;lQNDRn1<QRNCmm1<WRNCgm1=\RNAdm1>_RN@`m1`0o0000000N3M201000000010O1O0010O1N1O2O10O001OO01000O10001O1O0001N1O20O1O1O1O010O10O10O10O100O1O2O0O01N2O000010O001O000O2N101O10O010N2N1O2O1O01O1N101O00001N11O0O100001N1O1N2O1J5100O3M3J7K4M3NbeVn1
20140710020754Uh_8,Q_o`24ko12N2N2O0O101N1001O000000O10O100000O01000O1O1O010O100O1000O10O1000O100000O10O1O00001O0010O0100O0010O0000100O010O10O01O1O1O1O001O0010O001O1G9M4MPb`Z1
20140710020754Uh_9,n`WV11mo14M2M3N1N3L3N101OO1O1O2N2O10O01O10O000010N100001O0O2N1N3M20O1O2O1O01000O010000001O1N1O101N1000O011O000O2O2N01O00000000001O1N2NU`he2
20140828080414Th_1,i_Pc22no11N2O1N1O2N2O1N1N2M4M3M3L4N100O1O1O101O00001O[OWQN5hn1G]QN8bn1AfQN>on100O02N4M1N1O2O1O108HN2O2M2N9H2O01OO000O01mPNAY1Ndk1c0oRNCY1Mhk1a0kRNFZ1Jkk1P1STNROlk1P1PTNROQl1P1kSNQOUl1Q1iSNoNXl1Q1fSNPOZl1Q1dSNPO\l1R1`SNPOal1Q1[SNROdl1o0ZSNROel1o0[SNQOfl1n0YSNTOTm1?iRNCYm1=cRNE]m1`0\RNAfm1\11mM\RNONb1Yn1M4M3M2N010O1O10O2O0O0001N3N2M2UOVQN;[o1E9N2Nn\gW1
20140828080414Th_2,[`\c15io12G9O10O11N100O2O0O2O0O1N3N1O101O001O001O001O001O0000000000000hWN\OUa1d0h^N_OWa1a0h^NAWa1?h^NBYa1?kYNSOo2>Wc1f0`YNPOkNHN0P4b0gc1i0eXNjNNe0d3Iic1k0`XN3e3SOmc1h2n[N[MRd1h2f[N^MZd1e2b[N\M_d1l2X[NSMjd1m2iZNWL`Mm0ng1d2`ZNdL]Mj0Uh1`2^ZNlMde1S2nYNaLRN]1Qh12PXN1l1dNnM\1Uh1DaXN9NdN>l1Sg1nNlXNd0]OdNd0k1Sg1jNoXNk0jNkN4Ec0l1_g1hNRYNa1hNoMd0i1bg1fNTYNo1XO\Oeg1dNSYNR2dN\M9o1Rh1bNRYN_OeNc2NC\h1YN]YNX4[NVKYh1>_YNY4lf1eK^YNQ4ef1mK^YNm3ff1RLkYNMWMS3Pi1oL]ZNh2ee1WMbZNb2^e1^MdZN`2]e1_MdZN_2`i100O4L2O0O3mMjRNV1Rn1N0iNdQNj0kn1O0BUQNDmn17YQNGhn16]QNESXmW2
20140828080414Th_3,laPa06=1in12RQN3jn1f0L3N4K3N1gQNeNjm1j1O3M1O2O00O002N1OO2[RNTNSm1S2cRNRN[m1[2USN`MC4Ql1c2RTNkMnk1V2nSNlMSl1YOkSNd3\l1L2O1O0001O001O0000O11hSNbLkk1_3QTNdLnk1h30O010001N2N01O0_MTTNo0lk1nNXTN^OLf0jk1J]TNSOIG8^1]k1FdTNRO<W1nj1EiTNRO>V1hj1GlTNRO>V1fj1EQUNQO;[1cj1BYVN>gi1AYVNa0ei1_O\VNb0bi1]OaVNd0]i1[OeVNe0Yi1[OiVNg0Si1YOnVNh0Qi1WOPWNh0Pi1XOQWNh0nh1WOTWNh0lh1XOTWNh0lh1WOVWNg0kh1YOVWNf0kh1XOWWNh0ih1bNkTN?\2o0Qi1nNPWNR1Qi1lNQWNU1mh1kNSWNV1lh1iNUWNX1kh1gNUWN[1ih1eNWWN^1fh1aN[WN`1eh1_N[WNb1dh1^N\WNd1bh1\N^WNf1`h1ZN`WNn1Xh1QNiWNo1Wh1QNhWNQ2Xh1nMhWNR2Yh1lMhWNV2]MiM]m1c0dRNF1l0Xm1TOjRNE171P1Rm1ROiSNo0Ul1POnSNP1Pl1oNSTNQ1kk1oNXTNo0gk1QO]TNl0bk1SOaTNk0_k1UObTNl0\k1TOeTNm0Yk1TOgTNl0Xk1TOhTNl0Xk1TOiTNl0Vk1TOkTNk0Uk1TOlTNm0Rk1TOoTNl0Qk1ROQUNn0nj1ROTUNm0kj1SOWUNk0ij1TOZUNk0fj1TOZUNl0gj1ROZUNn0ml1O01O0001O010O1N10001N100001N10010O010O00010O000O2O000O2N101N2N2O2N1O100O2N2N1O00hNmQNc0Tn1XORRN0B?[o1N01000O01O100O1O1000000O00O20N10010O2O1O00O2N2N10O01O0101dPN@Vo1f00N2N100O1010O3L2N4M00O1O5L1N1O112NgPN@Po1g01O2O0O00002NWQN]OWn1b0dQND]n19`QNKan13]QN0bn12ZQN2dn1g0O1N1O10O8I3L2O1OO2O1N0011ROVQNb0Xo1M1N1000O0010OO2O1O1N2M4N1O2M3M2O2N10O1@[QNDen19_QNDbn1;bQNB_n1<d0N2O1N1O2N2N3MdReo2
20140828080414Th_4,QhPg11PP21M3N1O1O00002ZPN4Uo1>M2N6K0O1O1O1N2OkN[QNo0en1oN_QNP1hn1XO\QN4Zo1OO10000O100000O3M2OO00100O2O0000100O010O100O01O1O0O2O1O010O2MjUkU2
20140828080414Th_5,jmPP23mo10O2N1O1O1O1O0100O010O01O1O01000000O100O100O100O10000O010000O1O1O1O11O000O2O00O10O10N2M3O1O2O00000O1000O001N2O00100O0O1O10010O001O00010O010O0100O01O10O01000O0010O01000O1001O0000000O10000O101O00O1O1O10000O01000O100000001O010O00010O00100O010000O10O1000O10000O01000O1O10000O10000O1O010O010O10O001O01O01O001O1O10O0001O01O00001O1O10O00O10000O1N20O1O1O2N1O2MgRmd1
20140828080414Th_6,RPWR13ko1;F3dPNEPo1h0M1O10OO010000O1000001O000O1O1O101OO0100O0001O1O0001OF[OYQNf0hn18ETObQNn0]n1:1O1O1O0O2O1O01O1N0101N3N2ZO\QNLin1N`QNJhn1N]Qgj2
20140828080414Th_7,hTQ_38^o1;M2O0101O1O10O01O02nQN]Ocl1Q1mRNSORm1T1[RNWOfm1b11O2O0:E1O02N10\RNjM\m1]23L2O7H3\N`RNc0am1UOPSN`0Rm1\OVSN>Yn1N1N2N1O1O10O0001O00000000000000O10000O1O001N2O00100O0001O1O1O1O1O1N2N3Lohn<
20140828080414Th_8,XUYm02mo12N101O1N101O010O1O1O000001O0000001O00O100001O00001O010O00010O0000000000000001O01O01O01O01O0000000000000000010O0000001O0O101O002N100O02N00001O000O1000001O0000001O000O11O00001O0O10000001O0010O00010O1O1O001O1O2N10O00000O1000O01000O101O0O101O1O0103M1N1O00001N100O2N10001N10001O1N2O1O1Omiji2
20140828080414Th_9,R^_a22do11aPN2\o1:O2N001000O10O1000O01000001O000010O0000O1000O02N1O1O1O2N1N2N101O000010O001O0010O1O001O1O00O2N110OO2GQO_QNP1`n19O000101O0O101N1O1O1O010O10O10O01N2O100O100O100O11O1O2M10001N10O10000O10001N1O100OO1O2O01O00000O1O2O0O100O1O11O010O1O1O1OcNjNRTNT1Pl1mNoSNQ1Sl1oNlSNQ1Tl1QOkSNn0Vl1SOiSNk0Yl1UOeSNl0\l1TO_SNo0cl1RO[SNm0gl1SOYSNl0hl1TOXSNj0jl1XORSNh0Pm1YOgRNm0[m1UObRNk0_m1WO]RNj0dm1h03M2O1N2N100O2N0I8N2H_QNoNan1Q144N1O2OO1M3O2O001O10000O10O10M3M2O2N02N2N1J6OM21N3001N2N110O1K3GTQN@ln1`090010O101O01O001O1O00000O0O1I7K5M4O1O1M3O1O1000K400@_QNZO13^n1c0mQN[OPn1g0RRNWOmm1k0b01O10KTQNWOln1h07K6DgPNM\o10ci^Q1
20140828080414Th_10,kcaV27ho15K2N2N2O1N2O001N3N2N2M2O0O2O00000O10000O10O2N100O2O1O1N2O2N2N2N3M2N2OO00O2O000O100O107Gg[df1
20140907195814Mh_1,SijW35jo11O2N10000O01OO1O1O2N1O101O00O1000000O1001O1N1ULCTXN>kg1FQXN;ng1InWN7Rh1KlWN2Wh11fWNN\h15`WNK`h17]WNJeh16XVN_OgN`0Rk10VVNHaN8[k1ORVNLbN4^k1NoUN1aN0bk1OjUN6bNJek10gUN<^NDnk1NdUNT1^j1lNaUNT1`j1mN_UNR1bj1nN]UNR1ej1mN[UNQ1gj1nNYUNR1hj1nNXUNP1jj1POVUNn0mj1ROcTNFTOY1Zl1QO`TNJROU1`l1QO\TN]1fk1cNQTNc1Ql1^NkSNc1Xl1\NgSNc1\l1]NaSNd1al1]NXSNf1kl1[NQSNe1Rm1b03M3N2YOeRN]N1L[m1a1lRN_N`m1]1e0L6J4K5^Oa0FV[Sd0
20140907195814Mh_2,_ln\15io13M3N0O101O01O000O11O001O1O000O01O100O2O010O000O10000000000000000000001O010O010O0010O010O010O010O10O1000O0100O010O01000O0100000O100000O010000O2NQU_^2
20140907195814Mh_3,cRUV33ko14M1O1O001O10O02O01O02N1O001O101O101O0N10O01004L1O0O010O01O0aVNGXc19f\NIYc18d\NI\c19`\NJ`c16Z\NOgc12T\N1nc1On[N3Sd1Nk[N2Wd1NkVN@S4OjKd0]i1JdVNEQ4k0`e1@[VNGQ4k0he1HVZN9le1FRZN:Qf1EmYN8Zf1FeYN8_f1F`YN8ef1GZYN8if1GUYN8Pg1EZXNB^Mj0[j1CUXNE]Mj0`j1@QXNIZMh0ij1^OhWN1[Ma0Pk1^OmUNG>]1ji1kNfUNJ?Y1ni1mNbUNL4JSO[1\k1oNZUNN5LQOW1bk1POUUNO7Y1gj1iNnTN09W1kj1kNhTN1:T1Qk1lNaTN2<T1Sk1KkTN6Wk1JfTN7\k1HdTN7_k1I^TNJAoNSl1\1TTNEMlNRl1P3QTNoLQl1h2WTNVMlk1`2\TN_Mgk1\2R1H;I4M2gNSRN<nm1@XRN=mm1YO[RNe0an1CoPNGTo12PkPe0
20140907195814Mh_4,k\SW18do16J6G:G8M3N5L2N001O001:E3N1O2N01O1N100O0O2O10O1O1O0O101O001O000O11O0000O2O1N101OO10O5XOkPN;_o1O1N2O0O1O10O100O10000O0100O00100O00001O0O0JUahd2
20140925195834Ch_1,`iTR14lo13N2N0000O01O100O2N3M4L2N1O010O00O10000O1O1N2O1O01000O10001O00000001O0001N10000000O2O00001O0010O002N2N2OO01O01O10O0100O0100O01O10O01N100010O01O2N6K1N100O2N101N1N3N2N2L5L5K4M4L3M10OO10N2J5O2N2O1O1N3J4G[QNUOin1i080O10O11O00001O00001O00001N2O1O1N101O0010O000000100O0010O1O1002VOYQN5kn1E[QN8Xo1N2OO01O01O01O01O10O02N100O10001O01OO00010O00001O1N101O1N1N3N2N2N2O2N11N2O1N2O00000000000000001O01N1O101M2O1O2M3N2M3N2O1N2O2M3M100O1O001N100001M2N20O10O11M2O1O2O1O2N1O1O0O2O1O1N1O2O1O1004L1N2O001O2M4M2M2N2O4K3M3N1O2N1N2N2N3N4K7I2O0O100O10000O1000O010O10O010O100O10O00010O00001O0010O01O00001N10001O010O001N10000O10O10000O10O101O0O1O2O1N1O100O1OO1O2O1O10001N1O1@oPN0co1MiQSZ2
20140925195834Ch_2,Vlb`24io14N1000O10O01000O010O100O100000O001O10O10O0100O1N2L5N0100000O01000[OFbQN;]n1e0N2O1O100001O00000O2O0O101N2N4M2M3N1O0O101O0000001O000000000000010O000000001O01O000000000000000001O000O2O001N11O01O01OO2N10000O02O0001001O0O01O001N20O00011N5iPN^Ofn1b0ZQN^Ogn1`0YQNBfn1<\QNDdn1<ZQNGfn18YQNIgn16ZQNKen15[QNKen15\QNJen15\QNKcn15^QNJbn17]QNJbn16^QNJbn16_QNJan15_QNKbn15^QNJbn16^QNKbn14^QNLbn15^QNKbn14^QNLbn15]QNLbn13`QNM`n12`QNO_n10bQN1]n1OcQN3[n1MdQN5\n1IeQN9Yn1GgQN:Yn1EfQN=Yn1ChQN=Wn1CiQN=Xn1BhQN?Wn1AiQN;[n1EeQN9^n1G`QN:`n1F`QN9an1G_QN8bn1I[QN9fn1HTQN<ln1;1010O01O010O01OUOSQNd0mn1YOWQNe0Ro11O01O0O010O2O1O1N3N1O1O1O1O0010O0001O010O001O010O00010O01O1O010O100000000O10000O2O000O100O00100O0100O10O00O2M2O101O0O2O0010O01O01O01O010O00100O00010O00O2O000O2O0O2O001O01O101N2N10O00010O00001O001O1O00010O12M2OO1O010O1N3N100O2O1N2O0O1100O1N3BhPNNnPim0
20140925195834Ch_3,oPQb07io13L5DDjPNc0_n1@hQNk0Qn1g0G8L4WOSNYSNR2`l1UN[SNP2\l1n0L3L5M4K4M4L4L3N2NbMhTN6Wk1ImTN6Qk1TO`TNROn0j1aj1QOlUNn0Sj1`NcTNL^1d1oi1\NdVNe1[i1YNhVNf1Yi1XNhVNi1Vi1WNkVNj1Ti1UNnVNj1Ri1TNPWNm1mh1SNUWNn1hh1TNXWNl1eh1VN\WNk1ah1WN`WNi1^h1XNcWNg1Th1oM_UN;_2e1Qh1cNPXN\1ng1eNSXN[1kg1dNYXN[1eg1eN^XN[1ag1bNdXN[1\g1_NnXN^1Rg1`NTYNZ1mf1fNWYNf0_LZO\j1OYYNb0aLXOXj17ZYNJUL=oj1JTYN4kf1LWYN3hf1NZYNOff12\YNLcf16_YNEbf1;b4O010O1O001O1O000O1O2O0001O1GKePN6[o18O01O00O1O1I7N200O10000001N1O2K4N3N2H7O2000O010O10O0001N101O001O01O0O1O1000000O10000000001OUUmV3
20140925195834Ch_4,bn^[22mo12N1O1O0O20O1O010O10O1O010O1O100O010O10O0001O0000000O2O00O100000O01O1000010O00000001O0O101O000O1DDQQN`0nn19O100O1010O1ZOSQN6Po1He0O`Sk`1
20140925195834Ch_5,SXSn06io13N100001O10N3N3L6J2O2N2M2O2QQNSOfn1T10010O7J2M5K4K3N3M;E001O00O10O002O1N6J5L8kWNXM`b1n2X]NUMgb1Q3R]NPMob1Z3d\NhL\c1Z3_\NiLbc1[3X\NeLjc1^3R\NaLPd1d3j[N[LXd1g3d[NYL_d1g3_[NWLed1j3W[NVLld1j3Q[NULRe1<lWNe2m2PMYe18nWNi2d2QM_e15SXNg2Y2UMge12RXNi2S2UMne10QXNk2o1UMRf1OPXNm2j1UMYf1MmWNW3Q1_L_Nd0dh1FmWN[3i0WM\g1]OlWNi0]Oa1R1YNhg1]OjWNe0Ae1h0YNPh1[ORXN;[OT29YN\h1WORXNOSOI<R3ASNoh1SOWYNn3nf1oK`YNa3df1]LfYNW3fi1K4L3SMVSN]2Qm1_MSSN]2Zm1N3K5L4M3M2N1N2N3OO0101O0O2O010O1O1bNdQN10m0nn1M3L4L3M3M3K5KSaVl2
20140925195834Ch_6,dZcW2<bo13N3M4M6I3LGTQNBkn1==O001O1O001N20N2O001N2M3N2N2O1N2N2N2O10N1O1N2O0001O01001O00@UQNLkn13YQNIhn16[QNGen19`001000001N1000O1000001O001O1O01N101O001O00100O0O200O1O1O01000O010001O0000O1O010O10O01O1OegRc1
20140925195834Ch_7,nYU[35fo17M3M5L1O1O0001O1O10O00010O1O1O10O1O00010O0001O0O10000O10O02O0O102M2O0O200O000O1000O101O0O3N2N2N1O104K2N101N2N1O00001O00010O1O010O000101N10O10O0100O100O1000O100O010O1O01O001O2LQeX?
20140925195834Ch_8,__cm21no12N2N10001N10000O10O10000O1000O2O000O100O00001O001N2J5O101O1O010O2O01N2O1O1N1O101O0O1000O10O1N1O01000001O1N1O2N2O1O1N2O00M3O2O1O0O00O2O2N1K6M3ON3N2N10O2C<00001N2N1010O00000O100000O01001O010O0O100O10O1N1N30O11O0001O0N3M10O20O101N2N2N1O2N20N1O1N1O1N4M3N11N01000N2J6O2HmPNATo12feni0
20140925195834Ch_9,^]if05ho17^Ob0H8J9H4L2NTOjQNOWn1OPRNIRn17k0H8O2N11O000O2O001O0010O001O001O1O00001O001O001O01O0O1O2N10O1O1O2O1O1O1O2N1N2OYdTV3
20140925195834Ch_10,S`Wi11mo13M3L3N3N1O1O3M4M1N1O1N110O001O00100OJPQN]OPo1b08GiPNHWo17:O10O010O0000010O0O101O1N101O1O0001N2O1N2N2N10101N1O1O10TabS2
20140925195834Ch_11,fa]P25jo14L4M1AFUQN<]n13_QN0_n1j0O2M4L4M1O2N101N1O0O3NUOZRN@bm1:fRNFWm19mRNFPm1:USNCgl1?]SNSOYO1Ym1g0b100O1M4O2N2O1O2O0O1O2N00100O000001N11O0O20000O10000000O01N20O10O0100O100O1O1N3M2M3O1000O101O0O101O0O110O0000O10000O100O100O1O100O0001O00100O1O10OO2N2M3N110O1O010O0000000001O000001O101N1O100O1O1Ol`Rh1
20141009195814Mh_1,obhf24:Oon19nPNIPo1:lPNISo1b00001O0O2O001N10O1FQQNBon1=;O1O001O2N102H_PNLk\oW1
20141009195814Mh_2,gdhW14jo17K2N100O101N3N7gPN\Ogn1P1N1O10O2O3L4M1N101N5WOlPN=]o1OO100O002O1O1O1O1N11O1O2M2O1O000000O10O100O100000O0010O01O1O001O001O010O010O01O1O0O1N3O000O11N10001O2O0O001O00000O2O0000O10010OiPN@Po1>PQNDPo1<lPNFTo1d001N2N7J1N5K1OoN`QNc0;XO`m12YRNf04[Oam1M]RNk0M[OZn1T11O1O10O2N1O3M00O01O100O00N2O1O101O0O101O2N4K7J2N1N7J2N0010O00010O1O1O2N2N10O0001O011O2OO1N101N10003N11N1O00O103ON01N1O100N2O1N1O2O00O10O01000O2O1OO100O01000O02O1O000O10000O0100O00100O010O2N2O1N1O1O000010O1O001N2O00001O010O1O1O010O00100O0010O10O0010O01O010O0010O01O01O01O01O010O00100O010O1O010O01O010O010O010O0010O0001O01O01O0000000000010O000001O0001O002N2MiSQW2
20141009195814Mh_3,oknf27go14M1NM300100O1O1L4O1O1K5K4N2N12O0000OG:NM500O2I5100OlNVOVSNd0Qm1]OmRNc0Um1_OnQNK533e0km1DmQNJ6b0nm1NQRN1Qn11kQN0Vn1m0O01N3M2cNeQNS1gn1M2M3M2N2O2N2N2N3N2M1O2J6L4MRWiU1
20141009195814Mh_4,gjXW23lo12O2O1N2O1N101O1O1OO100000O1O010O00O100O1M3N11000O0100001O01O01O6L03L1O0O10001O1O001N100O100001N1O100O1O01O010O101N2O1N100O100001O2N1O1N2O000O010O00010O0000010O00010O00000000000000000000000000000O010000O10O10010O0O10000000000O01000O10O10000O10000O1000O01N2O0010O0010O01O1O1O1O1O100O1O2MnSg_1
20141009195814Mh_5,YRkY24ko12M2O0O1RONoQN2Qn12lQNNTn1:cQNG]n1;aQNDan1=[QNEfn1j0001O1O6J2N1O1N100O2N1N200O100O2O1O1N2O000O2O0O01000O010O010O10000O100000000O100O2N\nlb1
20141009195814Mh_6,TT[W13ho16G9I6K5N2N1O1000O010EWQN@in1?<O1L4N2O1O1001OO2O001O00001O00010O0O3Kamdf2
20141009195814Mh_7,d][j28go14L3N1UQNDom1?mQNDRn1a0gQNAXn1b0dQN@[n1c0aQN^O`n1P101O010000O11O0O102N1O0001N1O1O2N001O1O00001O0000001O1O101N00100N100O2O2N1N10100OO100VOYO[RNg0dm1\O\RNb0cm1A\RN>dm1EYRN<em1GYRN:fm1HURN<jm1HQRN9Pn1k0O1O100O1000hNRRN\O52O7om19gRNBZm1>hRN@Wm1b0jRN[OXm1f0o0100O1O10O0GoPNEQo1;83M3M2O2O1O1O0OO010F;N10N3N11O1O0100000O2N1K5O1M2L4002N1N3J5J7G]ORQNe0mn170K6N1NM\OnPNc0So1400O3N1N2O11O000000O00N1J700010O02N10000O1O1O2N10000O1O1000000000O101O000O2N1O1O101N0M22O2O00O1N1100N3N2N1O2O10O01N101N01000000001O001O00O100000000O10000001N101O01O00000000001O000001O100O10000O100000O2O000O1000O2O0O1O1O101N1OUk`g0
20141009195814Mh_8,SXW[15ko11O0O2O0O100O100000O1001O01O10O100O10O001O001O00001O0000O101O0000O1001N10001O0001O000O1000000O10O10000O010O010O000010O00010O01000O01000O1000000O1001N10000001O0000000001O01O000000001O00000001O000O01000O1000O01O010O0010O100O2O0O2O1O1NUh^]2
20141009195814Mh_9,j]a\15fo17I<H1O10O2N1N2O1O001N2OO1O1O1O2L4L3O2N2M2O2M201N1N2N2O10D=^OZQNCln1<=N2O000001O1O0O10O100O1O1O10O0100000000000000001O01O010O010O10O10O10O010O001O001N101N101O0O10O100O100O010O10O10O010O00100O1O001O1O101N100000001O000010O01O100O100O101NUfX\2
20141009195814Mh_10,o^gR28fo15N1O1O00O1O203ON0N3M3N2M3M5K:G100000O3N5OLO10O1O00TOVQN`0ln1[OYQNd0Ro1O1O100O1O100O102N1N010O101N00001O0001O0000000O2O000O1O100O10000000001O000O10000O1000001O000001O00000O0100001N10O10000O1000000001O0000O1000O010O10O0100O010O010O10O010O01O01O00100O000O2D_OWQNb0hn1<O00001O00001O0O100000001O00000001O1O10O01O2N6K2N0O101O0O010000O1O1O0O0100O01001O1O1O1O001O1O001O1O1O1O001O1OO1K5H9L3N2O2M2O2O10O001O1O1N2O1O1O001N2O00000[OVQN5jn1JZQN3fn1M]QN0bn11_QNN`n12cQNK\n16d03J6O02N3MabV`1
20141104195854Bh_1,d\V]26do17N2O0O3M4L2N2N3M2O1O10O01000O2N3M2OO01O0000103L2N0010O00011O2M2OO10O01O002N1O1O001O2N1O1N10001N110O001O3M3L`b[_1
20141104195854Bh_2,_gbo05ko11O1N2O000O1O100O1O001001O00010O0001O1O1O100O00000010O0002N1O2N001O1O001O10O0O101N1O2N101N1O2O0O101O0O2O010O0010O01O010O01O010O0001O010O0010O010O0010O01O00001O001O1O010O0010O01O100O100O0001O00001N1N3LnWSj2
20141104195854Bh_3,PhVf16io14M2O000O10O2N2N2O1N1O01O100O1O101N1O1O100O0100O010O01O01O01O2N5K2N1O101002OO0N4NWOnPNc0Xo10O0102N001O12NO20ePN@Qo1h00N3N2M2O2M3L4L3J`UQV2
20141104195854Bh_4,XiZY15jo13M2N10100O0100001O00O1000000O11O0O1000000O2O2M2O2M2N2O0O1O101N1O2O2N11O5J2O2M1003L1O2mPNXOjn1V1J1N00O6C<I9FjT_c2
20141104195854Bh_5,Tj\c28co17N5K2O1N2O3L1OWOSQN`0Xo1OO101N2N2O1O1011N00N4L4M2M3M2O1OROaQN<]n1AhQN`0Un1_OnQNa0Pn1^ORRNb0lm1]OWRNc0hm1\O\RNb0dm1\O^RNd0an1O2N3M0O2N1N100O0O2O1O2N2MWSiY1
20141104195854Bh_6,`k\n12mo12N2O001O00001O0001000O10O01O010O1O1O1O1O10O01O01O00000000O01O1O001O100O1O1O1O100O1O100O01000O0100O10O1O2NaTWn1
20141104195854Bh_7,ZWkY36do17[Od0N101N1M11M4O000000[OPOYRNS1gm1ROSRNo0mm1VOmQNk0Sn1a000O1000O1N2M4M2M3O2L3O11O1O0O2O1O1bMeNVVN[1ii1jNRVNW1ni1kN_UNMeN[1mk1hN^UNW1bNfNSl15YUNT1Tk1lNfSNIf0Z1ek1oNbSNMc0T1lk1RO\SN3`0j0Wl1LdSN0al14YSNHml1d1B`M_SN`2Xl1lMdSNT2\l1g00O2N2O1M4N10001YOYSNTNgl1h1k0jNoRN[ORm1c0SSNUOSm1f0SSNWOnl1h0VSNUOjl1j0U1001O2OFVQN^Ojn1a0731M3O00O1001N3N1O2N2N2N2N3MWPUa0
20141104195854Bh_8,PTUm08fo14\OF]QN=[m1BZSN3XO?Ym1KSSNJ\Oc0^m1IoRNg0nl1^OiRNj0Tm1R101O5K1OO001O1O1O1O1O2O1kMRSNT1Pm1hNWSNS1Qm1bNUSN\1im1O1001N01fNbQNo0in1O6POPQNd0Wo1O0O0100O02O6I2O000O02OO1000000O10O1O100001N101N1O10O010O0100O1O101N11O1N1O10O001O1Nmi\n2
20141104195854Bh_9,U^Ym14jo12O001N1O2O0O10000O10001O1O001O2N1N200O0001O2M2M3N3O0O010O10O010O10O000100O00000O2O0010O001O001O000001N1O2N2O0HDlPN=Ro1:J5M2003N001OcNXOdSNf0\l1_O_SNb0al1CUSNb0ll1BmRN`0Tm1IaRN8`m1R13M2M3N1N3J6CkQNjNXn1P1?D_QNXObn1g0:O2000O10O2L4O1O101O00001O001N101N1000O1000001O00000001O001O010O10O01000O01000O10O00000001N1000O2O001O010O1O1N2O001O2N001000O001O10O010O1O10\g\i1
20141104195854Bh_10,P]SY15jo11O1O1N2K4O2O0O0I81O0001O10O001H8N1O2O1O01000O010N1000010O010O01O1O001O1N1O2N101O001O0001O0O0N112O6J3M3Lbdbc2
20141104195854Bh_11,YaeU23ko12N3I6O1N101O1N2K401O1O10000001N1N2N3O0O100O1O1O010O10O0O2O010O10OJ@lPNb0on19O00100O0100000001O1O0O01K501O10O01000O2N1O1N2N2N20O0100OO1K5EUOaQNm0^n191O2N2N101O01O1N_OdQNAZn1>c0O3O01O10O1O1O100001O1O0O2O1O1O1O00M3N2L30O100100O2NGJjPN6Wo19010O10O1N1O0N21M2K6O10O1N2O1001N1O2O2O0O10001N100O10O01O1N11O10O01000O1000O10000000O1O2OO10O1000000O2Mocb`1
20141104195854Bh_12,Wace23lo13M1O1O2N100O100nNI[RN7dm1LYRN4hm1LWRN5hm1MVRN4jm1MURN2lm1NSRN3mm1MSRN3mm1NQRN3nm1NQRN2Pn1OnQN2Rn10kQN0Un12iQNOWn12fQNOZn14bQNN\n1l00O0100O1O1O2G]NQRNe1lm19O3M5L1O0000O2N100O1O1O1O100O1N2O1O1000UOZN\SNe1dl1^NYSNc1gl1]NYSNb1hl1_NWSNa1il1_NWSN`1kl1_NUSN`1ll1`NUSN]1ml1cNSSN\1ol1cNQSN\1Pm1eNnRN[1Sm1eNmRNY1Vm1fNjRNX1Xm1jNeRNV1\m1kNcRNU1]m1mN`RNT1`m1nN\RNS1em1c01O1O1GVRN\Njm1b1ZRN[Ngm1a1=O2O1N1K5O11000O1RO^QN=cn1@bQN<an1@cQN<Ro1N3M2N2O2MRajT1
20141120195834Ch_1,Sdd]23lo16K000000000000000000000O2O00001O0000010O00010O011N1000000001O0001O0O2O1O001O100O101O10N1O0O1O100O1001O10O00001O10O1O5K2M1000O1O101N2N1O1O010O1O100O1000001N100001O0000001O0O10001N10O101N10000O100O1000000000O10O01O010O00010O01O1O00001O0001O00000001O1O0010O01O0010O00010O001O001O001O0010O00010O01O001N1010O0001O01O00001O00001O00000000000000000000000000O10000O10O1O01000O10000O1O2N1O1O2O0O2N10eXSV1
20141120195834Ch_2,heZV1280kn14UQN;gn1b0J7K2J6O10O1O1O2O0O1O1O2_O^QNYOkn1c0;N3N1O101O0O11O000010O1O10O01O001O001O100O001000O101O0O1O2O2M2N2O1N3N5K0O00O2M2N3M3M3M2O2O000O2O00O101O00000000001O00001O1O00001OO10000O10000001O00001O2OO01O100O1O0000O101O01O01O01O1O1O1O1O001O001N2O001O010N101O0O1N20EXQN]Oin1a0<0001N2O00010O0001O0O10O10O101M2M3N2O2O00000001O010O00010O100O100O2N106I2M20O000101O1OO00100O001O1O1N2O001O0001O1O10O00010O0O2O00000010O1O1001O0000O11N100O2N2O1N4M2M101N010O1OO2@]QN@dn1:e0M20001N100010O000100O01O100O100O10O0010O01O010O001O1O10O00010O2N2O0O1O10O0O1O10001N10010O0010O01O010O0010O010O1O010O010O00010O001O001O00000000000001O1O00001O00O10001N10001O001O01O01O100O01000O100O01O0O2O001O1O010O000100O0100O100O101N1N3NkWgT2
20141120195834Ch_3,bePb03lo14L4M1O100O101N2N10O0000000O2O0010O01O11OO10O10000O100010000O101N3M1PQN[Oan1\1H0O3M11N4L5L01O1O0]QNhN[n1_101O3N_NgQNY1`0fNZm1\1\RNSOJE_m1X200000dMcRNT2gm1N7I3N3YNjQNY1on1_O3K7H;APVSZ3
20141120195834Ch_4,nhV[33mo11VOObQN3[n11UQNK74cn1;[QNFdn1;ZQNGdn1<XQNFgn1k0M3M3\OiNXRN\1hm1gNSRN\1lm1<0O100N20000O0100010O0O100O2O0O2DnQNeNVn1U1>M4M2O000O2O00001O0O101N1O2O000O2O01O0000001O00001O0100O1O1O0O2O001N101O1N200O1O01000O1O10O01O010O1O1O1O2M3NcWa?
20141120195834Ch_5,WjZP23lo12N2O0O1O2M2O100N1N3N10010000O20O01O01000000O1O10O01O1O010O1O000000O2O000O101N1O1O1O2N100O2O000O1000O1000000O1001O00001O1O0O2O2NiUck1
20141120195834Ch_6,lil`21no13N1N3N1O010O1O010O001N2O1O1O2N2O00000001O0000010O1O1O1O00000001O01O10O00O2O0001O00001O1O3M2N3Mh0XO3N1gQNhNgm1n1MM2M2O1O1O00100^N]RNf0cm1POgRN2[Od0To1O1O3M1001O02O3L2M3L2O0O2MgQ_Z1
20141120195834Ch_7,TobQ22fo1:M2O1N2N2N1N2N1N010L41N3N101000O01000O1O010O10O101O100O1O10000O10O01O001O3_OePN4nPQl1
20141120195834Ch_8,gUWh13mo12N2O1N00000O10O1O01O10O100000001O00010O0001O00001O01O010O01000O0100O1000O10O100O00010O1O100O01O010O0100O2O4L2N3M1O9F3N01N1O2N1O2M3N5J9Goh^S2
20141120195834Ch_9,nXQY23mo11O1N200O1O1000O0100O01O0100O010O0001O01O01O0001O000010O010O01O01O00010O001O01O01O01O0010O0001O01O00010O000010O000010O000001O01O000001O00001O001O000010O01O001O00000000O1000000O10000O100001O0O0100000O1000O01O10O10000O10000000001O0000000000000000000O100000O1001O000000000000001O0O10O1000000000000000000O1000O1000O10000001O0O1000000001O0O11O001LcfV\1
20141120195834Ch_10,j\Q^24ko11N2O1O1O1O001O0O1O10000O10O100O1O01001O000O100001O010O00O1010O00000010O000001O0000000000000000001O00000001O00010O000000O2N100000001O0001O0100O0100O2N2O1N1O1O2N1OZej\1
20141120195834Ch_11,^a_R11mo13N1N3N100O00100N1O2N1O20O10O10O0100000O001O1O00001O00001O000010O001O10O01O001O1O0O2N1O000O2O1O01O100O01M3O0000100O10000O100O10O10O2N101001N3N1O00010OO101O0O2N1O2M2N2N3L3O1O2N2O001N100O1OEfQNQOYn1n0mQNnNSn1f0jQN[Odn1c0<002N1N3N2OO2O0M4L4N101O0O0N4N2O1O2M3O0O101ORbPf2
20141120195834Ch_12,adYo12lo1201O00001O00010O00010O1O1O1O1O1O00001O00001O10O01O01O00O10O10O1O100O100001O1O1O00010O0001O00001N2O1O1N100O100000O1O2M2N2O100O1000O0100000O0100O01O1N1O2M3N101N1O2O0001OO100000001O0O101N101O10O01O0001L3O20000O2O000010O05K4M1OO010O2O0000O010O010O100O100O00100O1O1O1Nj[\h1
20141120195834Ch_13,Ve_[23mo110O000101M3N2N1O10O0001O001O001O001O1O0O2O1O2M2N2O1O0O2O001N2M3K5N3L3N3M3N4K2000O1O1O2N01O01OO2O1O1N2O0O2O1O1O1O001O010O01O1O1O2O0O2N1O01OO2O0001O01O010O1O2O0O01O01O00O101O0O101M2EYNYRN30^1em1iN`RNT1^m1nNdRNP1Zm1ROfRNn0Ym1ROhRNn0Wm1SOjRNl0Vm1SOkRNGGh0_m1AiRNFLg0Zm1DkRNCMOM<\m11oSNBVl1>f1O01000O02N00O2O1O2O1O1N2O2L3L[[V]1
20141220201934Ch_1,h_Zd16io13N6I110N10000O100O1O100O10O101O0O1O1O001000O01010O02N1O2N2N000010O0001O000010O00001N2O0011N10000O10O0001N10001N10O101O0O101N1O2N3N2OO01N10001N2O1O002N2mPN[Ohn1Q1N4K3N00000000O0O1O2H8M3O1N1O2J6M201O1N10001O000001O0O10100O101N101O0O010O00011N6J3N1O0O1O01O01O01O010O1O1O2M101O1N2O2O1N2N2O1O1O1O0O2O0O2N01O011N2N1O000001O00001O0001O000101N00010OO10000O100000000001N8GS^_P2
20141220201934Ch_2,hfX\13mo12N10O00010O01O00100O00100O1O1O2O0URNJjk18RTNMlk14PTN1ok1OXSNk0fl1VOUSNo0jl1SOPSNR1ol1QOfRNY1Ym1LnRNiNPm1Q1YSNjNil1n0Z1C=J8I7I`Xia2
20141220201934Ch_3,enRY3=`o18@\OWQNh0Un1k0O1O01N2O1L4H9M200O2O00O01O1N00N4N2O010001O0O2O2POTQNg0Uo1M2O2N2M2O1O100N1O2LSRad0
20141220201934Ch_4,XoVS13mo10O2O0O100O100O10O10O1000O2OO101O0O1O1O0010O0000100O2N1000O01000O1O1O1O000010O01O0100O00100O10000O10000000O01000O010O001O0010O0001O1O001O01O1O2L4MhQUh2
20141220201934Ch_5,`PSd23ko15M2N3N1O1O3N9F3M2M4M2N4M14M20N05J2M2N2N4I4Jjm^Z1
20141220201934Ch_6,iQam02mo12N1O1N2O001O000001O0001O10O01O1O01O010O1O01O10O10O1000O10000O11O00001N101O1O010O10O10O010O10001O00010O0001O1O1O10O1O1O1O1O1O1O2M2N3N1M4M2N3L2O1O0101O2O1N4K3M4L3N1N2N100001O11O1O000000O1O1_RN^Oak1c0\TN^Oek1b0XTN@jk1?UTNAlk1?QTNCPl1<oSNDSl1<jSNFWl1;eSNF^l1:]SNHfl17TSNMol13lRNNXm13eRNK^m16`RNGdm1=VRN@Pn1a0mQNZOZn1k0]QNUOgn1Q12M3N3M2M2L6J6K8GYkPk2
20141220201934Ch_7,UTSk18do18I5H7N2M3N3M9H5K5M^NlQNV1dn1L0O1N3M2VOXllS2
20141220201934Ch_8,[[YP13lo12N1O2O1O2M2O1O00000O01N2OO2N11O011N1O1O010O10N2H700O1N3N110O1N1O1O1O1O0O110O100O0101N1O3M2O1N3M1O2N2O0O2N2O000000010O01O000O100001O000000O1000O01N2O0100O2N1O1O2N3LVg`j2
20141220201934Ch_9,lcUk23ko13M4M8H2O101N2N2N2N2N3M2N1O00000001N1N2N2L4N20000O2O1O2O0O2N2N1O1N2O000O2OO11O0O2O1O1O100O00001N100Of[dQ1
20141222201814Mh_1,k`Z_26ho15L2N2O1N10000O10000O2O0O1O2N3N1O1N2O000N2L4O10O1O1M3N2O10001N1001O000000O0100001O010O0O2N2N1N2O2N10000O011O01O01O10000000O010O1O010O01O10O00011N3M1O0000O2O00O2O00002N5K2N101N1O1O001OO10000O1O10O10O100N2N2N1O2O1N001O2O1O1O2O0O2O001N2O1O0O2O001O1N3NR_kX1
20141222201814Mh_2,jbdT2:eo13M3M3M2N2O1O01O0O1N2J6N2O01000O20O00000000O2O00000000001O1N2O2MU]Yi1
20141222201814Mh_3,Qhhi24ho16M1O2N1010001O3M5K10O1O1O000000002N2N1N2O0O2OO00100O1O10O002N2N2N2N3MmVoS1
20141222201814Mh_4,RlZR35ko1O001OO1N3O1N1O2N2N2N1O101N2N1O2O0001N2O0O101O001O0O101N1001O01OO10O01O1O1O10000O1O1O0100O1O2N1O2N5DoU_j0
20141222201814Mh_5,[l`m0390Wo1`0M2O001O7J2M10N2N1O0O1O2N1O101O0O1O2N1N2O1O1O010O1O2O000O1000O0100O1O101L[SSP3
20141222201814Mh_6,oP]g12io17M2O1O100O1001O001O000000000O10000000000000O1000O01O010O0010O0100O100O101N100O2O01O00100O1000O001000O10O000000O100O010O100O10O100000000O01O010O001000O2O1O101N100O1O2O0O01N2N2O1N101N02O001O10O0O1O2M4KUlXR2
20141222201814Mh_7,U\o\28ho11N101O001O000001OO2O000O3M3N2N1N1O2M2O2N2N3M2N2O1N2N1N0OI9N2O101000O0O1O1O2O10O10001N1M4G:I9GfdP`1
20150105104334Ch_1,R_nR21mo14J5N101O00O2O000O01000O02O01O000001O00001O0010O01O001O1O1O2N10O010O0100O010O10O10000O1O10O01O010O01000O10O010O1O010O10O100O100O02O1O00000O01O00101N2N1001N10O2N100O100OTQNKnm16PRNKom15QRNLom14oQNMRn13mQNMTn13iQNOYn11\QN8en1`02N1O101O0O100000000O2O1O2N1O2M2O1N1N2N3O000O2O000001OO1000010O1O0100005K1N3O00N10O01O010O1O010000100O0001O0O1OY^kc1
20150105104334Ch_2,fdTj04jo14Kd0_O201N3OO4K6I5McPNDTo1f0N:F7YQNfNXn1d1OO10O3L101N1O100O1OmNQRN5om1H_RNMam11cRNL^m12fRNLZm13iRNKXm13kRNKVm13lRNLUm13lRNLUm12lRNNVm1JQSN5]n101O2N2NcXaS3
20150105104334Ch_3,gf^\34lo11O1O00100O001O001O1O1O1O001O00001N2O001N2O0O2O0O1O1O1O0O2O10O100000100O2N2O0O01O010O00010O001O2N10O010O1N2M3N3N2M3N1O2M3NiXe?
20150105104334Ch_4,fiRa03mo12N2N3M3M1N2O01O011N3M2OO01O010O10O10O00010O0001O001O0001O00001O01O000O10000O10O1000O10O10N2O100O20O003M2N00001OO1000000001N100000O100001O0O2N3MjU[Z3
20150105104334Ch_5,dlhQ12lo15L2O1N100O2N1O00001OO1O00000000O2O1O1H610O1010O010O10OM3O10OJ34100000O1N2M2011O00100O2CkPNLWo1NPQNOhT]k2
20150105104334Ch_6,hUmc12lo14K7I6YOAaQNe0^n1?N2G9N2N100O\O@ZOPSNf0Qm1E^RNa0am1e04UNWRNj1hm1700101N10000lN_RNJbm1OgRN@@1jm1=iRN@A0em1?nRN@_ONbm1b0RSN_OWm1d0Q1010O001O2M3L3K7K4K5O^OkQN[OTn1c0QRN[Oom1a0XRNZOim1d0k0J6L20N3O2O1O0101O2M3N2J4N20onbX2
20150105104334Ch_7,dRmo02mo1001O1O100O10O1000000001O01O01O00001O00001000000O00010O00002M5L2N1O2O0O2O001O1N03N9F2O00O2O1O2N2N000010O3M1O010N10O01O1O1O1O1N2NRlPl2
20150105104334Ch_8,XUo[23lo12N2O001O01O000010O000000001O0O10010O0000000O2O0001O001O00001O01O0000001O01O000010O00001O00000001O010O0010O0010O0000010O1O10O0001O0O100O2N\jd_1
20150105104334Ch_9,PVUW32no1001N101O000O2O00010O00100O1O100O0010O01O0100O1000O0100O100O010O10O0010O1O010O00010O0001O00000O1000000O01000O01000O01000O1O10O00010O1O010O0010O01O1O1N4LkiPd0
20150105104334Ch_10,\\cc04jo12N2H8O2N1O1O3N5K2O0O0O1000O00010O000O01N100001000SNSOgTNn0`j1^OmSNK^1i0Xj1<oTNfN\OONP1ck1c0eTN<Xk1W2000100O00dL_TN[2_k1aMlTNZ2Qk1gMYUNQ2ej1QN^UNl1`j1kMnUNR2ni1nMZVNn1fi1oM_VNo1`i1oMmVNh1Si1TNSWNi1oh1SNUWNk1bk1N1O2N1O1O2N01O01O01OdNTRNd0mm1YOWRNe0jm1XOZRNf0hn1[OmPNLbchX3
20150105104334Ch_11,a[QT1=ao12N2L5M3K5L3O1N2@?0O^OcNcRN]1_m1a01N101OCYNaRNh1`m1;1O2N2N3M3N1RNVRNc1Vn1M3M2N10001N201N2N01O2O0O2M101O]OfQN@[n1;nQN@Sn14[RNH`c\i2
20150105104334Ch_12,i[ei24io14M2L4]NHPSN0VO;gm1LiRNe0Vm1^OgRNb0Zm1AcRN>_m1HXRN8lm1l09G3L4K5J6I7J:G7F^eVU1
20150105104334Ch_13,UZcU22mo14L3N2N101O01000N100O010001000O1]RND_k1>WTNJhk17dSNBTO`0Ym1NaSN=_l1C`SN<cl1DZSN;il1ESSN=Pm1CiRNb0Xm1_OcRNd0_m1]O]RNd0dm1k01N3M2O1O2N1HnQN`NTn1V1?O2M3N1YOXQN6jn1H`QNLdn11Qflg1
20150124081954Uh_1,^dl[15ln12jQN1Tn12iQN0Un13gQN0Xn17`QNL^n16^QN3a0YOTm1d1_RNfN`m1\1\RNfNem1k11N2N5K2O0O1O0010O01O5L1aNiQNN5d0Sn1[O\RNc0hn1H3M;DYZab2
20150124081954Uh_2,ailW31eo10bPN3Zo1;O2N100O1OOXOCoQN<Pn11cQN1\n1i001O001M2G:0N2XORRN[ORn1c0SRNYOmm1f0XRNVOhm1j0f00O11N2N2O1O1H9N11000O02O00002N10O01O011O1O1O1N2O00O1O010O1000001O01O0000000001N3M20O2N2O2NO1004KN3N3M2M3N3M2N3L4KaWWc0
20150124081954Uh_3,do`h14ko13N1O2N2N2N101N2O0O2O10O2O01N10O010O0103L1000O0001O000000000O101N10O2[OlPN;^o1OO00100O1O1O1O10O101N1N2O0O2O001N2O00001O000001N10001O00001N101O0O2O0O2O0000001O00000001O10O01O100O001O1O01O01O010O1O10O00010O0001O0000001O00010O0001O010O00000000000000O010000O1O1O1O1N2N2O10000000O11O00000001N100O2O0O01000O2O00O01000O1O10O0100O10O01000O100O1O00100O10O0100O0001O0000000000001O1O0O1DBTQNb0kn191O001O1O2N0O2O1O00O01O2O2M3N1O1O2O0O1O2N1O2Meo\j1
20150124081954Uh_4,ZQgn23lo12O1N2O1N200O2OO1000O0100O10O1O100O1O1O2N2N2O00000100O0O1000001O0O11O100N1O2OO010O2O0O010O1O3M2N2M3LamRn0
20150124081954Uh_5,ZRcT158N6O`n17VQN>hn1?N5K2N1N2O1O0O100O01O1cNeQNU1jn1I2M200O1O1101OO2O00O4L2M2YQNPO\n1Z10N3M4L5J8H4M2O1O1N2O1O1O1O2M3Mmkfh2
20150124081954Uh_6,PVcR14do1<I3O1O00O2I6O2O10O10O010000O10000000O10O01O10000O100000O1001O0001O0O10000O010OO2N100010O1O001O001O00000O100001N2O4LRkfi2
20150124081954Uh_7,UX[k12mo12N1O101N1O1O2N3N2M3N8G2ZQNWORn1k0kQNWOSn1m0gQNXOnm1b1XOWNWSNk1hl1WNUSNl1jl1VNoRNQ2ol1b0N3L5cSNQMak1U3WTNnLhk1V1RTNiN3T1NQOjk1o0kTN`0Sk1[OUUNd0hj1mNjUN@]NY1hk1VO\VNc0di1^O^VN`0ai1QO]TN1U2k0_i1QOaTN2R2k0\i1POhTN2n1k0dl1M2N=BPf^R2
20150124081954Uh_8,TYoQ14jo13YQNM\m17aRNL\m17aRNLZm19bRNJZm1;_RNK^m1:[RNJdm19XRNIgm1;URNEgm1[1O1001O1fN`RN5`m1JdRN3\m1LjRNC_ONfm1<RSNA\O0cm1=dSN_O\l1`0b1O2N2N3M3L4MSh^l2
20150124081954Uh_9,jYWW21mo12N2O1N2O1O1O1000001O0O102N2N00001OO2O000O010O10O0010O10O10O10O10O000O2O1N2N2O10O0100O1O2N2Ngfje1
20150430082014Th_1,hdni23do19N2O00000UMERVN;oi1FoUN9Sj1HlUN6Vj1LgUN0^j11aUNMaj15\UNKfj16XUNHjj1:SUNGnj1:PUNFQk1;lTNEVk1<hTNDXk1`0dTN@]k1e0]TN[Oek1e0YTN[Ohk1d0XTN\Oik1c0WTN^Oik1b0VTN^Okk1a0UTN_Onk1>RTNBPl1=nSNDSl1<lSNDUl1<jSNDWl1<gSND\l1;cSNE`l1:]SNGel18YSNIil16USNKml15QSNJRm1=eRNB\m1`0bRN@_m1`0_RNAam1a0]RN^Oem1c0YRN]Ogm1e0URN]Olm1d0QRN]OPn1d0lQN]OXn1b0dQN@an1l03N0O1N3M2TOTQNa0on1]OUQN?Yo1L4CP]iR1
20150430082014Th_2,eij\17io13L2N10001O00100001O1N10O00100O1O1O00001O2O1N23L1O000O1O100001O0001N3M2N1N101M^Ue`2
20150430082014Th_3,Rnd[36eo16N1O1O010O000O11O00100O1O001O1O001O1O0100O010O100O00001O1O0IFhPN<Uo18O2N1O2N11O001O1O1N1O2N2J6N3N6IVS[a0
20150430082014Th_4,nm``21no12O1O101N2N1O2N5LO01O01O100O1O3N1N00010O0001O1N1010O100O01O01O0000001O1O001O01O01OO2O000O2O001O1O1O010O0000O10001N100010O00010O000000O1000001O00000010O01O001O00001OO2O000O10000O011O0O100001O0O100000001O002N101N1O100NTQeX1
20150430082014Th_5,^VYg14io15L2O1O1O10001O01O010O1O010O0002OO0000001O0001O01O01O0O101O000000O10O01O10000O10O1001O000O10000O10000O1001N10001O1N101O0O1O2O1N2O01O0O101N1O01000O0100000O01000O010000O0100O010O1O1O001O10000O02O00010O001O001O00000001O0O101O000O0100000O1O10O010000O010000O001N2N1O2N3O000O10000O1O10O01O001O010N1N3N101000O1O2M2N2000O0101O0O110O0001O0O10000O100000XOlPNd0Zo1N01O01O0000002N00001O000O010O10O10O1O001O1O01N1O101O001O00O101O0001O0000O2O1O1N10100O0100O01000O1O2OO01N100O101O0O2O1N1O2O1O001O1O001N2N3N100O3N3N03M10N1O101M3N1O1M3@dNTRNc1im1<N100000[OYRNQOgm1m0^RNoNdm1n0`RNnNbm1P1i0N1N4M8G4M1O1O2N1O1N101N2O010O10O10O10O10O010O010O001000O001N2N1O101O0010O101O0O1010N10001N100O00N2O11N2O010O10000O10OO1O2O001000O10000O1O1N1O2O1O01000O02N1O10O00001O0010O00010O000O10O1O0101O01O00001O10000O010000O0010O1O1O7IfmTa1
20150430082014Th_6,c[Yl04jo12O2N00100O1O010O10000001O00001O000000000000000000000000O100001O000000000000000000O10O10N2O1O0101OO10O10O1O1O1O1O10O00O1OO10O1010001O0GASQN?mn1CoPN=So1O8K40K601N2O000OM211O101N2O001O10O001O00001O1O0O200O1O100O01000O1O01000O1001O000O2O000O2O000000O100000001OO10000000O10000O100O100001O00000O100000000000000000001O1O101N001N101O00010O00O2O000O2N01000001N2O00001O00O10001N100O2O2M2O001O001O101M5L1O1O0000000O10000O10O01O100O1O0010000O10O100O2O001N2O00001OO10000O100O100O1O100O1O10O1000000O100000101N2N2N1O002M2O1O1O0O2O0O2O1O1N2O001O00001N100O100O1O2O000O2O00O1000O010O1O100O10000O2N_fla2
20150430082014Th_7,`^gh25io12O2N1O0O2O0O2L3O2N10O10000010000O10O1000O1O100O2N100O1O1O100O10O10O10O1000O0001O000O010O1O1000O2O0O10O00010001N3LobdS1
20150430082014Th_8,V_mb03lo12O1O0O100O10O0100000000O10O10O1O1N1N3O000O11O00101N1O1O01000O01O1O0100000000000000001O01O01O010N10001N3N2N001O0001010O100OO010O01O01O1O1O100O1O00010N1000100O1O101N00001O00O10000N2M3N1N3N1O2M2OM3001M2O2N2NJ61O0101O1O1O1M4N2N3OO04L3KWbhU3
20150601122834Ch_1,kbhX33lo12O001O1O1O2N1O1O2N6J2O0O1O101N1O1000O010O01O01O01O00001O10O010O001O0O1N3N1O2K4N201O0O101O0O2O0010O01O2O2Ma\kc0
20150601122834Ch_2,honc21no13N1O2N2N3M4M3M1N2O1O101N16J01N00O10O0100O02O3L5L2N1O102M1O0000O00001O0O101N3M3M2N3N1O1N2O1O100O00100001O1O100gRNBmj1d0jTN_OVk1c0fSN[O14Zl1c0_SN]O32_l1b0ZSN@31dl1g0mRN^O15Tm1o11O1O9G2O1N2SO[RNZOhm1b0\RN\Ogm17TRN\O6<om1HTRNJM>Qn1CVRNMJ?Sn1@cRN?_n100O1N2O2M3N3MRlPW1
20150601122834Ch_3,]Poj04lo10O1O1O2N1O10000000000O1000000000000O1000001O01O0100O010O010O0100O1O100O1N3N1M_o`R3
20150601122834Ch_4,SYWY34ko12O1O0010O0010O000100O0011N1O100O100O1O2O00000O1000O10000001O00O100O1O1O1N2O1O1O001O1O1OQfnc0
20150601122834Ch_5,n[if24ko12N2N1O1N2O2N100O10001OO010001O00001O000000000001N010000O101N1O1O1O11O00001O010O00001O0000001O0@hPN8bo1N1O2M3MnclU1
20150601122834Ch_6,a^Ul12no11M2K6O1O00001000O00100O00100O010O01O100O10O00001O000000000O1O10000O100000O1000000O1001O000010O0000101N2N10O010O00001O1O100O1O0010O00010O00001O00010O0010O01O1O1O0000O10000O100000001O0010O00010O000001O00O010000010O000000000O1000000O100000O1000O10000O101O000O01000O100001O0O10001N010O10O10O11O0O101O0O2M2N2O1O2O0O00M3O2O010O10000O1O100O10000O100000O01O10O10O10O1000O1O01000O01000O01000O1001O0000O010O1O010O10000O10O10000O100O1000O10000O101O001O1O1O1Mfahe1
20150602122934Ch_1,hhRc23X2O[k12oSNOnN3Qm1OnSN3lN1Um1LlSN8kNOXm1JjSNl0Vl1UOhSNm0Xl1SOeSNn0\l1SO`SNP1al1PO\SNR1dl1nN[SNR1gl1nNWSNR1kl1oNRSNR1nl1oNPSNQ1Rm1POjRN;HEbm15ZRN:\n1d02N2J6M3O1M4J6L4M2M3H8M4McVU[1
20150602122934Ch_2,amlT23mo12M2O001O0001O0000000010O01O00001O00O10001O00001O0010O010O0010O0010O01O01O0001O000010O000010O0001O00001O00000001O01O000010O01O010O010O01O01O01O010O000001O000O1O2O0OlQme1
20150602122934Ch_3,]PQW13mo11O1O00000O2O000O2N100O2N2N1O2N10000010O1O01O010N2O001N1O100O10CnPNJSo15<0100O001K3002N2N110O1O0100O0100O010O1000O010O10O010O010O0O2O00001O001O0O2O1O0A@_QN`0an1C]QN<en1DZQN:hn1GVQN9ln1GSQN8nn1IQQN7Po1JlPN7Vo173M4N1K4N4N1MTQac2
20150602122934Ch_4,\PQo26ho13N2@KQQN8nn1>O1O10O1N3L4L4L201O1N200O1O11\PNI\o1a0M2N1N100O1000001O001O010O00001O01O1O1]OnPN5So1GQQN8\o1000O1O2O0N2O001N10001O1O1oQN^Ocl1c0ZSN@i0Mii1c0[UNCh03ii19\UNGg03ni16YUNId04Uj12UUN078ej1HRUN464jj1GmTN880mj1GiTN<8MQk1GdTN?0ROAi0mk1G^TNa0L6gk1ASTN<3JKSOSl1U2nSNhN]l1]22N2M4M2M3H7M4L3mMiRNo0dm1nNaRNl0dm1iNkRNo0Vn1RO[QN7\o1GUlRl0
20150602122934Ch_5,oRQj12mo12N2O1N101O001O100O1N101O0O1000N2N11000O0101N100001O001N10001O01O01O000001O00000010O001O001O00001N10000010O000001O01O01O01O01O01O01O01O00001O01N10000010O01O00001NhljP2
20150602122934Ch_6,_^]V23lo12O2N1O1000000O2O000O01O10O0001O00001O001O01O01O0001O00000O10000O1001O000000000000000O1010O00000010O00000000000000001O01O0000001O000010O010O010O010O001O01O01O01O001O001O0001N1000000001O0001O01O00001O000010O01O0001O10O0001O0O1000000000000000O10000O010O1O1O02O00000O10000O10O10000O1O1O10O10O010O10O02O0O101N1O2O0O10000O1000O001N11O1O0100000000O00101O0O1000000001OO100O010O10O010O01O2O000O1000000O001000O010O1O0O2O10O01000000O10000O01O010O010O0O100001N1000001O00O2N2N2O2M3KXbjZ1
20150619133554Bh_1,_]hR12ko15K4L4M3M4M4K4K6J5L2N2N2O001OYOdQNL\n1OkQNNUn11oQNMom13URNKhm17ZRNHdm18_RNG`m19bRNF]m1:eRNFYm1:iRNEUm1<lRNDQm1=QSNDll1=VSNBil1>XSNBfl1>\SNBbl1>`SNB^l1>dSNBZl1?gSNASl1d0nSN[OQl1f0PTNYOPl1g0QTNYOok1?YTN@gk1>]TN@dk1>_TN@bk1>Q2N2N2O2M2Mgd_j2
20150619133554Bh_2,U``Z17ho14L4M100O001O010O01000O1O10OO10000O0101O1N2O001O00010O00O2O1O001O1O001O1O1N2O2N2M2O1N2O0O2O1O001O1O000001N101O1O001N2N2N2O1O1N3O0O0O2M201O0O2O10O00010O100O2O0O10000000O1010O0000O100001jPNBfn1m00001N1_QNQOPn1o0mQNTORn1m0lQNUOSn1l0lQNTOUn1m0gQNUO[n1W12N1O1O1N2O1N2O1O1N2O001O010O1O101N1O2O0O10O10001O1O0O2O1N100O1O01O01O0000N1O20000O3N2N2N100O1O001O001O1O1O1O100O1O10O1000001O1N100O00100O1O101N2N100OO101O0O100O100O1O10001N100000000001N10001O1O001O1O01O0000100O1O1O010O000100O2N2O0O1O10O010O1O001O0N2L5M2O101O0O100000010O0001O1O001O1O0001O00001N10O2O01O02N4L1O100O0010O01O00010O001O001O010O01O010O1000O01000O1O100O0001O0010O01O010O000100O1O2O1O4L0O00010O000O101O0O101O000100O2N2O0O10O01O00001O0000000001O0000O1001O00001O1O1O1N3N1O1O001O2N4L2N1N2O001O000001N101N2N2N1O2N10001N11O01O01O100O0101N2O000O01O01O00010O00100O1O1O100O001O1O001O1O100O1O2OO010O0100O10O011N100O20000O10O00000O10000100O0000O10O00101N2M4N2M1O1O1000O01O010O02O0O10O00010O0100O100O001O1M2O2N3N1O1N3N1O2N2N1O2M3M3L3M4LfXUh1
20150619133554Bh_3,Z`Pc2:ao16N2O1O01O01O000010O01O100O1000O1001O2M101O1N2O0O10O00010O01O1O100O1O2O1O1O00001N10O000O2J5N2N3N1O100O1O2O0O2O2N2M3N1O000O2N100O2O1Nk^iX1
20150619133554Bh_4,ed^U35io14M2N100O010O100O100000O010O10O10O0100O100O2O00001N2O1O0O1O10O1O010O1O001O01O000O1J6010O01000O1O0010000O100010O01O001O100O1O100O1O10O01O1000O1O100O0010000O2OO10O100O10O010O0100O2N2O0O2N2O1N100O0110O0000O110lQNQOVm1n0fRNTO\m1m0_RNUOcm1R1QRNQOQn1^1001O00001O100O1O010O101O1O10O2M5L0O1O10O100O1O01PSNZNdk1f1[TN\Nek1e1WTN]Nik1d1UTN]Nkk1e1QTN]NPl1c1lSN`NTl1b1iSN^NXl1d1eSN]N\l1e1aSNZNal1g1\SNYNfl1h1VSNYNkl1]22O1N3M3N0O101OO010010O0002O2M2N1O100O01O002N3M2N1O1O1O1O1O00100O2N100O1O100O1O11O1O100O1O1O5K0000O100O2N2O1N20O6J0O2bRN`MYm1d2O00011iRN\Mnl1m2O2OO000001O00N3M2K6L8J3M2M3O1N2N3M3L3L6EfQNfN_n1U19L3M3O2N2M201N2N5L1O1O1N6HXVa;
20150619133554Bh_5,hdP`0<bo14\Oc0M3D=M3N5K2N1O010O2N100O00bNWRNf0hm1TOeRNe0[m1YOiRNf0Wm1XOjRNi0Vm1UOkRNl0Vm1QOlRNo0Rn11O0010O01O2N2N3L4M2N2N5K`NQRNQ1nm1kNWRNT1^n1L7I2N2M2O1M5M5J3M3LgYU]3
20150619133554Bh_6,ck`Y25ko12N1O1O1O1N2O100O1O0010O01O1O1O1O2O00O101N1O1O2N100O1O001O001O010O00010O0001O000000000000010O0001O0010O00010O010O10000O100O011O0O100000O1O10O01O2O0O10001N2ORSaa1
20150619133554Bh_7,VSeP17ho12N1O100O1O1O1O1N2N200O1000O0100O100O1O1O001O1N1M4N2O100O0O2N2O0100O1O1N1O2J6N0O2N2O2N10ON02O201O001O001OO1O101O0O11O00O101N2N1000O01N3N101O1O1O4Ionfj2
20150619133554Bh_8,`VQR36ho14L3N2N2O000O10O1O001O10O001N0N3O100O1N3O0010O0100O010000O10000O1000000O10001O0001O0000101N10O0010O10O100O1O100O100O1O2O0O1O0100O1O01O10O01O010O1O1O000010O00010O0001O01O0O101O1M3O0O101O0O10O0100O0100O100O100O100O1N1O2N2O001N101O1O1O1O1O1O3Lki\f0
20150619133554Bh_9,kZc>3lo12O2M3_PNOon13mPN0Ro1`0O00000000O10O100000O101O000O100O100O001N2O00001O010O01O10O01O001O10O10000000002N0O101O0000O10001N1O1O2O001O00000000010O00010O1O1N101O1N2N1N2O1O1N^O_QNI^n17gQNGWn19nQNCQn1>b05N21O11O0O2O1O010O1O001N2O101O0O10O0100O100OF;N101L3O2N01N3M3M201O1QOYOcRNi0Zm1^OVRNn0hm1e0O3NRO[RNRON5fm1h0lRNVOTm1i0oRNUOPm1i0TSNVOjl1i0[SNTOdl11]RN45Hln11`i^Y3
20150620161314Mh_1,Y^T\13mo11N2O1O0O101O0O20O01O000000001O0001000001OO1O010O002O001N010O01N101O100O1O001O01O01O01O2N01O01O00001O000000000000O10O10O10O001O010000O02O01O01O1O010000O100O10O10O100O010O00010O0001O001O10O01O10O01O1O0100O100O2N2O0O01O01O000O2O1O1N101O2M``]\2
20150620161314Mh_2,^_P`21no1101N2O001O00001O00001O0O2O1O0O2N100O010O01N2N10100O10O010000O10000001N100010O01O000010O01O0010O01O00100O00100O1O01OO10000O100000000000001N1000000O10000N2N200000010O01O010O0O101N10000O1001O01O2O1OO100O010O0001O00000N20000O100001O01O01O001O0010O001O00001O0000001O010O000100O1O00010O0001O010O000100O10O01O010O1N2O2N2M3M2O1O1O1O100O010OO101O00000O001O1O001O1N6J5M2N1N110O0002O0O002N2N2N0O2O001N1O2O0000O2O01OO6K2N1N11O01O02N100O1O1O1O10O0001O010O1O010O001O000O2O000001O0001O000001O0O2O0O101N10O10O10O10O1O1O1O2BcPN7eo1M2O2MT_ko0
20150620161314Mh_3,U`Tf15jo12O1O1N101O1N3N1O1N2O1M3O1O1O000O1000O01O1O10O1N11001N10001N2O001N2O001N2O001N10001O00010O1O0100O1O10O02N1N2O00100O0010O0010O0001O1O010O1O01O01O010O001O1O10O01O0101N4M0O1O100O1O2O7H3N1N1O2WQNkNdn1Y1O1O010O001O1O0011N7J1N10000O1O100UOWQN=Xo1O0O100O2O1O1N1001N100000O10O010000O100O1000O100O0001N10010O2N01O100O2N3M3M2N100O0100O101N1O0O101OOO2O1O001O10000O11N10001N3N2N1O001O1O001OO1N2000O02O0010O00010N1000000O2O0001O00001O001O01O01O010O01O10O01O000O1001O1O1O2O0O001O00010O00010O0001O1O2N2N001N101O1O1O1O1O1O1O01001N010O01O001N101O000O2O000O100O1L4N2O010O10O010O10O100001O0002N2N00001O0000010O0010O00100O1O00001O00001O0O101O000001O000001O00010O1O1O1O001N101O1O001O000100O00100O010O010O0010O1O010O1O1O1N1010O01O0010O02N2O9F2O1N2O1O000000O001O1O1N3N1O0O2O1O100O1O010O010O1O00001O001O1O001O0010O00010O001O010O10O010O1O1O001O1N100010O01O11N1O100O010O2O5J2O0O100O0010O010O10O0100O0010O01O010O1O100O002O0O1000003L2O0O00100ObQNVOgm1j0VRNYOjm1g0TRN[Okm1g0RRNZOnm1m0jQNTOWn1m0eQNVOZn1X1010O01O100O10O1O2N0O101O000O1H8N2N3N101O1N3O0O1O010O101N2N0O1N3N1O10000O100O1L4N200O100O1O10001N1OXYWZ1
20150620161314Mh_4,Ydne03lo15K4M5K1N2O001O001O2N6J1O1O01O001O001O1O3M2N00001O0000O10O10O10000000000100O5K2O1N10O100O1O01O01N100010O0100011O2OOO0000O02O1O00O0010O2O1N1N101O0O101N2NZZWU3
20150620161314Mh_5,bl^d12no11N10000O10O0100O100O010O100O10O010O01000O01000000O10000YLMaWN3Zh14dWNMZh19aWNG^h1;aWNE_h1=_WNCah1?\WNBdh1b0XWN^Oih1c0VWN\Ojh1g0SWNYOmh1i0QWNWOoh1m0mVNSOSi1P1jVNoNWi1T1fVNlN[i1V1aVNkN`i1Z1ZVNfNmi1\1jUNdNXj1[1fUNfN_j1V1`UNiNcj1W1YUNkNgj1W1UUNkNlj1HfSNY1V1POUk1DiSN\1o0POZk1BiSN:Je0Q1@lk1DWSNl0j0@^l1`0_SN@cl1b0XSN@il1a0QSNBRm1<lRNEUm1<gRNGZm1:`RNIbm1X12O2N9G3M3M2L4I7M4oNUQNf0Wo1K8BTUSW2
20150620161314Mh_6,Uk^g22lo17J3M2N2O1O1O2O1N100O1005K1O0O1102OO00O1O0O1O10O0001O000010O0O2O1O001N101O010O1O010O2O0O1O010O10O10O1000dPNFPo1:nPNIRo18jPNKUo1b0O1O1N100001O001O2ZOoPN8^o1N1000O01000000O10O01O010O0010O01O10O010000O1O001O1N\RkR1
20150620161314Mh_7,`mb\17go14L4N2N2M2O1N2O10O101N10001O1N201O02M00001O1O1N1O101N1O2nPNUOln1P1O10O1O2N3M2N1O1O1O001O0O2O001O000O2M2O101N10O0100O10O01000O010O010O10O01O10O010O0100O0000000001O0N3N2N3N2NkQW^2
20150620161314Mh_8,d[ag01oo11N101O000O10000O1O1O01000O01000O010O100O100O100O1O0FHmPN9Po1LlPN5To1<0O10O0101O0O101O000O2N100O2O0O1O1O010O10O001O0O2O1O010O11OO01000O1O1O10OO2O1O100O10O0100O1O1O1O001OO1O00O2OKQQN[OQo1c06O1O1000O001000N2O10000000O1O1O2N2O00100O1N101O10O01000O102N2M10001N10O10000O10000O100O1N1OHoPNEPo1:TQNBln1?92O0O2N1O10O2N2O00001OO01O0O3N101O0O2O1O010O01000O0100000000001O0O1000000O010000000O10O100001N101O001O000O2Nmghl2
20150620161314Mh_9,U][m22mo11O1O2O001N2N2O0O1000000000001N100000000O10O10O1O010O0100O1O00100O010O01O001O0O2O00010O00001O01O010O00010O0010N1L4N30O00100O001O1O1O1O1O1O1O001O10O01O01O0010O010O01O10O0100O010O100001N10001N2O000O2O000O1000O02O0O2O1O1NYdhk0
20150620161314Mh_10,k]YW23ho16L4M4M2M2K5N2G9O1O100O100000O1C]QN]Odn1`0`QN]Oan1b0?O010O1O000BhPNM11Xo10`0O10000O100OXcff1
20150623152934Ch_1,Z^PV26ho13M3O1N1O1O1O1OO2N1O11O1O0O2O100O1O010O100O10O0O1001000O2O1O1O001N10001N10000O1001O0O10000O2O000O1O100O20O001O1O10O01O11O001O0000O1000000O1O2O1M10001O000001O00002O3L3N0000O010O10O0001O00000O1000O01000O010O100000O10000O1001O01O01O1O00100O0010O01O010O0002O0O100O01O100O010001N2O0O1O2N103L2Mj`m`1
20150623152934Ch_2,ecbX32mo12O1O100O10001O0O1O010oPNKTn16lQNKSn16lQNKSn15mQNKRn17mQNISn17lQNJTn17kQNIUn17kQNIUn17jQNJWn16fQNLYn17[QNC18dn1m0O0N2L5O2N1O2N2N2N0O2OO10O10O1O001N11O00100O00101O01O01O1O001O1O001O0010O01O0010O010O100000VRNTN_m1m1]RNWNbm1T201O8H2N1O1O2N000015K00O2N5K1N3M10E:N20O10ClRNmMVm1P2nRNnMSm17hRNZ16^NTm14jRN\1fm1aNbRNW1Vn1N2O1]OZQNHgn15]QNHfn14^QNIgn1O`QNLSYUa0
20150623152934Ch_3,fe\[13bo10bPN5Zo1;M2L4L4N2O10O100O1N2N1N3G9N110O2M3M4KV[Yc2
20150623152934Ch_4,\nXe22no11N2O0O101N1O1N2O1O1N2N2N2M201RO_O\RNb0bm1DYRN<gm1HTRN9km1JRRN7nm1LnQN5Rn1i03O1N1O2O1O1O0O2O2M4_O[QN]Omn1`0=H8KcSaX1
20150623152934Ch_5,]ld`24ko12O100O100O2O1O1O3M8H3M1O10O3M1N11O02O00\QN@em1i0oQNZORn1f0hQN^OYn1S13N3L3L3M3N2M3L4I9AeRY]1
20150623152934Ch_6,omVh2a0_o12O000oPN@an1?^QNEan1:]QNHdn1JWQN435on1KlPN9So1:1O1O1O001N101O2O1N2N100O0100O01000010000O0000O1O01O01O010O10O2O1O2N1000O2M8H4KoohT1
20150623152934Ch_7,Pohd03lo13N2N3M100O10O100O10O11N00010OO101O01O010O100O1O00010O0001O001O01O01O0010OO2O000O1000O11O0O101O2M2O2NCiPN2Wo1KnPN3Qo1KSQN5NK`n1NcQNf0kn101O01O001O2O15K0OO1001O100O01O010gPN\OUo1i01N00O10O0100O2O0O01N101O00001O1N2O1N2O00O110O10000O2N2O1N1O11O00O2O0O01O1001O1\QNXOkm1n0hQNZOWn1Y1O5K4L:F2N00100N3M2O1N3MZNjRNe0:aNTl1c0lSNn0JcNYl15ZTNg1fk1VNcTNd1Qm1L1N01O101N<D2M4MnMcRNb1\m1\NiRNb1Vm1\NRSN_1nl1^NVSN`0^O9Wn1CTRN7km1FXRN;fm1C\RN=dm1A^RN?cm1^O_RNb0am1\OaRNd0]n1O2O001N5L2N3L3M3Kih^Q3
20150623152934Ch_8,Q[ch16jo14L100O1O10O0100000O10O101N3N2M1000O1O1O1N101O100O0010O0010O1O00001O0000O10000O100001N10000000O01000O1000O0100000O10O10000O101N10000O1000O0100O101O0O10O1O010O10O10O01O01O1N01L40000100O010OO2N1O11O001N2O0010O1N1O2O2N100O1O1O001OO100000O1NO201JPQN]OPo1b07010O00O1O2N1O1001O10O1000O10O10O1N1O2N1K6N2O00101O00010O1O100O01O10O01O2M2O1O0O101N1N1O2O1000O01000O0000M3N3N100O2O00O2N1000O0001O100000000O100O00110O010O01O0O1O20O10O1000O101O0O100O0000N3N2O10000O10001O0010OO101O0O2O000O2O001O1Ogg`h1
20150913082034Lh_1,]TQ[29do14M3N1N2G9N1N2_O`0L41O01YOcNlRN\1Um1oN_RNi0jm1c04M2H9G9J7H8M8^OjPNKPmdc1
20150913082034Lh_2,oUYa17io13M1O0001O0001O00001O001O010O001O2N5K2N2N1O10O010O010O000O2O000O100001O01O4M1N2N2N1O1O00001O000000001O010O00001O0000000000000001O00000000001O01O01O001O01O0O2O0O2N1O3LVi^Y2
20150913082034Lh_3,g]gT15ko12M2O1N1000000O10O10N3I6000000010O0001O01O00001O000000001O1N2O2N1O1O001N101N2N2NWbfh2
20150913082034Lh_4,Uam^29eo13M2O1N2N20O100O2O000O2O000O02O000N3I6O2N1O1O10O1O1N2O2N3M3N1N100O2N1O10000O10000O100O010O100O10O10O10O100O2O00O3L\_^]1
20151003081954Uh_1,`fP_23go18L4L6K;E4K4N2M2M2O1N2NWOjQNMTn1OSRNOlm10WRNOim10YRN0em10]RN0am10aRN0\m11fRNOYm1OiRN1Vm1OlRN1Rm1OPSN0nl11TSNOjl10YSN0el10]SN0bl1O`SN1_l1NdSN2Yl1OhSN1Wl1NkSN2Tl1NlSN3Rl1NoSN2Pl1MRTN3lk1NTTN3jk1NWTN2fk10[TN0ck10`TNN_k13cTNK]k14eTNK[k14hTNJXk16iTNIWk16lTNHTk17oTNGQk19QUNFnj19UUNEkj1;]2O2O0O2M3KkZk]1
20151003081954Uh_2,WXY\33ko15L4K4M2N2N1O2N2O2M4QQN^OZn1U1N10000010OO10O10O001O01N2K5N2N2O1O1O1N2O1O0EWQN[Oon1c08N0100O10O101O0000001O1O1O1N3Elhb`0
20151003081954Uh_3,`\kT37go14M2N2O0N2NN3O1O01N3O00010O1N101N2O0O2O000000001N100O10O1O2OO101O0000000O101N2O0O1O100O2L4N1O10I7O01O10N2O100001OO10000O1O2O001O0000O2N100O1O1O2O01N2O1O1O101O0O010000O1N21O1O2M3N2M2O1O0O2J6MZfTe0
20151003081954Uh_4,f^iY24ko12N2O1O2N3M1O0000O010000O100O1000O2O00000O100N2N200O01000O0100O1O100000000000O10O1000O01000O0100O10O01O1O1O1O1O001O0O2N2M200010O1O100O2N3M2N3L4KRbda1
20151015170634Ch_1,^aVj04do18M3N2N2O001O0000O1J6O101O001O0010000O10000010O00001N2O000N3N1N3K4O1O10K4O20O01O10O10O10O10O01000O02N1O1N3N1010O100O10O0001O00000O10001N110O0011N2OO01O01O3M2OO00010O0000O2OO10O101O0000O10000O10O10O010O001O1O0010O0001O01N110O001O01O00010O01O001M2O2N101N101N101O1O101N1OV`[m2
20151015170634Ch_2,jf^U14jo14N2N3M2O001O1O4K01O00010O0002M2O001O2lPNXOmn1Q1OnNTQNk0Ro10N1O20O1N00100O2N01O2O4K2N6K01O1N000XOYQN9fn1D^QN>^n1BbQN?]n1@jQN<Sn1CQRN=mm1BURN>jm1BVRN?jm1@VRNa0im1^O[RNK[Oa0Yn1DbRN<\m1DfRN;Ym1DkRN:Um1EmRN;Rm1CoRN?Xn1100N3N2N4K3O06J1OO0010O0O101O2O1N1O115K0O000O101N3M2MkU_e2
20151015170634Ch_3,`llT25>Ndn1;YQNHTm1NfRNNP1`0oNKXm1OdSNT1Sl1mNlSN]1jk1dNUTNj1]k1XNaTNj1^k1VN`TNm1^k1TNZTNU2ek1mMXTNV2fk1lMVTN[2ek1R1OfMYTN9gk1E^TNcNI23`0gk1f0dTNcNFO7d0bk1g0fUNgN_N2mk1V1fUNeNaN0lk1Y1^2M2O1N1N3N2O00001O101TOUQN4M2Zo1JjPN3co1O1NeTSi1
20151015170634Ch_4,VQSc04ko12O1N10000000000O1000001O01O01O000O2O000O2N100000000O2O000O2O1O2N10O2N10O00010O1O1O1O1N102N3M1O1O001O10QOUQNh0So1N2OO2N2O0O1O2N2N1O1O2N8H2O0PRNdN^m1X1WRNgN13im1V1RRNkN12lm1i1O100O1O10O0001O00001N101O2M2O1N3N7H2N2OPOmRNSOSm1k0SSNROll1m0ZSNoNel1o0_SNQO_l1l0eSNTOZl1j0iSNWOWl1FSSN?h0K]l1[OoRNg0g0Ldl13_SNKal1LaRNER11mN4`m13WTNLhk14ZTNLdk13^TNMbk12`TNN_k10cTN1_k1JbTN8bm12O0O1O010O1000GcPNN^o1NfPN0^jjU3
20151015170634Ch_5,QZSj01mo12O1N2J501O10O010O01O00001O0O2O1N1J8N100O2N100O1O1O0O2O000010O10O10O1000100O1O100O103K4M2N1N20O01O2O1N2N2O1N10O10O10O1O10O100O1O1O1N2N2NTfbQ3
20151015170634Ch_6,i[iZ12lo14YPNL]o1=N100O010001N10001O001O000O2O000O01000000000001O01O010O0002O2M100000O01O100O1O010O00100O1O1O001O101O01O4K2O2M2O0O10O010O01O10O00010O2N010O000001N1N3O1O0O101O01O0001O1O010O0002O0N101O00001O01O00010O00010O000010O01O2MlbZ^2
20151026171014Mh_1,ldXV33lo12O1N1000000000000000000O10000000O10O10O10000000000O1001O000000000000000O10000000000000000O10000O10O01000O010000O001N10010O01O1O010O0010O010O0100O10000O100O2N3Me[ed0
20151026171014Mh_2,VibS15io14L4F:L3M2N3L3N2N1O2M20BdQNZO[n1d0b0M2N2O1N2N3N1O100001O01O0O2O00001O001O1O001O001O1O101NYXki2
20151026171014Mh_3,kgb^14ko13N0O3M3M3N2N1O1000O1O10O01O01O01O01O1O1O100O1O1O100O1002N1O001O0O100O2N2O0O1O010001N101N2O00O100O1O1O00001OO20O00111N1N1O2MmV_]2
20151026171014Mh_4,ghbo23lo13M8H2O000O02O000O200O1O100000O100O10O01O2O0O10O001O01O01O02O102ON1OO011N1010O100N101O0O1O1000O2N10O01O1O1N201N^OiPNa0Zo1O00O2O0000000001OO2N2O0O2N1O1O2O1N2011N6I2O011N0O001N2O2N1O1O01OO1GcPNN]o1OgPNOfo1OoScj0
20151026171014Mh_5,PXme07go14M8jPNITn1:eQNLYn1o0N2YRNfNel1\1PSNPOL@dl1c1\SN^O[l1kNaSNW3i0jLbj1a3[UNcLaj1_3QUN]LN7nj1^3PUNbLK4Sk1^3mTNQMRk1o3O1O01O10O0CYKcUNf4]j1]K_UNd4bj1<1O100O1O100O2N100O2O001N2O1O1]OnTNULSk1i3QUNULQk1g3QUNXLSk1c3oTN]LSk1`3oTN^LSk1`3nTN`LSk13aTNm2=PMTk1IiTNT33SMek1k2[TNUMfk1j2ZTNVMhk1g2XTNYMlk1c2UTN\Mnk1b2RTN]Mok1b2RTN]MPl1a2QTN^MRl1_2PTN_MRl11]SNW2dm1M2O2M3M3M2N2N3EjQNgNXn1V1;M2L4K6M2O1O1N3M3M4M3M100O2O0O1O1O101N2O1N10ofjT3
20151026171014Mh_6,Q^iR13lo12O002ZPNJ_o1<O1O100O1O1O001O01O0001O01O1O1N101O2N2N00001O0O100000O100000O10000O10O100000000O10O10O10000O1000O01O1O1O001N1O10001O00N2O01O1N201N1N3M3N101N2N2N2L4N2N2O1O1N2NAbQN@[n1a0iQN]OVn1c0lQN\ORn1d0PRN[OPn1d0RRN\Olm1`0[RN^Oem1a0]RN^Ocm1`0aRN^O_m1a0o00L4002N1O101N101N100O10O0100000O01O0001O01O101N3N4Lgdje2
20151026171014Mh_7,c`Ui1:bo15I7J5M4M1O2N0L5O00O10N3G8_OcNXRNN3_1em1mNWRNS1im1a0100O2O0H8N2EVOhNcSNW1[l1oNaSNo0al1TO]SNj0el1XOXSNh0il1ZOTSNc0Qm1_O`RNDLi0lm1P12K6M2O2N1M3N3M3N2N3J4N2N3M2O001O1O0O101O0O2N2O0000O100000000010O00100O1O001O1N1000000001O010O00000001O0O1000001O01O0O2_OFWQN?gn1=0100O101O00001O10O5nNZQN`0Uo1N000O2N100O100O1O1O100O100O010O1O01O0100O0100O010O010O01O10O010O0010O001O010O1O1O2M^dlm1
20151026171014Mh_8,ncmd23lo11O2N1O100O1O001N2O0O2N2EEoPN=Qo19O010O100O00100O10O0100O10O010N2O001O1O00100O0100O00100O001O0001O01O00100O010O100O1O1O10O010O0010O1O001O1N2O2N1O00O1O10O100000001O000010O1O1O1O2OO01O10O1O001O000O20O10O1O010O00O10000010O000O1O1ElNgQNX1Xn19O00001O0O101O0000001N1M3O2N0000O2O100O10O1N2O2O1O0O2N2M3O001O1O001O001OO101O001O1N101N1O2N2N3M3N3M2N101M4M3J4N2M4M2H8N2O2M4L2O1O2N1N2O2Li`ho0
20151117212434Ch_1,d`Xi24jo15L3L5cPNFmn1h0M3N1O1O2O0O1N2N2L5N1O1O2O1O1O1O1O1O1O0O2OAoQNoNQn1?RRN_O20km1?WRN^O11gm1a0ZRN[O40cm1e0T1O01O1O010O10O10000001O00001O001O00001N10001N10001M2N2O2N1000001O01O01O01O00001O00O01001O00002M3N1O1N3N;E1OO2O0O2N2N1CnQNiNVn1T1=N100O2O0O100O10O10O10000001O0O110O1O1O001O1O1O0010O01O000001N10001N001O10O10O2O001O00100O00100O100O1O1O01O01O01O1O2O1N100O0001O000O10001O1O2M2O1O1O1O1O1O001N2O1O2M2O2N1N10001OO10001M200O1000O1O1O2M2O2M3N[_gj0
20151117212434Ch_2,dlda2`06Dmn1k0K4K5M20011N4L10O0O1001O01OUSNlNkj1OaSNj02SOQ19jk1n0USNfNe0>Yl1Q1fSNoN]l1o0aSNRObl1m0[SNSOml1i0oRNXOVm1j0bRNVObm1j0ZRNUOkm1]14M2N3N3L4L4L=C6K3M2M2O1O001O1N3N2M2N2MTQe[1
20151117212434Ch_3,ilnW34ko13N1O1O2]QNJYm18URN=em1KmQN=Rn1i0001O1O001ZOmQN[OUn1;XRN@Pn1O]RNLXPUg0
20151117212434Ch_4,QXQh22lo13L20100O01000O01000O1O0010O00O1O2O001O01O01O000O2OO01O101O000001N100O2OO010O1O2M2000O1O10001O0010O01O00O10001N100O010O1O1O1O10O10OO10M3M40000000000001N1O1M3O100O2O001N1010O000O2N10O2O001O000001N02O001O01O00000O1O10000O2O000O1H80O01O2O0O2O1O0010O1O000000O100O0O2N2N2NK502O01FPOcQNR1Xn1=O100001000O002N1N2J7L3N2I7L3NO3O01N101O1O0100O101O0O2N2O1N2N2N3N1O2N2N2M2N3N1L4L5M20O10O10O1O01O001N1O101O0O1N3N11000O01O10O0000001O1N3N1O2N1O2N2M2M4M3N6Iao\j0
20151117212434Ch_5,f^SQ1:do15L3L4L3M3N00000O01010000O101OO10000O001O01N0O1001O100O0OO11000N3M2O1O00001O1010O1I6D=O1O1N3MAbQNA]n1?gQN^OXn1d0hQN\Oam1IjRNk0GZO\m17dRN>2ZOYm1=`RN99YOPm1h1RSNSNml1P2?3M`N[RN`0nm1@^RN4cm1L`RN1_m1IlRN4Sm1KSSN0nl1O\SNFel1:`1O2N1O1000001O01O010O000000O010O10001O01N101O00O10101N2N2NbfTi2
20151117212434Ch_6,_`Ug15jo13M1O2O1O1N1010O01O010O1O1O1O02O1N2N2O0O10O1O010O001O001O00000O10000001O000O100000000001O000000000O01000O1000001N10001O000000O1O001000N1M5N1O101O1N2N1O100O001N101O0O2O001O010O001O0ROoNmRNR1Sm1QOfRNR1[m1POcRNn0_m1UO_RNi0cm1WO\RNh0em1ZOYRNf0hm1ZOWRNf0jm1ZOTRNg0nm1ZOnQNg0Rn1c01O1OO0010O002N1I7N1OM32N3N1O00O00101N1N0201O1L5C=H9M9GZbjP2
20151204133714Th_1,WV[S21mo14N1O2N4M0O2O1N1000O001O000O2N1000O01000000O100000000001O00001N1000000000O2N10O10O10001O001N1O2N101O1Nci\i1
20151207173614Mh_1,UiTY16io11O1O100O10O100O01000O010O010O010O0010O10O0010O0100O010O00010O01000O0100O10000O10O0100000O10000O101O00001N2O1O001OZWWc2
20151207173614Mh_2,hlPT27do17M3M8G5K7J6I6K:F4MZN\RNR1cm1kNcRNS1\m1jNlRNR1Vn1L2N1O20N4LO1O0O3O02N01O1O1N2N2N2M2O1O1O1O1N2O1O1O0O1O100O1O1O1N4M]PSi1
20151207173614Mh_3,YVeT12no10O2O002N1O2N001O001O00000001O00000010O01O010O00010O0000000000O1000000O10000000000000O10000O10000O010000O10000O010O10O10O10O100O01000O01O10O01O0010O01O00001N2ZOEeQN<Zn1IaQN9]n1K\QN:cn1a0001O001N101M3N3ZOTQN3Po1E\QN4hibe2
20151207173614Mh_4,YZgc01mo14K4L3M3N101N20O]OFaQN:^n1K_QN4an10ZQN1fn1d0O10000000O10O01\O[QNA05fn19d000000000000000000O10O1000000O100O10O100O1000000000001O0001O0010O01O2N1O1O1O010O1O0010O010O01O2N1O2M_hhW3
20151214171854Bh_1,c]^h02lo13O1O001O0010O01O2N1O100O101O1O3M0O101O4K3N1N0100001N2O001N2O00O100001O04L1N10O00010O00001O01O01O100O001O001O1O1O1O1O00100O010O00010O000O10000O1000O10000001N1000000001O002N2N1O00010O0010O0010N10000O10100O00010O0001O001O1O010O100O1O2O1N5LO100O1O000010O0000000010O0001O1000O10O10O001O1O1O1O1N2O1O1O1O001O001O00010O00010O001O0010O01O0100O1000O2OO010O010O0001O0O2O00100O00010O0001O0000000010O3M2OO1O010O0010001O0O00010O2N3N0O10001O0O101O1O00O10O2O00O2N1O1O1O010O1O2O0O2N2N2O1N1O101O0O0010O010O010O00010O000100O00001O001O0010O0001O01O01O001O1N1O2MR^af2
20151214171854Bh_2,n_dk22lo13M3N1N2N101O000010O01O001O0O101O001O10O01000O10000O10000O1000O010000O011O0000000O2N1O1O101N1O2Mj`YQ1
20151214171854Bh_3,gfhZ16io12N2N100O1000001O000000010O01O10O1O010O1O100O0100O10000O010O10O100O010O010O010O0101N2O1N2MeX[b2
20151214171854Bh_4,TiV[13lo12N2O1N2O1O00001O0010OO101O00001O01O010O010O0100O100001OO100O1000O010001O0O101O1O001O1N5MO100000000O1O00001O000O10001O1O1O00O2O3L3N1O00001004K4M0O001O1O100O1O1O1O0000001O0O2N2N1O1N2NPTQ_2
20151214171854Bh_5,dPif13ko12O1O101N100O2N1O1O001O000001O001O0O1100O0O2O010O00000O1O1M3O10001O001O000001O01N100O1O2O1O001O00K5N2L4O01O1O100O1N2000OZOGgQN:Yn1HeQN7\n1L`QN4bn1d01O1O2O0O2N1M3N3M2O2M2O2N1O101N1O1O1O100N2O2N1O2N2NTRcS2
20151214171854Bh_6,dTkX13ko14I7H6J7K4N2O1O01O0O2M3H8N2O1O1O1O1O1O1O1O100O1O100O2O1N4LTlXe2
20151214171854Bh_7,TVYj26ho12O1O0O2O001O10O01O001O1O001O0000010O0001O000010O000O100001O001O000000000O1010O0001O00O101O0001O0O2N2NZk^R1
20151214171854Bh_8,WZ]d23lo12N1O2N10001O2N4L2N1O010O1O001000O1O1O100O1O2O001N10O0100O10O1000O0010O1O010O1O01000O02O0O1O1N2O1O0O3LodZX1
20151214171854Bh_9,oZeZ21mo15M2N2M10001O010O01O1O1O010O0010O1O010O0010O0001O00001O00001O0000010O01O001O001O00001O000000O10000000O10O10000O100O01000O01000O100O10O01000000O10O10O101O000O1000000000O100O1O1O1000O01000O100O10O01O1O1N2O1O1O010000O1O10000O2O000000000000O01O1O001N1O2O10O01O1O0O20O1O00100O100O01O100O10000O100O2N2OdeP\1
20151214171854Bh_10,m^[i0`0ln1F\QNh0im1_ORRN\1\m1j0M3gRN\MPm1n2QSNQMel1Z3K4M5K2N1O000001aMlSNiNNQ2Wl1TOWTNf0lk1VOXTNe0lk1`NaSN3R1OTOh0]l1QOcSN1i1e0Zm1DV`\U3
20151214171854Bh_11,ea_Y11mo14M2N1O2N1O10O01O1O1O001N101O010O000O1O2J5001O000010O0001O0O2N1O1O1O1O100000O100O2N1M3O11O001N101N1O2O1O001O1O01O0WOOcQN2\n1i001O0100O3M4M2N2M2O1N2O2CnPNFVo15Qana2
20151214171854Bh_12,QbYm11no12N3M5K3M2O1N2N1N3N100O2O01O100O1O10O0100O100O1O1O1O1O010O00001O000O10O10O1000O10000O1O1N3N1G\OTQNf0kn1801O0000O101O1N5L2N1O0O2O001O1O0O1010O000000O101O0O0101O0O1N2O2N100O10O100O100O10000O10O10O10O000O1O0100O2OO10001O1N1O20O0100O011N100O1O01O0O2N10100O100O1O100O1O100O1O1O1O1O010O10O0001O000001O010O0001O01O001O001O1O001O0001O010O001N2OO2O00010O00100O010001N1O10O01O10O10O01O100O0010O1O0O2N200O1O1O100O101O0OP`Tf1
20151227133734Ch_1,n`bg14h0OWn15WQN<gn1?10\QNPOVn1R1fQNRO1134\l1GiSNf2Vl1[MiSNe2Vl1\MjSNe2Tl1\MkSNf2Tl1[MiSNh2Ul1YMjSNj0Li0Wl1^NkSNe07SO8S1bk1XOkSNb0c1HYi1_OSVNX1g0YOPi1DVVN5UO<h1WOXN>aj1MVVN3]O7n1H]h10UVN2C3P2HVh15RVN3JEHK[24Ph1:QVN3NA^20cg1<oUN14C\2Mbg1`0jUN0;Cll1>gRNOWn13eQNNZn1m0M2O01I6000K6O2N1OJ60O30FeQNmN`n14bQN;ln1@YQNO[aSV2
20151227133734Ch_2,hhXV31no13M2lPN1Tn12iQN0Un15eQNNZn1l001O2N3NO1O2M2O4K9F4I7I7KhVch0
20151227133734Ch_3,nhjW21no12O00002N4MO00010O001000O2O0O010O1000O010O10O00100O1O001O00O1O10O10O10O1O1O1000000000001O00001O001O001O01O0O101O00010O0010O0001N101O001O0010O01O00010O00010O00010O01O100O100O1O101N1O2O3L3N4K7J4K2O2M2O1N5L0000O1O100O11O3M0000O2N1O001O1O1O1N2O001N2O100O2N20O100O1ZQNoNZn1]1N2O0O1O10O2M3L3N2N3L4M2M3O1O1N2O011N1O100O101N100O100O100O100O100000lTN@gf1`0WYNBjf1>TYNDlf1:SYNHmf18RYNInf17QYNJaLHgi1>fYNK^LMli17fYNMXL2Rj11dYN0VL2Vj1McYNi0_f1WO^YNk0bf1VOeVNCa1X1lg1UO^VNIa1V1Ph1RO\VNIc1X1Ph1oN[VNJc1Z1Qh1nNXVNIY1IXNe1Wj1lNSVNHV1n1hh1\NiUNM7_Od0Z2\i1UOnUNdNc0X2`i1TOlUNfNNI1f2Wj1lNgUNhNMLOb2]j1lNcUN`03TObj1\2bUNQMI^O1Njj1]3^UNUMVk1f2mTNXMVk1c2mTN\MUk1k1_TNPNa03Uk1g1aTNPN=0ZOLlk1l1dUNUNhj1f1P2C9^OgQNWO^n1c0d0J5I[Re[1
20151227133734Ch_4,\Rgf07go14lPNG]n19`QNK^n17_QNJbn16]QNJdn18XQNIin1a06N200O001N2N101N1000O0J61O2O10O10O10OO1O2OO10000000O2N1001O10O01000O100000O1001O0O2O2N100O000101N1O1O001O000010O1O2N1O1N10001N11N1000OO10100N1O2O10O1000001N10001N100000O11O000O2O0001O01O01O1N1010O01O011N2M3N2N2M3N1000O010\OmPN:So1CQQN<Zo1O005K2N0O101O00000O2NdmTQ3
20151227133734Ch_5,hXm`0291Xo11fPN1Wo13ePN0Xo1>nN[OeRNh0ol1YO\RN1b0h0nl1]O[RN0b0e0ol11fRN4Xm10aRN4Zm1\1N1M4O00O10O101O1O002M2N2OM4N11N2N101OO2N1O1O02O00QOUSNjNjl1k0QSNfN=8^l1U1ZSN`N`03Ul1^1ZTN_Nfk1b1[10O3M2O101O0N1L201002O1N20000O10000O1O1000O@RRNoNom1m0WRNQOim1l0[RNSOdm1k0`RNSOam1k0k0BUQNFkn19[QNCcn1?_QN_O\n1c0a0O11N1O2O1O002N1O1O2N1NVOWQNa0hn1]O]QN`0cn1_O_QNb0^n1^OeQNa0Yn1_OiQNa0Un1@lQNb0om1ARRN>im1GWRN9hm1GYRN7im1JVRN5Qn1EPRN:Rn1DnQN<Tn1D]QNM7=^n1MbQN2`n1L`QN4cn1I]QN8dn1E^QN:So1101O0O2O0010O0DgPN0Yo1OlPNLVo14;O101O1N[kTX3
20151227133734Ch_6,gYaR23lo13N2O2M3M3N2N2O0O2N1O2N13M2N0O1000000O101N100O3N0001ON2L3M3O1O1Nfd\k1
20151227133734Ch_7,dbSc24ko12N3N2N2N3M2O1N101O1000N2O0O10O0010O000000010OO101O0O1O1O1O100O0100O1O1N11000O110O1O1001OO100O01O010O00O2O00001O0O010O10N110O10O100001O0O10000O1OO2O1O100O100O100O100O10O10O10O100000000O0100O0100O010O2O0O1O2O1M2I7O01O1N2O2N101O1N101O00001O00001O0O0O2O10N101O10O10O1000O010O10O00001N1O2J5010O100O1O1N1O2O1O01O1N101O2O0001OO10O1N110O100O1N2O2O000O010000O10O1O01O1O0001O100O10000O010O100O1000O01000000001O00001N01O1OO2O1O00100O2M1M4O11N1N10100OO2J6O010001N2O1L3N201N1000O01O10O01O1O100O2O0O01000O01N20O010O10O0100O01O00001O10O100O2O0O01000O01O1O01O0O2N2O1O1O1Nj_^k0
20160116133734Ch_1,iZdh13mo1000O2N1O1lPNOXn13cQN6Wn1KeQN:Zn1H]QN`0an1`000O10O1N1L5N2N01OM4O20O0100O010O1O002O000O20O0000100O01O001O00001O000O101O0O101O001O000010N100000001O000000O01000O10O11O00010O1O1N3N001N10001O000O1K5NZeQR2
20160116133734Ch_2,c[Ro13mo15L0O0010O00O01000N2L400O101O01O01O101N1O2N3M1O10O01O000O010001O0O100O2N01000O11O00002N00001O001O2N101N2N3M2O0O1O1O2O1N6J100O0O10O1N101N2L4N2O100O10O10O100O1O101N10001N010001O0O10O11O00002N6K1O1N1O10N100000000001O01O01000O00001O0O100O10000O100000010O001O01O01O01O001O1O2O0O1O2N1O1O1O100O1N2O00O010O100O101N100O1O10000O100001O0O101O0O1O100000O011N3M2O000O2O000O10001O1N2O001N110O000100O1O0000001O00002[QNhN^n1`1M10O00010O01O100O2M3N2N4K2M2N4K5N2N201ON2N2N0010O0001O0O3N1O0010O01O100O102M2OOO101O0O101O0O3N1O1N10001O1O001O00010O00010O10O010O100O2N100O2N2N001O2N2N2O1N1O000001O1N1L5M2O2N2O0O2O2N2M2O001O1O010O00002O0O0O1010O00001O1O01O010O10O011N2N2O1N1O1N2O000000001O01O010O100O00010O02N1O1N2O001N100O110O00001O10O1O10O002O10O000O001N1N3N2N2N2M3N2N2N2O2M100O2N100O10001N2O1O1O010O0010O00010O001O00002N5K2N1O1O1O1O1O0001N100O2O0O10001N110O00010OO2O1O1N1O2N01O1O102N1N2O00001O00100O2N1O00001N10O10O100010O01O01O010O0000001O0O111N2O000000O1O001O00001O1O2O0O0010000O1O001O000O2O001O00101N1O10O01O01O100O1O100O1N2O2N0010O0001O1O2N1O1O1O1O00000000001N1000101N4L7I100O0001N1M3N3M200O1O2D[QNYOgn1e0;O10O10O10O1O1O1O10000001O00000O100000000001O00000001EnPNFRo18RQNFnn1:=N01000O0100001O001O2Mm_kl0
20160116133734Ch_3,Y^`Z19`o18M4N3M2OO10O01O1000O1O01O01O01N100O1O1O101N10001N2O100O0010O1O2O1N2O001N10O11O001O15NM00c0^O1NN2M2M3O2N3L3N1O001N2O1O100O1O010O100O4M1N1O2M3Ml_Qa2
20160116133734Ch_4,beV[27go14M2N3M2N3M7I4M2M3N3M6K2;D1O2N040NOO2N07JN3NaQNnNC2Un1k1L1N1TRNRNem1V20O01M6K1N3N2MbMiRNU2Vm1hMoRNX2_m1N7aNTRN:Xn1POURNm0fn1J2M2N3N0O1O00O10010O01O0O2O4J7HbU]a1
20160116133734Ch_5,bgZ\34jo13O1O1O100000O0010O00100O10001O001OO010O10O0010O010O010O100O1O1O01O01O01O010O0O10000O100O10O01000000001O1O1N2O1N2MkWQ`0
20160116133734Ch_6,chXT13lo12O1O00001O001O000000000001O000001O000O2O000O10000000001O00001N101OO010O1M2O1001000O10O10000000000000000O1001O007H_WSh2
20160116133734Ch_7,]hPh13lo18H2N101ePNDQo1=kPNFUo1c01N8I1N11N1O100O1O0101N2O1OO2O0O10000003N0O01N2O1N2O1N2O1N2N;FO6J2N100O1O100O4M1N2N106I2M2O1KcUeT2
20160116133734Ch_8,gmlc01mo14M1O1N1L5N2O0O1001O1O001O0000O10000O100O1O001O1O10O1000O2O1O0O2N1O10O0M4M20100000001O101N3N7H3LkSQY3
20160116133734Ch_9,R[W]16ho13M3N1O1O10O0000001O00010O0010N1O1N1K6K6M2L5OO1L3L4O101O1M2010001N2N2N2O1O1O010O1O00O1O20O10000O2M4Ljfb_2
20160116133734Ch_10,i^ae05go14K6M4L:G2O2N2M2O0O2N1O2N1O10001O01O01O010O01O002N1O101N2N100O100O7I6K2M2O0O1O1O1O00001O000010O01O01O01O00000000001O00000O1000000O010000000000O1000000O10O100001O00000O2O000O100O1O101O0O110O01O1O1O1O001O00001N100O2N2O1N2O0O2N^`\S3
20160226151654Bh_1,m`XQ18fo13O1O10O01O01O001O010O1O100O010O01O010O00001O01N2O01O01O100O101N1O4M^^al2
20160226151654Bh_2,Rcnd22mo12N2N1N2L4N200O01000000O10O1oNC_RN=Xm13aRNM_m14_RNLbm15[RNMem15XRNLhm17URNIlm18QRNIom19mQNITn1Q1001O0O2O1O00001O00001OO2O01O00001O0001N10001N1O2O0O2O0N3O2M3N1O1O0000O1N3O0O101O0O10001O0O10001O001O10O0001O1O1O3M2N1N2O1O1O1O1O1O001O1N2O01O01O01O1O1O1O1O100O2N1000O001O001O100O1O100O0101O0000O0100O2N4M0O2N1O010O2N2N2N5K2N1O0XUNUN\g1k1`XNYN`g1g1\XN]Ndg1b1PVNTNd1;]h1a1nUNUNc1;ah1`1iUNWNd1;dh1^1dUN[Nn0KXO=Xj1]1]UN_N:F33L;[j1R2dUNcM21O;\j1P2aUNgM1019^j1P2^UNiM0127`j1P2]UNiM0127aj1o1\UNkMO036cj1P2XUNmMN135gj1n1TUNElj1g20100007I2N4L1_KfTNe21gNak1U1cTNiN^k1dN]TN]26oNdk1m0^TNROdk1j0_TNVOak1h0bTNnMBR1nk1m0iTNfNYO@Wl1a1bTN^NZO01OUl1k0gSNUO13j0J\O001Ul1i0RTNYOZ1Lhj1e0QTN^OQn1M^QN9d0GYn14X[[P1
20160226151654Bh_3,kcnT23jo18I6I6I8J6BnNcQNX1Zn19N2O1OlNPRN9mm1D]RN7bm1DiRN6Wm1FnRN:\n1100O1O01O001O1N101N1N3N1N2N3MiZWi1
20160226151654Bh_4,QkZo24lo1001N100000001O000O2O00000O10000O0010O01O1N101O10O10O0101O0O2O000O2O00O10000O2N1O1O100O10O0010O1O0O2O100O101O00001O1O2lPN\Ohn1o0O001O001O010O0100O101N2O1O1N2O1N3M2N1O1O1O1O0O2O2M6J3M2NbTSk0
20160226151654Bh_5,RXch23ko14M2HIcPN:[o17N2O000010O001O1O1O001O2N1O2N1O01O01O01O001O0O2O000O10000000O10001N101N2O001N2O1N2Njg`T1
20160226151654Bh_6,jZiY16ho12N200O00000O2O1O0010O1O1O001000N1O200O100O100O1O0OM4O100O2O001O1000O0101N1O4KPffc2
20160311020654Uh_1,Q\Ze13mo11O1N1O1O10O01000O01000OHLdPN6Zo1900O1O1O010O101N1O10001O01O02N1O000O01O1O001O1N1O10100O01000O02O0O101O1O010O001O1O0O2O1O1N100ODVQNCln1:XQNBjn1<>01OO01000O01000O2N1N201O2N3M0000000000O10001O0001O01O10O0001O0O10O10O101O0O100O010O1O1O1N200O10O10O1001N10001M3N2N2N3M3N1O1O1O0001OO10O10000O11O000O2O1OOO10100O011O000O3N4LO11N10002M3NO10O10O0010001N2O00010O00O2O0EcNSRN_1jm1dNRRN`1km1`0I3O1N1O101N101N2O00010O1O100O001O001O1O1O1O1O00000000O010O1O10001N2O001O001O0O101N100O10O10O2N001O10O1O011N10001O10O0010O0010O01O0010O0O1010O00001N2O001N100002N4K5L2N1N200O00010O01002O00N10O100O1O001O1O101N2N11O1OO2O0000O1O10iNPRN>om1_OURNB0d0im1GgRN8Ym1@RRNLe0d0Zm1]OURNLb0i0Wm1[ORSNh0kl1WOUSNj0ll1SOUSNn0nm1101O06J10O001O1O11O00N3N1N2N4N0O1OlNZQNl0on1OO01O000O2O004K3N1O01O01O01O1O0010000O2O3M000000O010O1O11O3L3M100O1O01O010O11N2N100O00010O010O2O01O001O10O6J1O01O001O2N2N10O1O1O00000000001O0O10lNaQNf0_n1WOeQNh0jn11N5K2O1M10000O1000D<N3O0O101O0O1N2N2O1O10O10O2O1O2O0O1O100O1O4LY_a`1
20160311020654Uh_2,fa`T35io15G8M2O0O1000O1O1N2O10000O1010O0001O000001O00002N6J2N101N1O01O0O100O1N2O1N2O1N2O1O1O100O10000O0101O0O10001O00002N3N2M1O010O0001O1O1N100010O000001O000010O00001O001O100O10001O1N2N100O1O1N11O00001N101O1O1O100O1O0100O2O01N10O100O2N10000O010O0101N10001O001N20000O0O1O100O1O00001O0O102N2N1O100O1O010O001O0O1N4Le\ma0
20160311020654Uh_3,Xb^_13mo11O2N2N2OO10O1O01000O2O1OO010O1O2OO01O10O01O010O010O00010O00010O010O0100O00010O001O00010O010O01O10O00010O10O01O01O01O100O001O1O1O100O10O100O1O010O1O010000O01000O00100O0100O10O100O0010O0100O01O1001aPNBYo1d0O000O1000000O00010O001O100O10O0100O10O01000O001O01O01O01O1O001O01O00001O01O000000L4N111O0O11O0001OO10000O01000000001N10000001O001O1N2J5N2O2M2O101O0O2Nb[cU2
20160311020654Uh_4,icla21no12O0O2O000010O110N10O01O100O10O2N100O1O001O001O1O10O01O101N2O2N101OO10O00010N2O001O1O1O10000000O100000O2O00N2O1M7J8GXZ]Z1
20160311020654Uh_5,Sknn24io15L3N1O1O00001O010O0000M2010O2O000DHPQN:on1;00O0O1O1O2O10O1O01000O2O000G9J7N101O1O010O10O10O100001O0001O1O1O0O2O000010O0O101O1O1O1O000O10000O0101O00100O00100O000010O0000010O00010O10O10O10O010000O010000001O0000O10O01O0100O10001O1O1O1N2O1O01O000O3O1O0000O1O10O001O2N3M1O0O1OjTeh0
20160311020654Uh_6,Q\ki03lo12N2O0O100O1O100O101N1O0001O00100O10000O010000O100O1O2N1N101N2O1O1O1O2M2N2N2O2O00001N2O001M2M4NYOaQNO^n10hQNLWn15kQNITn18nQNERn1;PRNASn1?f001O0O01O1O2O0O1O2M1011O10O0100OJXOTQNj0kn160O101O4K3N2N4L2M2O1O2M4M4J\ejP3
20160311020654Uh_7,gbol12mo11O2O001N101N101O1N2O001N1N2O1O1O00100O2M2O1O1O10000000O2O2N100O0010O01O001O1O00001O00O2O000O2O1O2M3O0O1O010O000000000O1000000O1000001O00001O0001O00001O2M2O1O010O00100O1O1O2N2M1O101O0O101O00001OO10000000010O000000O1000000O100000000000000000O01000O1001O0000001OO101O000O2O002M3N1O1O0000000000O100O100O2N2O1N3MQ]Zi1
20160312020554Uh_1,]_Ve2:eo11N2N2O10O10O10O10O2O000N2O2N1000000O2O00O01O10000010O1O001O1O\QN^Okm1a0URNAjm1>WRNBim1=WRNDim1;WRNEjm1;URNElm1:TRNGlm18URNHjm19URNHkm18TRNHmm17TRNImm16RRNJPn16nQNKRn17jQNJVn19gQNHYn19eQNHZn1:bQNH_n1m01N1O2O0O3N2N1O2M4M1N0O2O1N2O1O1N10001O01O0O11N2O1N4G^PNMo^UV1
20160312020554Uh_2,baVi14jo13N100O10O2O0001O01O010O10O1O100O1O1O010O010O010000001O0O1O100O001000O2O1O1O000O1O000010O0000100O01000O100000O10O01001O00O10O01O1O010O1O01O010O0100O1O01O10O01O1000000O10O010O1O00001O01O000010O010O01O01O01O0O100001O00001O1O001O1O1O1Ne\_o1
20160312020554Uh_3,SdXQ17ho13M2N2N2N2N2N2O2N1NAPQN0on1OUQN0jn1NYQN2en1O\QN0dn1O^QN1an1O`QN0_n10cQNO]n11dQNN[n13fQNKZn15hQNJWn15i0101O010O00000O100010O001N101O01O10O01N1N200001O1O0100O010000O1001O00001O01O010O1O10000O2Mm\cj2
20160312020554Uh_4,UlRY31mo14cPNOF0fn13`QN<]n1EaQN=]n1EaQN=Zn1JbQN8\n1f00N2I6000O111OO[OkNaRNQ1bm1SO[RNm0cm1WOURNk0nm1XOQRN>Xn1FdQN9]n1d01N101O0IcQNmNWn1Y18N2N2E[QNYOin1e0:N2N2O1O1O2N101N2O0O101N10O10O1000O1001O0001O00010O1O0010O0000001O0010O01O10O1001O002N1N2O0O2McUUb0
20160312020554Uh_5,][oR13lo11O1O2O0O1000000O10000O101OO10O10000O10000O1010O1O01O01O01O001N101O000O110O03M2N1O001O00001O01O000010O100O1O011M3NZd\i2
20160312020554Uh_6,ebeT22no11N2N100000001N10000O2O0O1N3N1O3N5K2N00000001O00O10001N1O101N2N2O1O001O1O101O0O00100O0O2O00000O1000000O11N6K3L3N000O2O0000O1001O1O01O01O00O1_OZOhQNg0Vn1\OhQNd0Wn1AcQNa0]n1a01O0O101O0O2O0O1O2N1O100O101O2QOYQN`0Vo1N00001O1O1O1O00010OO101O0O1N10100O100000O2O00001O01O000010O0001O1O1O2N1O0010O1N3N1N3MQ]Pc1
20160327133714Th_1,Ta^S21_o13kPN1Ro12jPN1Uo1?N1O2O1O2N10001OO1O8H3L2N2N2M2N4K]^Yk1
20160327133714Th_2,[Y_f11mo13N101N1O10O01O0010O000010O0000O02O01O01O0O1010O01O000O11O000100O001O01N1O10010O01O10O0001O00001O0000001O001O001N100O20O1O001O1O00100O0010O10O01N10001N1O1N20O02O001O00001O00010O010O01O1O0010N1O100O2O01O010O01000O010O01N1O001010O01O0001O01N1O2L4O0010OO2N1O2O0010O01000O2O1O2N00001OO0100N1O11O1O0O2M301N100O2O0O1000O101N2O1N2O0O2N1O2O0O2N1N2O2N100O100O100O1O1O0O2O1O100O10O0100O001O0O1000001O001O001O1Oljnl1
20160327133714Th_3,`Vc\22lo13N1O100O101O0O101O10O0100010O0O10O010O10O1O1O1O010O000100O1O010O100O10O001O01`RNFXk1:eTNI\k16bTNM]k15_TNMbk13\TNLfk16VTNKlk16PTNJSl18iSNHYl1:bSNG_l1;]SNGdl1:VSNIkl19RSNFPm1=kRNDWm1=ZRNUO1>gm1_11O2M2N2M3N3M4POdQN6in1]O^QN=Yo1Hjg^_1
20160327133714Th_4,^[aX24ko12N1O100O010O10O010O01O010O010O10O01O01O010O01000O0100O10O00100O0100O00100O1O001O1O01O0100O010000O10000O010000O1O1O1O00O101O01N101N100010O01O1O0O2000O101N2N2N3N000O2O00O01O1O001OO1N2N2IFhPN30OWo1791O01N2K5N3MbfTa1
20160327133714Th_5,S\gU12mo1100O1O2N100O010O1N101O1O0O200O100O01000O10001N100O1O1O1O1O1O1O100000001N10001O0001O1N2O1O2N1O1O000010O000000O110O00O3N3M1O1O000000O0110O01O2N2N1O0O101N1O100O10001N1001O000O2O1O0O100000O101N010O1O0001O10O10O100000O10000000000000000000001N10O10000O1O1N10O1O3N100O2N01000O0101N11N1O1O1O100O10000O101O00000O2O0O`db`2
20160327133734Ch_1,Yg`Q16Ro17VQNMfn1h0M3M2L40O0O2K4L5HTQN[Oon1b09FhPNJ[o11>KTZam2
20160327133734Ch_2,\YYf12mo12M200O1O1O010O000100O01O001N10000001O00O2O0001O1O00O1O2O01O001O01O01O0O10010O01O1O01O01O00001O0001O0001O001N2O0O2N11O001O0010O01O10O01O00100O000000O2N1O1O100O2N101O001O00001O0010O10O01O1OO1O10001N100100O00IYOUQNi0jn1610O01O10O01O01N1O2O0001O10N1O2O1O01000O01O10O001O001O0100O2N3N000O2O00O01O10O1N102M2M3O2O1O0O10O01O1000O101O1O1N2N2N2N101N1O1O2M20000O2O000O100O10O01O2M2O1O010O10O01O1OO10O2O00001O0000O1000O2O0O1N3N11000O1000100O1N2OljZl1
20160327133734Ch_3,fVQ\22mo11N2N2O1O100O1O010000O11O01O01O1O100O1011N1OO01O0010O01O1O1O010O000100O1O100O10O100O000010O00011N2WRNGgk1;UTNGlk1:PTNHQl1<hSNEYl1<dSNF\l1<]SNHel19WSNGkl1=PSNCQm1`0YRNXO78am1m0[RNTOgm1`12O2N2K5M3M2SOdQN5^n1HhQN2[n1@bQN387\o1Gbgd_1
20160327133734Ch_4,c[YX23ko13N1O1O010O0100O01O10O0001000O0100O010O01O010O010O01O010O010O010O10O01O1O1O0O2N101O10O0100O0101O1N10001N010000O100O1O00000000001O0O101O001O001N101OO2O10001N3N2N2N00001N10O01O10O01O001O1O2Mkeha1
20160327133734Ch_5,o[kU13lo12N100O1O1N101O1N101O10O010O1000O011O0O1O1O2N1O1O2N1O10000O10001O000O3N000002M2O1O1N3O0O0010O00O2O000O2O01O000O2O2N0O100O2O0000100O15J2N000O2O0O101O0O10000O11O0O101O1N2O0O10O101N1O10O01O10O001000O0100000000000O100000000001O01N1000O01001M2M3O01N2N2O2N1O10000O10O100000N2O10001N100000000O101N2O_dn`2
20160327133734Ch_6,o]eQ13ko13N1O1O1O10O010O01O1O010001N10001OO01000O100O10O001O01000O02O000N1N3O001000O10000O2OO100001O000O2N1O2N1NebPk2
20160405014154Uh_1,_dTk13mo12O000O2N3N3L2N101bPN@Xo1h0M16J01N1N2N2O5J1004TOnPNb0;[O_n1e0]QN_Ocn1c0WQN@jn1k03M1O1O2N2N4L3M2O000O2O00O1O2N2O0O6K2OO04L15I>B1M1O1NTXgQ2
20160405014154Uh_2,nlfP14ko12N2N2O00000001O0010O01O001O00001O01O000O100000000O100000O1000000O2O01O00001O01O0000001O0O101O01O0O101O0003LmRkk2
20160405014154Uh_3,\XQc12lo13M3I6N110O1O1O2O0O1000O2O0O10001N10001N1O1O00100O010O01O010N2N1001O001O01N11O000010000O100001O00001O0000O00100O1O2N2O000O2O00000000001N10001O0O]h\X2
20160405014154Uh_4,e_gj05ho13L5N1O1O3M4M0N3M2H8N2000O101N2O1O1N3N2N01O01N100O100O1O1O10000O10O1000OO2M20001O10O20O0O1000O01O00DoPNJQo15SQNIln16WQNHin18?0000O02O010O01O10O10O0100O010000O101O0O101O000O\OJ_QN7_n10\QN0cn11]QNNdn12ZQN0en13UQN1jn1c0O001N2K4O11O001O1N1H9H7O02L4O002N01O0O200O0O2O0O2N110O01O10O0100O2O0O100O1O01O1N10100OO2O0001O010O100O1O2O0O2N3M2O0O101O0O101O001O0O101O00O1000O10O0100O100O1O^cRk2
20160505025554Uh_1,Xa\U12mo18I1O2N2N1O000O0101O0O1000000O1000001N10000O10000O11O01O0100O100O010O010O010O0001O0O110O000100O0010O000000O01O1N3M3N^^mf2
20160505025554Uh_2,PcP\12jo15M200O101N1O101N101N101O001O00O001O10O10O01O101O0000001O000O1000O10000000O10O10O10000O2N1N2O101O00000001O000000000O101O0O101ZOmPN=]o1N3LX]k_2
20160505025554Uh_3,mdb^27ho13N1N100001N100O10O01000O010O0010O001O0010O0010O01O10O00010O1O01O10O0100000O1O10O10O10O1000O01000O10O10O10000O11O00001O1O001O00001O001O101N12N1O1O000O2O0O01O01O0O10O10O10O2O000O3N1N1010O2N2O0O0010O01O010O0100O100O100O10001dPNLin1g0OO2N2M2N3L5JfZoY1
20160505025554Uh_4,il^X36io14M3M2O0001O010O10O001N10O010O010O11N3N1N0010O00001O001O010O1O010O00100O2O0O2O00000000O0010O00001O001O001O0010O00010O1O010O10O00001O00001O000000O2O01O0010O01O00001O1N2N2NhQUb0
20160505025554Uh_5,conc03lo11O2O0O1O2N1O101N101O1O1O2N3NO3M2M2N10001N11O00001O0O10O10O1O002O00001O01O001O2N00001N01000O010O01O10O11O0O10O10O01O001O000001O0O10000O2M200O001O10O00001O001N3N1N3M3N2N3N`QeV3
20160513133714Th_1,P`hl24ko11O2N1O1O2N1O2N101O0O2O0O2N2M3O1O010000O100O101O0O10O0100O2N1O2N2N10O01O0010O00010O010O1O2O1N2O1O10O1O1N2O0N3M6GV_eo0
20160513133714Th_2,R`Xo05ko12N1O1O10O01O100O100O010O00100O001000O2OO101N10O100O1O1O01O01O0100000000O1O101N101O0O101N101O1N2O1N101O5J10O100O3M2N1O1O1O0O3N2M3N1O1N10001O00O101O0O1000O100O10000O1O1N2N11000O01O2N10001O00010O01O100000O10O01O100O1O1000O01000O100O0100O1O10O01O1O001O00100O00100O1O11O2N1N10O0100O0010O01O1000O010O10000O0100O010O1O100O00100O100O10O01O2O0O100O0010O01O1O1Nm\ee2
20160513133714Th_3,VcVP13ko17I3M4K5L4M2N2O2M2O1M2H9M201O00VOgQNMZn1HRRN7om1@ZRN>en1O1000O10000000O100O2O1N100O010O01O01O010O001O1O001O00001O0000001N2Nl[_l2
20160513133714Th_4,g]em23ko17I4M3M3M1N3N1O1O10000O2O0O1O2N1O101N2O2N3N0008G2N1O1N2O1O1O5K2N100O2N2N2OO0001O00000001O01O01O1O1O010O01O00002N2O0O1O1O2L_a^n0
20160602010754Uh_1,^d\k14ho15N2N20O010O2O1N1000O1O2O1N2N1O1O00O10O1000O00100O001O10O10O02O0O101O1O0011N107H2N1O3M2NR[iQ2
20160602010754Uh_2,mdZS13jo15L3N3N2M4L2O2N001O00000000O2N101O0O110O0001O1O100O0010O001O0O1O2M2O100O100N3L4LU[Sj2
20160602010754Uh_3,_^Qo12go19N1N20O01000O1001OO11O1O1O1N10O100O001O100O001O001O10O0001O000001O01N10001O000001O0O10000O10O101O00001O000000O10O101O0O100O1O3MRall1
20160713133714Th_1,[fjW22mo14M3M2N2SRNGPl19nSNHSl18kSNIVl18gSNIZl18RSNBB8^m16mRNDB7cm16hRNEB7hm18^RNEF5mm17SRN^ONk0Pn1o02N1N2N4L5J6H;F6I8CgXgf1
20160713133714Th_2,QgPW11mo13N2O001O0O2O001O001O1O0O2O000001O0000001O01O01O01O100O1O10O10O2O001N2gPN^OQo1j0OO11Ob0^O2N1OfNeQNP1fn14L0O12hN`QNi0mn10012NRQNVObn1T11O002N3N0O1O100O1N2O1N100O1N2O2N1N2O1O1O1O100O1O1O3LPVUd2
20160713133714Th_3,emho08co18kPNDSn1e1C6K6I5L4J7J5H8M2M3L4MjNaSNQO[l1>gSNgN3j0Sl10mSNnNS1e0mj1<fUNAXj1<oUNCni1:XVNGci19`VNH]i16gVNKVi13oVNMmh12WWNNfh1IfWN6Yh1GlWN9Rh1FQXN:lg1FWXN;fg1D^XNb0Zg1[OkXNh0of1WOUYNh0hf1YO[YNe0cf1[O`YNd0Qf1WOTVN5n3b0ie1_OWVNNT4`0ce1EYVNJW4>[e10ZVNCgn1l0O11N3QOTQN<oTim2
20160713133714Th_4,TRkg16io1101N10000O010O00010O01O0100O01000O101O00001O001O001O00001O1O001O1O010004L1N1000O01000000O01hRN0_j10^UN9iMBYl15kUNg0Tj1YOjUNi0Vj1WOgUNl0Yj1UOcUNn0]j1SO`UNo0`j1QO]UNS1bj1mN\UNV1cj1jNZUN]1bj1cN\UN7gN=lk1\O[TN3O348ak1CWTN70O<5]k1b1iTN[NVk1c1mTN^NQk1_1SUN`Nmj1]1WUNbNij1[1[UNdNej1Z1^UNdNcj1Y1`UNgNaj1U1bUNjNcj1o0`UNQOaj11oSNNf1O]j1OYTNF]1;Zj1N_VN2ai1M_VN4ai1J`VN8ai1E`VN;ai1D_VN<ci1A]VN?dl1M3O1N2N20O6I6K1TQN@Vn1`0gQNCYn1=cQNG]n1o0N3M3N<C5J100100001N2O10O1\N[RNj0em1nNgRNn0bn1E<C2O001N;BXf^Q2
20160713133714Th_5,YYSW39bo17J6G7N20N1N2N2N2K5O1O000100O00001O002O0O1OO00100100O1O01N1O1O2O1O11N1000000O2O1OO1L5M4F`PNOchTf0
20160820233134Lh_1,e^bT25jo13M1O2N101O2M4M2M3M6J3N6I5L000O01O1WOaQN0_n1OeQNN[n12j0J7M2O3Meaki1
20160820233134Lh_2,acRk05io13N2N110001O0001N10000O10001O4L1OO1O0O101O0001O00001O2N3M2N1O2O14MO1N00O3M5L100001O0O1O1O02N1N2O1N100O100O1O2MgZ]Q3
20160820233134Lh_3,ofdm21lo16H6L4K6M1O2OO2O0O1O1O2O0O101O0O11O01O20bPNDXo1b00O001N10O01O101N100O1001O0000O2O0O100O10001N10O0010O01O00100O0010O01O0001O01O01O02O0000109GO1N1O1O2N001O1O3M2N01O01O01O1O000000000000000010O00001O0O1010O0O101O000010O011N10O00100O0010O1O2N01O01O01O0010O0O2MWWaj0
20160820233134Lh_4,ddk^12no12O2M3N1gPNH72em18PRNI82hm16nQNI28Qn1OkQNK09Vn1MfQNN07[n1n03N2N2M3N100O1O3M2N2N6J2N1N101O3L6J4HTZ\_2
20160828133734Ch_1,Salm13lo12N10001N100O3M2M2O01O01N2N101O2M2N2N2O1O100O010ON3N1O101O0001O10O0100O10O010O100O1O1O1O1O001O1O1N2O1O00100O001O100O010O10000O1000O10000O010O1010O0000O01000000O10O100000000000010O00001O0000O00101N10000O101O1N2O1O1OP`[k1
20160828133734Ch_2,dbbS34jo18I1O2O0O1O010O10O010O010O1000O01000000O100O10001N1000000O0100000000010O000101N1O010O100O1O100O10O10O100O2N9HO1O2N1O0010O01O1O001O001O1O100O1O010O0010O100O1O100O10O10O2O2M2O1nPNUOkn1R1O0001N2N1O1O1N10001O1O6I3N1O001N11O01O1O1O10O01O01O10O01O01O01OO2O00000O100O2Ml[]d0
20160828133734Ch_3,ncdk17ho13N5K6J2O001O0O01O001O101N1O2O0O1000O0100O1O10O00010O001O001O1O0011O10O0O100O000101O1N10O02O00000O0100O010O101N1101N1O01O000010O0O10001N2O01O000O10O1O2M2O3M2LmY[o1
20160828133734Ch_4,]hPU24ko12N1O1O0010000O1000O010000O0O2O00001O0100O001O000100O010O100O10001O000O10O1O2O0O10000O0101O000000O100O1O10O10O10000O10O101O0O100010O0010O1O010O1O1O001O0000000010O00001O0001O01O01O100O0001O00001O00000001O00001O010O01O00001N10001O0001OO11O00001O10O10O0010O01O0010001O1NM4M2O101N10O10O100000O10000000010O00011N1O10O01O00001O010O01000O0100O1O010O10001O0O1000O100O0011N01O01O00000010O00010O00001O0001N100001O01OO10000O100O2N1O101N10001O00001O01O01O010O0010O01O0O101O0000O2O2N1O1O00001O1O10O0001000O2O000O1O10O00010O010O1O10O00010O000010OO10100O10O010O2O0O1O1O100O1O010O1O01O100O000001O0010O02N10O0010O000001O01O10O1O2O1N1001N0101aPNBYo1c000OO2O0O2O1O0O2O001O010O1O1O1O001O1O001O001O00001O00001O2MTUaU1
20160828133734Ch_5,bkhS24ko11O1O100O1O001O1O10O011O0000O1000O10O10000O2O00001O00001O000O2O2N1O10O2O0O101O1O000O01000000WRNMdk12WTN6gk1JWTN=dk1CZTNe0_k1\O`TNf0WOmN_k1>XUNm0POjNfk1:XUNP1lNiNkk18XUNa1gj1`NWUNa1ij1`NTUNb1kj1aNjTNf1Xk1]NcTNd1^k1_N^TN`1ek1dNTTN]1nk1X15L4L3L5K?A4L4M7\O`0_OPRNjNUn1f0jQN\Oen1MSTgg1
20160828133734Ch_6,enba1?`o11O0O2N0WNOfSNO[l1:]SNDfl1?USNAml1d0lRN\OWm1i0]RN\Ohm1[17I3M3M6K3L9G6I7H9H5LmQS]2
20160828133734Ch_7,j^YQ23jo14N1N1N3M200O1O0101N1O2O00001O000000010O01O010O001O010O01O01O00000000001N1O1000000O10O2N1000000001O01O00000000001O000O10O100O100O10000O001N2O1N1O20O1O2@hPN6do1M3Lechi1
20160828133734Ch_8,Ubad1:co19I3N1O2N2N3M5L6I101O0O01N2O0O1O2N2O2N2M2O2N001O00001O00001O1O1N2M2N2O2N100O10000O2N2N2MY]dX2
20160930165914Mh_1,`b^m04ko12O1O1O001O10O01O010O0100O01O10O01O100O2N1O100O100001O1N01000000000001N101N10O100O2N100O100000O1O10O01O01000O1000001N2lPNAdn1a0UQNDkn1i00O1O1O1O1O1O1N101O1N3N2N1O2N100O00010O02N010O1O2O1O001N2O1O2M101N101N3M2O1N3M100O10O1O01O01O0000001O00000O2O1O1O1O1O100O1O100O010O0010O01O11O7I9GO000O2N1O2N2N2N2N1O2N2M201O1N20O01O010000O010O101O000O0100O1O00100O1O010O01000001O3M001O001O:E3N2N00000OO2O1O0O2O1N101O0O101O010O0010O01O1O00101N1O001O001O1O001N1O2O001N2O1O00100O1O0100O010O10O100O11O5K0O10O10O10O10O10000O010O100O10000O2O0O101O001N2O000O2O3M2N0O10O10O01N1N3M3M2N3N2N2N1O2M3O1O1N2O10O01O010000O010O1000O10O10O01O010O001O00001O0001O010O001O100O00100O1O010O0010O0010O01O1O001O010O101N2N2O2N0O1OO2O0N2N2N2O2N10001N11O000000000O10000O100000000001O001N10001O00000000000000001N101N10dVgZ2
20160930165914Mh_2,UinQ33lo12M3M3L4N2M3N1O11O000O2O0O10000O2O00001O00001O0000001N10010O1O01O10O01O1O00O0101O01O100O100000O100O2N100O1O010002N1N1000O02N2O1N010O000O2LZVei0
20160930165914Mh_3,Q]Qn04lo11N2O00001N10001O1N3N2N0N2K5N1O2O001O010O1O010000O010O100O001K5J6N1010000O10O0100O010O1000O01001N100000O1000O1001O00000O10000O1O1O101N1O2Nhcbm2
20160930165914Mh_4,ahYQ23ko15L2O001O1N2O1O0O100N2O101N1O1000000100O0010O10000O101O2N000O10O01O01O0O101OO01001N10001O001O10O0100O1O100O1O100O1O10O001O1O100O00001N010000O101O0000O2O0O100O01000O01000001O00O101O00001O00000001O00001O000000000001O0000001O00000O100000O10000O10O01000O10002N1N100O2N10000O11N10000O1O001O1O100O001O1O010O101O00001O00001O00O100O1O010O1O0J6O11O1O001N101O1O00100O001O1O011O000010N100O10000O010O1O0100O010O10O10O1O100O1001N1000001O00001O0000001O000000000010O00001O001O0010O00O10O10O1O1O1N2O1O010000O2O000O2O00000000O101O0O101O000010O00010O000O2O000O100O2N1O2N101O0O101O00000O2O00001O0001N10001N100O10000O10000001O00001O0O1010O01O001O1O2N2N1O1O00010O00000000000O0M4N2O0O1O2OiWjY1
20161015144954Bh_1,[ePg05io13N1O10000010O001010O0O1O2O0O1O001O10O01O1O10O01O010N2O1O1O100001O001O1O1N2O0O100O1000000O010O01O010001N100O10O00100O1O101O0000O10O101O001O0000010O00100O1O1O1O6J00000100000O1O4RQNVO]n1W110O2N<D2M:G2N1O0001O00003[NZRNB8d0am1DPSN9Sm1ARSN=Zn1O2M3M2N2M4MPVQR3
20161015144954Bh_2,Yhdm2:co14L3N101O00O1000O100001O001O010O0010O1O0100000000O10010O0001O01O100O0100O1000O100000O2O0O100000000O100000O100O00100O1O10O1000O2O001O01O000O2O1O00O1O1O1N2N7IoV]m0
20161015144954Bh_3,WkV]15^o1j0_O6L4K<C5E:H8N1N3N1N2OElRNkMUm1c1m0M2O2O1O1O1N2M3O1O0O2C`QNYObn1f0<0000O2K4O11N2O00101N100O2O000O10000O10N1H9N2000O02O0O100O1O100O2O000O100000O20O0001O1O100O10O001001O1N3N4K2N2O000O01N1N3N2O001N11O01O01O1000000O11O0000O101O0O1O2O1N2N2O1N01N1N2N3N1N3M20001N010000O1N3N1O101O00010006J1O0000O2O0100O00O2O1N2N3N3M5K1O7]QNiNnm1[1iQNkNWn1`100QRN[N`m1Y2\RNgMVm1c218LLN0O0O10O0\NcSNE_l1FmRNFm0c0Vl1A`TN:ak1CPUNMQk13_2N2OQUYX2
20161019133714Th_1,bc^^27ho12N101N010O1O1O0010O1O010O10O10O0100O10O01000000O10O10O010000O10000000000O10000001O00000001O01O000O2O0001O01O0000000000001N10000O100000001O000001O000O2O00001O00000001O01O0000000001N10000O10000000O2O001O00001O00001O0000000000000000010O00010O01O010O1O1O010O001O00O10O100000O100O10O10O100000001N10001O0O101O00000O101Nb\eW1
20161019133714Th_2,[gXg14a1Mgl17SSNOil14USNMjl15TSNLkl16SSNLjl16USNLil16USNMhl14XSN6^l1KaSN6]l1KnRN@1g0Qm1KjRNDNe0Vm1c101O0O10000N2N2O1O1O1O1O1O1N3M2M3MROkSNXNRl1h1RTNWNkk1i1XTNWNek1j1]TNVN`k1l1aTNTN^k1k1dTNUNZk1l1hTNRNXk1n1iTNQNWk1n1mTNoMRk1R2QUNjMPk1U2]101H7O1O2O1000O01000O10000O@[RNgNem1W1_RNgNam1W1cRNfN^m1U1h0O2O1N101O1O1O010O100O1N2O100O10O10O10O100000O010001O000O2O00001N10000O01O001M3J5F;N2O1O1O001O1O2McZUR2
20161019133714Th_3,mfZT21no13M2O1N3N1O0O2O1N2O1O1O1O2N2N1O1O001O00000000000O10000O11O0N2N3O000O20O01O1010O2N00000O100O1O100O1O0010O0O10001N101N2O1O1N2O2O0O001000O10O0101OO100001N1001O10O000000001N100O1000O000O2O00010O001O0010O000100O0100O10000010O00000001N7J:FO2M2N4J6K9GnVoc1
20161019133714Th_4,TlRf18go15K3N2N2O2M2O001N1001N2O0001O3M4M0002M1O4K2O0N4KoR[X2
20161019133714Th_5,Q`aj13ko12O1000O0101N1O1O2N1N2O1O1O1O1O1O001O0001N11O1O0010001O00000000000O10O10O01O1O010O0O2N101O01O10O02N1O100000000O10O100O100O1O001O1O001O01O010O010O010O01O1O1O1N1O3M3LZaXP2
20161019133714Th_6,X`QP11mo14L3N1O2N2N2N2N100O1O1O001N2O0O2O00000O2N10000001O1N2O1O001N20O00O2O0O2N1O001O10000000000O2O1O1N3LUajl2
20161020145454Bh_1,_cnj23ko120001O000O2O001M2M4N2O1O0O1O1O1O1O010O0100N2O2N10000O1000001O00001O0001N10000N2O2O00001O10O01O010O01O1N1O1N3O000O101O01O000000O10000O1000001O01O00010O01O10O01O2Nd\mo0
20161020145454Bh_2,gfTa22lo14L3N2N3M3M3M2O000001O00000O101O010O1O2O01N2N2O1N1O0001O00O10000N2M3O1000000000O2O1O1O010O0001000O100O1O100O1O01O010O1001N100O10O1000O0101O0000010O000000O001O100O1O010010O10O001O1O0001O001N1O2O0O1001O0O100000O100O0100001O2N0103M0O00000BkPNOWo1MmPN1co1NbVYW1
20161020145454Bh_3,nfRd15ko11OO11O00002N6J2O0O1O100O001O010O010O1000000O2O3L2N2O[OoPN;on1CUQN=jn1AYQN>fn1A]QN<Vo1N100O0002O2M2ePNBPo1i0O02N4K3M2N2O0O1O100O2O1N10000001N0100O2N100O2NoVQX2
20161020145454Bh_4,mhXW36_o1?J9Hh0YO1N2O1O2N`NRRNP1lm1mNdRNg0]m1TOiRNj0Zn1M6I2N3L4I6LmUeg0
20161020145454Bh_5,S\Wb13lo13M101O01O01O1O1O000000O10000O11O000010O000000000O100001O00000000O10O10000O100O1000O010O10O010O01000O01000O001O0000001N1001O00000010O001O01O0010O0010O0010O0O2O0O10000O100000O100O1O1O1O1O1001O0O1O1001O0O10O0100O00100O1O2OnejV2
20161020145454Bh_6,][iV34ko13N2O1O2N1N101O1O2O0O10O1004LO001N2N100O10O002O0O1O101O1O1O0O1O01OO10000O101O000O2O000O001N11O001O00O1N3N10M3O3O002M3N00001O00O10000000001O0001N1000O10000001O000O2O000O101O0O101O0O100O100O100O1O1O1O1O001O10O0100O3Moc^b0
20161020145454Bh_7,X^[Z25io13N2O101N10O100O1O100001O0000O01O10O00001O0000000O01000O01O1O100O01000O010O10O101OO10O10O10O00100O010O10000O10O1000O01000O100O10000O0101O0000O1O1O2N2Mkal`1
20161104133714Th_1,a`nV21mo13M3K4N2N3N1O1000O01O010O0010O0O2M3N110O10O10O10O10O100O01000O010O10000O10000000O100000000001O000O10000001O000000000O100000O100O2N1O1O001O10O1O01000O01O101N[`Sd1
20161104133714Th_2,_`^f16io12O1O001O1O001O002N2N101N1003L2N01O011N2O1O1N100001O2N1O1O0100O01O01O0TQNJmm16iQNAK<\n13eQN8\n1H`QN<_n1o0lRNYNVk1h1gTNYNZk1h1iSNWNN0I4`l1f1eSNZNO;\l1o1_SNUNal1e2012OcSNfLQl1Y3hSNnLXl18jSN_2]l1WMgSN3LV2^l1dMXTNZ2gl110O1O1bNbRN9_m1CeRN=Zm1[O_RN_O:W1Vm1WOSSNj0kl1SO[SNQ1]l1nNfSNP1[l1nNiSNo0Yl1lNoSNo0cm1H8L4I8K4M1N3N`ZWU2
20161104133714Th_3,maPl26io13N000O100N1N3N2J5O200O10O10O01N100001O010O00000001O1O2L4M3O1N100O2M3N2Nh^eQ1
20161104133714Th_4,ebPR27go13N2M2O2N101N1001O010O1O101N1O10O01O010O01000O010O00WQNGlm19SRNIlm16TRNLjm15URNNim12VRN0hm12VRNOim12VRNNkm12TRNOkm12TRNNmm12RRNNnm12SRNNmm12RRNNom11PRN1Pn1NPRN3om1NPRN4nm1LPRN8om1HmQN=Qn1EmQN<Qn1EoQN;Qn1GkQN<Tn1i0N100O2O1O002N1O1O2N1O10O00000O1N1O2O1O^OVNnRNk1Sm1a0O02O0O010N2K4O200O2O000O100O1WN_RNS1bm1jNcRNS1^m1lNfRNo0\m1oNiRNn0Vm1ROlRNl0Um1ROlRNn0Tn10O1O010O01N200O0011O3M2OO01O0001O1N2O0O11O3NO1O0O2N2O1N2O1N2N10O00010O010O100O1001O2O000O00000O2O0000O10000100O0O100O0010O10O101N100O10001O0O10O0001O1O001N2N2OjY_c1
20161104133714Th_5,SUc_12mo13N0002O1N11N2N101O0O10001OO010O1O1O10O01O01O100O001O01O0001O00001O1O01000O00010O0001O00000O010000000O0101O00010O1O0010000O101O00O2OO01O0100000000O2N2O0O100O010O110O?B0OO2N1O1L7ZOoihZ2
20161104133714Th_6,S]g\14:0Ro1a0M4L4L3N1N2L4M11]Od0N101N101O0O2O1O1O10O01O100O1O2N1O2N2Nbc^a2
20161104133714Th_7,S_eX29eo13M3O0O2O010O02OO01O00001N10001O000O01000001O00001O1O1O0O10O10O10O00100O100O10001N1000O10O10O100O00100O10O01O010000O10010O00010O0001O0010O103L2O000O0O2M3Lk`^b1
20161111133734Ch_1,RdVg09fo18I0O2N2N3M3M2N2O1O1N2O001O010O0001J5N2O1N2O1N2M3N200O1O100O10000O11O00001O001O0O01000O011O000101N001O1DaPN4a[aU3
20161111133734Ch_2,\fhj24ko12N001O1O10010O000010O10O10O10O10000000O10O2N2OO11aPND>1Sn13]QN7OG54`n1J`QNa0LHmn1f0OWOSQN?mn1_OWQN`0Uo10O12M7K0O001O01O4LO1O2M2K6LmW]R1
20161111133734Ch_3,TmXS13ho17L4bPNCSo1g0M2O1O0O10_OTQNOkn11[QNJcn18b001O001M1N110010O1O2N1N2O100O101N1O1O2N100000L4O20O001O0001L3O20O001O1O001N200O100O100O1000000O1000O01O01O0N2O2O0100O01000O101NFhPNNXo10lPNNTo12lPNNSo12oPNMQo13oPNMQo13oPNLQo14QQNJon17=00000001O00000000010O000010O000001O000O1000O10000O01000O001O101O0O101O0O1O1N2K5O2O00000009G2N1O6K1N000100O1O010OO2O1O1NUUkc2
20161116222134Lh_1,U^aY11lo15M1O101N200O000O101O0N1J7N02N2O100O10000O100O2N1N2O010O1O01O10O01O10O10O10O10O1O2M200O3N1O0001OO10000O10O01000O010001N1O0O0001O10010O2O0O2N1O101O0O100O100O2O000O100000O1000O01O001O1O010000O2OO10000O1O001O1O101OO100O1O1O100O10O01O1O00001O010O01O010O1O001O1O0001N1O101N1010O10O02N1O101N0101O0000O01000O10O010O00100O100O2N1O1O1O2O000O20N10002M2O0O00100O010000O2O000000000001O0000000000000001O00000001N10O10O010O10O010O00001O000100O0101O0O2O1O1N2NUd`X2
20161116222134Lh_2,b^[S12mo12O101N2N3M2N1O001O010O01O101N1O01O010O001O001O01000O10O100O1O1O01O01O001O00001O010O1O10O010O0001O0O3Mg`\i2
20161116222134Lh_3,Wec]1:do14M3N1N2O1O100O1O1O1O1O1O001O1O2N2N0010O101N2O0000O10O10O1O100O1O0O101O0O2O1O1NRO[QNd0dn1ZO`QNd0_n1\OcQNd0\n1[OeQNe0[n1ZOfQNf0[n1WOhQNi0gn11O1O1O01O10O00100O1N10001N1000001O01O00001O01O00001O0001O000O11O000O2O2N2O01O0001O0000O01O100O1O1O000000000O1000000001O1N2N2O001N11O01O02N4K2O001N1O10000001O01O0OlNgQNc0Yn1[OmQNb0Rn1]OQRNa0nm1_OTRNa0km1^OWRNc0gm1\O[RNc0em1\O^RNc0bm1[OaRNc0_n1O010O01O10[OlPN<^o1N2N4LTX\Y2
20161219133734Ch_1,Ygnb04jo13O1O100O10000O10O1000O01O1O0010O00010O001O010O1N101O2M4M2M10001oPN]Ocn1e0XQN@fn1X1F1hQNaNL5cm1\1\RNoNcm1g1115NM0N2N2O7H3M1N1000aMYSNg1fl1VNdSNf1Yl1WNkSNk1Sm14M5K1O2N001]RNhMam1Z2^RNfM\m1`2N1002O22LO0O2N1YNfRNg0Ym1WOmRNe0Tm1YOoRN@Fj0]m1B_SN:bl1VOgRN0k0j0Pn100O3N1N1O0O101O7J1N00010O01O1O010O1O0001O001O2O0O00010O010O10O010O101N11M2M2N3M^SSV3
20161219133734Ch_2,]mnh04jo19JO1O11]PNG]o1OdPN:bo1N01O2OOO2O0100O2O0O100O10O2N10O0010O00010O2N2N1O1O1O00001O00010O001O1O1O1O001O1O@oPN1Po1NTQN1kn1MXQN2hn1NXQN3fn1M\QN3cn1M^QN2bn1N_QN1bn1M_QN4`n1LaQN3`n1LaQN4^n1KcQN6To10O1O010O00001N1000010O01O010O1O01O01O00O0100N3MQQoQ3
20161219133734Ch_3,^eSi11mo13N2N1O2N1O101N2O2N10O01O01O1O0O101O0001N100010O01N2O1O1M200101N2N00010O00010O01O1O1O1N2O2N1N2O001O02N2OO10O1O2N2N2N100O2N2O1N1N101N1O102M3NjY^R2
20161231223534Lh_1,WdfS36ho14M3N2N0101O1N100001O1N2O1O10N100N2O000O2O0001N100000010O01O1000O10O00100O0100O2N100O1O001O1O001O00O2O000000000000010O001O1O010O0010O100O01O010O1O0100000O100N2O1O1N3N1O1O010O2NZZgf0
20161231223534Lh_2,UeTW265M[o1`0L3L3N2N2N1O1O11O000000000010O00011RQNQOgn1W1N1N100O0001O8H2N0O101O0O11N10001N1O3M3N000001O2O0O2N1001N1O01N10010O0011O1O01N5L100N:F2M6J3L2N_Yed1
20161231223534Lh_3,lf\Z38fo14M2N100O100000001O01O10O010O10001N0010OO1000OO101000O1000100O1O00001O01O000000010O02N2O0O100O000010O000001O000O101O000000000010O000010O00100O2McXQa0
20161231223534Lh_4,k_Qa23mo11N10000O1O10O10O10O11N1O1O100N2L4O101N10000001O100O1O100O2O0001O000O01O00001N10000O1001O00001O00000001O00000000000O01000O0101N100O1001N2N3N000O2O0O1OU`VZ1
20170129133714Th_1,UePi23ho17L2O1O00010O010O10O010000O10000O2O000O2O002N?A2O0O10160J0O10O101N1000N1010O;F1N10N2O2N5J2]QNkNXn1d1K6J5K4L06J1O4M1O2N3L3L2kNdQNb0^n1XOhQNf0jn1O9G2N2N2N1N2N3LcWgR1
20170129133714Th_2,_knW32lo13N2O0O2O0O1O100O1O100O1O1O1O100O1O2O0O101N101O1O0001O010O0010O1O01O1O4L7I2N2N2L]T_e0
20170129133714Th_3,gTS_25go16M2N2O1N2O0O100O1O1O1O1N2N2N1M3SOSOhRNm0Wm1WOeRNj0Ym1[OXRNLKk0lm1l02O1N2J6O2N1N3N2N1O2J6M3J6M3L4N3E;MZm`^1
20170313145450Bh_1,h`hn14jo13D<M2N3N100O01M2O1N2O2O0O0010O0HAPQNb0nn18000O2O0O02L3010O1O1N3L3N2N3L3M4Lj`Qo1
20170313145450Bh_2,aafc21no12O1O002M3N3N1N1O1000O0100O10000O2O01O0OgPNFnn1:nPNIRo1c0000O1001O100O01012UQNTOZn1o0_QNTOdn1S11O1N10O10O102M2O0O1O5L1N101O1O1N2N2OO01O010001O1O1N2O0013NO0O7J004XQNROSn1P1gQNVOWn1\1gQNgNem1m1SSNgMok1Y2nSNiM?5Tj1T2XUNiM0LL`0fj1l1\UNjMMOGd0Pk1n1nTNXOQk1Q3J2O0O101O01O1RKVUNc4Uk1OO20O<iK`TNj15gN_k1VOhTNV1OdN7j0hk1;QUNDPk16UUNJlj12XUNLij13_UNEdj17_UNFej17gUN[Olj13W[]V1
20170313145450Bh_3,Unnm16^o1>M6J4RQNVO`n1W1N1O001hQNhNgm1X1WRNjNim1W1SRNkNnm1c111O6I2O1N5K2O01eM^RNU2hm1N1O4M8G2N10O1O100O1O000000O02O00011O44H1O1N5L1N1010OAaQN_O\n1>hQNBWn1<kQNGRn16QRN1hm1MZRN4dm1K_RN6_m1GeRN;Xm1ClRN<Rm1DPSN?^OUOQm1:cSNo0\l1oNgSNQ1Wl1nNlSNR1Sl1mNQTNP1nk1oNUTNP1kk1oNVTNQ1kk1mNVTN5gN`0Sm1YOXTN4jNa0nl1ZOjTNd0Ym101O2N2N100O1O2O000O010O010000000O100O10O0010O0001O010O10O01O10O0000O100000000001N10001O01O00001O010O0010O000O10001O00010O0000001O000010O0001N1000001O00O0100O001M3NPmnh1
20170313145450Bh_4,jYQe24ko13M3N0O2OO10O10O010O1O010O010O0100O001O100O1000O1O0O20000O010O10O0100O10O10O1O0100O001O100O01O1N11O001O010O0010O1O101N2MQgTW1
20170326133730Ch_1,Xd`]25Ro1MQQN1<5^n16^QNL_n19YQNMdn1j0M4Mc0]O4L[N_RNP1^m1mNgRNQ1Xm1lNSSNn0kl1QOYSNo0KkNok14YTNMTO10d0?^ORl1NVUN?XNB24an1n04N3M3L3O0O2N3O0XOlPNc0Yo1O1N1O100O3M2O0000100N10O1000001O1OO001O0O20O01O010O010O10O01O010O1O01O100O000O10000O02O1O2M3MSYS^1
20170326133730Ch_2,ejXg12lo12O100O001O0010O010O0100O00100O0100O01000O010O010O10O010O001O001O000000000O10O1000O10000000O10O02O0O3MdV_U2
20170326133730Ch_3,_TUX31no13M4M1N2N2O1O00O1000010O0002O0O00O01000OO2I7M2O100001O1OO002O00001N0CYOaQNa0in1ASQN?nn1:000O1O1N1O200O1N1L5N2OO1O01O02N2O001N2N11O2N3N1N2N100N3N001O1O2N2MYm\c0
20170326133730Ch_4,[VWg16io12N1O002M2N2N3M2N2O0010O1N3M2O00100OO1O02O10001N10001O01O01O01O1O001N10002M2N2M200O1000O1K5N4N000O2OO01000O001O2N1O102M4M3L10O2N3L3O1O0O102N3M2M10001O010O1O000010O000000000000001O01O00O10O1O0O10001OUj`R2
20170328014950Uh_1,g_h]22mo12O0O2N1O1O2N2N1O2M3N3N3L3N3L4M1O1O01O000O10001O1N201N2N1001O4L10N2O0O2N1001O1N101O00O100O101N0100O1O20O5K1N2O0O100O100O100O010000001O1OO010010O01cPN@Xo1e00O000O1O10O2O10O001O0O100O1000001000O10O0O0100O01010O2N1O1O3N5NM0O01OO0100011N10O0000O2O2N1N1O1O0O1010O01O10010N101O0O10O010O10O1O100O1O010N101N3MR\oX1
20170328014950Uh_2,lclS14lo12Me0\O3N1N5L4K2O04K6J2N=_O7IY[Wk2
20170328014950Uh_3,fSa_22mo12O1O1O0010O01O001O1O0001O0001O00010O001N100000000O10000O0O2O1O01O1O1O1O10O010000O01000O010O01000O0100O1O100O0100O2N01000O0100O01O010O0010O01O10000O1000000O2Nll^[1
20170329014850Uh_1,m_jh26ho12N3N1N2O1O0101O000001O00001O2N100O2O6J1O02M3N1N110O10O001O2N10O0O0100001O010O1OO0101N10O1O2O1N2M100001O1O100O00101O0000O10O100100O01N2O1O1O0O2O000001O001O10000O001O001O10O0010000O0001O2N10000O1O1N1O2O2N0O11O001O1O2UOPQNb0Xo15J2N01O1OO0001O00001O2N2N1O0O101O00001O010O0010O2O000001O1N2O0O2O0O1O1O1O1O3Ka[mm0
20170329014850Uh_2,QTgk22mo11O2N1O100O10O0100000001O00001O1O0010O00000O10000001O000O101O00001O001O001O000O1000O100O001O10O010O001O001O10O001O10O001N1O20O0O2O001N1010O01O1O001O000O10O10010O01O0O2O1O0100O010010O1O1N2NPmZn0
20170330133710Th_1,c`bU37ho14L2N2O1O0O2O1M3N1O201N6J2OO01O1O10O0010O010O010O0100O10002N10O1O1O000000O100O1N2O0010O0001000O100000O00100O001O1O010O1O100O1O101N101N10O010000000O101O1O000O2O0O1001O000001O1O1O0O2O1O10001O2QQNROfn1V10N1O1O00105K00O1O4M3L13iNXQNm0Qo1M1N2O1N2O000O2O2N1N2O0O1O2N1O2N2KZ[ab0
20170330133710Th_2,jblm13lo12O0O110O2N2O0000O01O01O0001O0000001O00010O0010O00010O01O0000001O00001O001O010O01O001O001O001O000010O00001O001O101N2dPNEPo1h0N001O10O0010O1O1O16I2M2N2N2L9Ei[]m1
20170414151450Bh_1,iifg13ko13M2O1O1O1O001O1O001N100O10000O100O1O2N101O000001N1M4N2O1N2O2M3LYWWV2
20170414151450Bh_2,gbcV2:do14N1O1O10O2N1O10O00010O1O1O100O1O100O010O0001O00001O01O0000000000000000000001O00000001O00001O1O1O1O000O2O000O100O2O0O1010O10O100O1O010O10O107J0O01N1O2O0001N7J1N101N1O3N1N2O0O1O1N2Of[fc1
20170414151450Bh_3,fciX14lo11N2O001O0010O000000010O0001N10001N1O101N2O00100O10O001O001O1O00001O001O10O01O10O2O0O10O00010O0010O1O10O00010O00000001O00001N101O1O00001OO10001O01O01O010O010O10000O1001O2N000O01O000010O0001O010O00010O000010O000100O1O2N10O0001O00O2O00000O100000000010O0001O1O00001O0000O2O00000O101O0000010O0001O001N101O010O10001O101N00O100O001O100O2N1O01O01O01O00001O0O2O000O1O0000100O01001N10001N10000O1000000001O0010O01O1O1O1O1O1N2O010O1O1O1O1O001O00001O0000000000001O00000000O0100000O01000000O2O000O01000O000O1O02N2O0010000O100000O100O1O1N2O1O2MhZbV2
20170516134450Bh_1,[bdo13lo13M101N2N101N101O101N1O10O10O00100O1QSNA[j1`0`UNDaj1<\UNFej19YUNIhj17VUNJlj15SUNKoj14oTNMQk14mTNNRk12nTNNSk12jTN0Wk1OcTN8^k1H_TN9bk1GkSN@Ak0dl1FhSNBAj0hl1CeSNDBk0jl1AbSNF@l0ol1_O\SNT1cl1oNWSNT1jl1Q12M2O1[NgRNVO1n0[m1GhRNWO10M701^m1>YSN]O]O3]m1<hSN@]l14XRNLi[em1
20170516134450Bh_2,^d`R33ko13N2O1N1O2M2N3J4N2NO3O110O1N2O1O1O10001N10000000000O10O10O10O1O1001N2O1N3M3MT\Qk0
20170516134450Bh_3,a_g\15jo13L3M3L3O2N0100O10000O01001O0O101O0O101O00O010000O10O10000O001N2N2N20000001O00001N100000000010O000000O01000O100010O0O100001N1N200O1O1N2N2O2N1O1On`f^2
20170626133730Ch_1,eT[h13do1:L3O1O01O000O10O1N2[O_OiQNd0Vn1AeQN`0[n1BbQN?Vn1\OeQN91<Xn1k0N1N200O010001N10O1fN\NoSN1WOe1hl1gNdSNc1\l1:USNXNll1e1YSNXNhl1d1cSNTN^l1h1hSNUNYl1g1lSNXNTl1f1oSNWNTl1g1X1]NgQN:07Zo1L5K2M2N1O1O2NdmPU2
20170902231930Lh_1,Qf\U15ho15K4M2N3M2N3N3L3N2N2O0O0000O1M4_OQQNOQo1OSQNOmn1OVQN0jn1OXQNOhn10ZQN0fn1O[QN1en1N]QN1dn1K_QN5Wo1NQZQi2
20170902231930Lh_2,`PUg13ko14M1WONbQN4\n10\QN5dn1NWQN3in1b00000001N101N2J5O2N1O1O01O001O1N2VO^OVRNc0im1@TRN`0nm1AmQNa0Tn1@jQNa0Wn1AdQN`0^n1?1M3O00000OEPOiQNQ1Xn1:1O10O1N2N2O00M301O100O200O9aN[QNS1kn1SOWQN?in1_O[QN>gn1_O\QN`0So1O0O2N1O2O1O2M3MWRQU2
20170902231930Lh_3,maWZ12ko15cPNLgn1:TQNIjn1<PQNGon1e0O10000O2M2O1N3N1N3M2M3N3N001001O100O5K3N:G0O0O01O010N2O0001O1O0O2O00100O2N2N2N3N1N1O1000O1O01O01O0O10000O2O00001O10001O1O01O1N100O00001O0O1O1N2N201M2N2O010O100O10001NW]X`2
20170926225530Lh_1,`lRh09eo12PQNGWn1=dQNHYn1Q1M2O1O1O001N2O2M2N2O2N1N3N1O1N4L7H=C5K4NWNTSN^O1:hl18[SNZO1<bl12XSNWO98N>_l14nSNZOH`0Wl18nTNRO_N;al1e0ZUNXOdj1i0_UNTO`j1m0V23O100O0O2N1LOdQNgN]n1Y15000O100O000001CbQNYO]n1g0gQNWOWn1i0mQNTOSn1k0`001O1O10000I601O101N2N3K7IjVoS3
20171018223630Lh_1,[ff_14io14M3N3L4L3N2N2N2O0100000;F000O0000000O101N01000O01000000O101N1000O0010O01O0100O2200OOO00O100010O00100O0O100000O1O010O000100O0100O1O2O0O1O10001N10000002N100O01O0100O001O1O002N1OO2O00001O1O0O01O010O0010O002O1N3N0O101O1O1O000O01O00001N100O2O0O1O2N1O101O0O110O0010O010O1O100O001O00O101N1N201O0O110O0001O100O1O100O2O1N2O2N2N1O3M0010O5K5L1O0O000101N1O100O000O2O103L3M101N1N6K3M4L2N5K3L4L10O0`N[RNe0gm1ROiRNe0cn1G2M6J5M05K0O2N1N1O10O100O1O00001O00010O1O010000O1O01O1O2N2N1N200O1O02N2O1M;F2O0O02N1O3I7JhQYQ2
20171018223630Lh_2,ShTl27ho12N2O0O0100O01000O01O1O2N1O1O2O1N101O0104MdPNBTo1f0O0O10O00TQN_OZn1MmQNNC:Xo161O0O101N7HnVgQ1
20171018223630Lh_3,YXmb16ho13N1N2O1N110O1000000O0100O00100O00001O01O10O0100O010O1O0O2N10001N1OO0N4O2O1O1O2N2O2M3LdhZZ2
20171021223430Lh_1,e]\T21co14bPN0Zo1b0I2N1O100O2M2O1N3M4M3M3L;F2O0O0000YOoQN@Qn1?SRN]Oom1b0TRNZOnm1d0XRNWOjm1f0i0N2O2N100O01000O101O00010O00O2O2N1N2N101N10O01O1O101O00011N1O001N[O_QNMan11cQNM]n11mQNFSn1;i0O10001N10001OO10O10000000000001O00001N101O0O1O1O1O00000001O00100O0O2O1O01000O101O000O10O101O0O100O1O2N100001O00001N10O101O0O1O2N1000O110O2N10O1O010O000O2O001N2O0100N100O2M2O1O100O1O1O01000O01N20001O00O101N1O2O000O20O01O2O0O1O2Lhcg`1
20171021223430Lh_2,Qdf_25io14I6N2O0010O01O000O10000O2O0O102M3N1N3M2O1N100001O1O2O1N2N2O10O1O0000O00100O10TQN^OZn1`0dQNC\n1>^QNFcn1k0001O000010O02N2O011O000O0O011N20N2O000O01O2N2N2M20O01O02N3N1O0101O03K10010;E0O1O1O0100002N0O3N0O010N2O1N100O02O4L00O1O1N2O000010N10001N01M3HRYWY1
20171021223430Lh_3,khlh22no12N5J3L5J5N2N101N1N10000O00O2N1O100100O01010O00010O00010O00001O00O101OO01000N2N3N1002O1O10O1O001O1N1O2O0O2N100O0O101O0N4OO010O101N1O2N2N2N1N2O2N4K3O1N1O010O1001O1O1O010O2N2N000000O11O1N2O000O1012N0N2O0000107ImPNE_n1;]QNJbn1m0NO1O0O2M3M3L4G8M201O1N3N3M2M_Tao0
20171021223430Lh_4,R^kl02mo13M3N0O100O1O1O1001O000000O2O000O2M2M3O1O0100O1O10002M3N1O00001N001O1O01O001O1O01O000000000000O11O010O010O010O01O0010O010O1O2N010O1O00010O00000010O01O01O010O10O0100O0000N3N3NXcdm2
20171021223430Lh_5,\dS]12mo14L2O1N1O1O100O1O1O100O2O0O101O1O001O01O1O00001O00001O5K2N100O000100O0000001O0O101O1O00001O00002cPN@Vo1e0001O00010OO102N2M10001N100O1O10000O101N1N2O2N2N1O1N3F9O101O01O4cNhQNk0hn1N0010O2N010O02M2O1O2M3OO00010O000O2O1O1O101N001O1O1O1O001O01O001N2O102M:F2OO01O0O1O2M2L6IeZnZ2
20171027150050Bh_1,ca`n12no15K2N1O1O2O0O1O000000O2O0000010O0010O10O01000001O1O0O0010O01O01O10000O0100O101N2N:G00O1O00100O001O1O1O2N1O1O1O0O101OO01001O01O1M3Gd][m1
20171027150050Bh_2,\c\R2:co14M4M3N2O0O1O1002N10O5J1O1003L2N100010O1O103NN1O`QN[Odm1d0ZRN_Ofm1`0XRNChm1=URNEnm1:nQNJRn18hQNLWn1o0O1O01O2N3M2O1N1O11O:E01O1N2M3N2M4K5L4M3YOQQN8^o1M4K\ZYj1
20171027150050Bh_3,TWme11no1101N2N2N1O100O00100O101N100O2O0O100O0001N101O010O010O0100O010O100O2N1O1O100O00010O10O0100O00O2N2N11O0010O010O010N2N1O2O010O01O1O01O01000O0100O100O010O000000000001O0010O1O011N100O2O000O2O00O01O0100O01001N2O1O2N2N01O01O0000000000000O1000000O01000O010O1O001O10O10O0100O1000O0101O000O10O100O10000O10000000O10O10O1N2O1O010O1000O01O0100O1O1O1O100O10000O10000O10O101O0001O00000000000O10000000O10000001O00001O0000000000000001O00000001O0O101Nmj^l1
20171027150050Bh_4,ZVeW25ko12N5L000O10O1O001O0010O00010O10000O010O00100O01000001OO2O000O100000O2O000O01O2O1N2N2O0O2O01O1N2O1N10O1O100O20O2N1OO01001O0001O000O100O001O01O01O01O10O0100000O100O10O010000000O1001O000000000O010O2O0O1000O100O01O100O010O0100O2O0O01O1O1N3Mifl`1
20171027150050Bh_5,ofen18go14K3N3M101N10O0000E@VQNa0en1?0000001M2O1O2N3M3M7G7DoYlo1
20171029171010Mh_1,\]PP17ho12N2N3M2O000O2O000010001O100O001O0O0010O00000N20000O1010O01O02O3L2O0O204K00O1O1O2N6J2N100O1O1102N4L0O00001O5K1O1O8IO001O0O000010O00010O1O100O0100O101N01O100O1O1N2O2O0010O2N100O1O100N2O0O2O1N2N4M3M2N2N1O01O01O1O1N2O001O1O0O20O2N1O5LO1N1O2N;D]^]h2
20171029171010Mh_2,k`Zi15io13N2M2F:O1001O0O10000000000O11O01O0100000O1O10O2O5MO2]OiPN7ao10N10000010O1O01O01N3N1N2N1NX^QT2
20171029171010Mh_3,UbTc29fo13M3M2M2K4001O1O1N2O0O2N20O11N100010O0O10O10O101O0O1N4K5N3M1OO1O2N1O1N3M2000O01000000O2O01O0O101O1N101O100O0001O0O101O0O11O00002O5J1O1O101N1O1O0100O1O01O010N10001O01000O01O001O010O0002O1M20O1N3M3N1N2N101O0O1010O0O11001O01O01O2O3PQNTOdn1V11M10O1O1N101lQNjNZm1Z1aRNhN_m1Y1_RNhN`m1Y1_RNiN_m1X1_RNjNam1W1]RNkNbm1V1ZRNlNgm1g10O100O010O100O2O1O1O001O2N1N000O2M3L4M3N2O1O0O101N1O10001N110O1O10O2O4M10PO`QN;To1O001L3K5M3N101O0O110O0002OO1OlZaQ1
20171029171010Mh_4,SbdV14do1N`PN6]o19N2NCgPN5Yo1GkPN:\o13N4M0100N1O2N10O3M001O001N2O0O2N10O01O10O01000000O11O104L3NO0O1000000000O00101O01N01O1N101NePNDTo1<hPNHXo1`00O2N2N1O2O0O3M20O1O0O100O2O1O100N2N100001N2N2M2N3M3M^Z[d2
20171029171010Mh_5,maTf03lo13N2O0000000O1O100O1N2O1O001O10O0001kPNBfn1>WQNFhn1:VQNJM1\n17cQN:\n1g0O5J3N3M2N1O01O1N3fNURN9om1AURN=mm1\OYRNc0im1YOYRNg0an1O1L5K4M2O101N1O1N3M3N[\oV3
20171029171010Mh_6,RlZZ22no1001N10001O00001O01O0001O0000000000001O01O01O00001O100O011O001O00000010O01OO10001N2N100O0100O10O01O010O1O010O01O010O00001O00010O000010O00000001O001O0O2OmRk`1
20171029171010Mh_7,TWi`21mo13O0O010O1000O0100O1000O10O10O10O100O0100O001O0001O001O010O010N1O2O10O10O1O1O001O100O0010O01O10O01O01O000O2O000010O000010O01OO1O1000000001O0001O00001O001O001O01O01O002O0O2N2OajfY1
20171029171010Mh_8,gei^23lo12N3M3M4L2N3ePN^OTo1j0RQNYO\n1j0`QNYO_n1U1N1O2O0O2O1N10000O010O00jNlQNa0Tn1^OURN:km1FXRN6jm1IXRN4km1JVRN4lm1KURN5mm1FWRN8jn1N5JdYZ_1
20171107222630Lh_1,WeRU18ao1:I6M7I100O11N2L4I7M3O2N1N110O1O10O010O011N101N101N1O100O1O2O1N4L2N2N4K2O1O1N3N4L6I2O1O001O1O2XRNZNRm17aRNS1:hNTm13fRNNNm02TOZm11fRNL2\1Xm1hNUSN3^Oc0_m1XOUSN2@d0^m1UOUSN5@d0Yn1ZOjQNc0Xn1\OjQNb0ln1O0O2N11N1O101M3N2N1N]OSQN7kn1GYQN:dn1D_QN>_n1_OcQNb0nn1010000OO1O0105J2O1OO1000O2O0O1O3LaW_e2
20171107222630Lh_2,Rj\S21oo1000N4N1N1O2O0O1O100000O100001O000O10000O10001N1N2O2O0O2O1O2N101N5K1OO100O2M2N3M3N4M2N0O110OO110N102dPN@To1g0M011O10O01O2O00WOPQNb0on1]OUQNb0jn1\OXQNe0Qo110N001N20O10O11N100110OO2N01O000O11O000100O00001O0N2N20O010000O100000000000010O1O10O00010O001O1N2O1O002M4M1O00000000O2O0N2J7M2N2O1O101O0O1001O01O0O001000O0O3N1N2M4N3OO010O1O1001O2N1O02M8G3HaUib1
20171107222630Lh_3,Sod_13jo14N1O1O001O0O2N1O2N1M30010O00000C_O\QNa0cn1B[QN>dn1D[QN;en1GZQN7hn1LTQN2Po1=2O0AnPN1So1MQQN1on1OQQN0on10SQNOmn11SQNNmn13`0O0100O001O001O001N01N3N2O2M3NfRa]2
20171108222430Lh_1,TeP`16ho14L5K3M3M3M3O1N11N101O0O101O01N10000O100000000010O001O2N2N2O0O2N10000O2O10O1N101OO2N100O1010O10O0010O00001N3M101N2N2O2N2N06InPN@fn1`0VQNCnn1f01O0O101001O1M10O0002O000001O5K1O1N10O06J2O00O10001O102M10N1O1O1N2M4M1O2N101N2O3LjW]Y2
20171108222430Lh_2,_gl?2mo12O0O3N3M1N3O4K0100O1O010O01O1001N01O100O1O1O13M1O4K2N1000O010O00100O010O010O1O2OOO1000O010O1O3N3L3McWm\3
20171108222430Lh_3,\j^a2<co12BHPQN:nn1=O00N3N2O1N2O1N2N3M2O1O1O10000O1001O01O01O01O000000001O00001O000001N10000O100O1000O10O1000O1N20000O1000001O0000O2O0000O101N1O1O10O10O10O100000010O00010O1O0O2O001N1N3M1O2O01O01O001000O200AdPN8do1N100O1O1O2NPVSX1
20171122022450Uh_1,kgba14jo14M2N1O10000O10000O01000O01000O1O001O010O10O1000001O000000000O010O100O1O2M2N3N100O2N`Xg[2
20171122022450Uh_2,iWYl07eo15K6UQNFjm1>QRNFmm1=lQNJPn1:lQNMmm1^1D8I3M2M2N2N3M2N2O2N3L5K4M1N2O3M3M6K1O1O2M2O2]TNoKSk1T4gTNQLVk1`4L6K1N1O3M8H3L3LYLmUN[NKT3Vj1`N_VN]1^i1cNeVN^1Xi1aNkVNc1oh1\NTWNe1hh1ZN]WNe1ah1ZNdWNd1Zh1[NjWNd1Sh1\NSXNa1jg1`NXXN_1fg1aMiVN4e1^OZNd06c0Pi1VOPWN1Z2CoMU1eh1UOXWN0V2BRNW1_h1UO`WNLQ3m0^e1WOcWNIR3P1Xe1XOhWNEU3Q1Qe1YOlWNCW3T1jd1ZOX\Nh0fc1XO\\Ng0bc1ZOj\N:Uc1Eo\N:Pc1ES]N:kb1EX]N;gb1D[]N<db1Ca]N;\b1Ff]N8Zb1Gh]N9Wb1Gi]N:Ub1Fm]N:Rb1EP^N;oa1EQ^N<ma1ET^N:la1EV^N:ia1GW^N:ha1FY^N:fa1F[^N:ca1H]^N7ca1I^^N8`a1Hb^N7]a1Jc^N6\a1Ig^N6Xa1Jj^N5Ua1Kl^N4Ta1Lm^N4Ra1KP_N4Pa1LQ_N3o`1MQ_N3Pa1LQ_N3o`1MQ_N4n`1LS_N3m`1NS_N1m`1OS_N2l`1NT_N2l`1OT_N1k`1OU_N1k`10T_N0l`10T_N0l`10U_NOj`12V_NNj`12W_NMi`13W_NMh`14X_NLh`14Y_NKf`15[_NKe`14\_NLd`14[_NMd`13]_NMc`13]_NMc`13]_NMd`11]_NNd`12\_NMe`13[_NLf`14Z_NKg`15Y_NJh`15Z_NIf`18Z_NGg`19`70000O010O10O00100O010O1O000001O000010O01O10O0010O010N10001O01O001O1O00100O1O1O1O1N2O1O1O001000O00100O0100O001O0GXO\QNh0cn1[OYQNf0gn190H9N10100O1O1O1O010O10O0010O010O01O00001O01O001N2L3O2N1010O00001O01O00010O10O010OO2O1O0010O1O001O1000O0100000O2O00001N10O10000001OO01000O100O1000000O100000001O00001N101O0O10000O10000O01000O10O100O1O2N1O2N101O0O1010O0001O01O01O01O01O00010O0001O010O00100O1O1O1O1O00010O01O101O000O100O10O01O0100O0010O02O0O010O0010O01O001000O01O100O1O1O001000O3N2N1O0001O1O2ePNDln1>PQNEPo1f0O0010O1O1O1O1N2O1O001O1O1O1O1O100O00100O100000000001O001N100O2N100O2N101O2O1N1O1N1O2O0000001O16J0O00O10O1100N101O2N1O000106K4L2L1O2O15J0O01N2N2N1O001O100O1O100O1O100O1O01O010O00100O001O0O2O001N1O1O1O000100O1O2O1O1N2O0O2O001N101M]h`V2
20171122022450Uh_3,\\[X21no12N1O01O010O0100O010O10O0100O10O0100O10O00010O01O00100O0010O001O01O01O0100O010O10O01000O01000O100O01000O01000O1000O10000O010000O0101O0O101O000000O10000O10O10O10O1000O010O1O0O2O2NhdPb1
20180507140210Th_1,lgdj09fo15K4L3N2N4M0O2O2M2O00110012M2NOO1O2N2N1O1O1O102OO1N2O1OO0001O0001N2N6I5JUVQS3
20180726232450Bh_1,ZanS15ko10O2O0O1N3O2N2M3N101N1O1O1O2M10000OO3M2O2N1N2N3O0O1000O01O1O01N2O011N1O0O0N3O0M401000O1000000O2OO10O10H\ORQNf0mn1610000010N10001N2O1O2O0O2N2O1N1N2ODaQNWO_n1f0fQNYOXn1f0kQN[ORn1>eQN^O;4om1;\RNEbm1:aRNE^m1<cRND\m1;fRNDZm1:hRNFXm18kRNHTm18nRNFRm19PSNFol1:\100O00100O1N3Mn_]f2
20180726232450Bh_2,ZodR33lo12O0O2O1O2M4M3K4J6M2O1O1O1O0001O00001M2O101O0O11O01O010YOmPN?\o1N00001O0O10O10000O101O01O1O1O1O1O1O01O01O0000000000000001O000O2O001N101O1O100O1O1O001O000001O1O1N101O1N2O1O1O1O00001O000000O2O000001O01O0O10000O1O010001O0000000000O101O00001N2O001N1N3O0O100001O01O01O0O1O001O10O10O1O1N11000OO2O11N101O0O101O00O010000O20O0O101O1M2M3O00L6M2O101O1GiPkb0
20181012105930Ch_1,b_j[11mo14M2N2M2M3N2N2O0000O1O2N1010N2N1O2O100O010OO2N2O1O1O001O1O00010O1O00100O10O10O100000O101O0O100010O0001O01N101O0O1010O00010O1O2O0O1O10O000N2O01001N2O01O01O01O1N101O0O0100O0O2N2O10001N101O00001O0O2OVao]2
20181012105930Ch_2,[ebd23ko12M3N101N100O1000000O01O1000O1O1O1M3O1N2L4O2N100O10O11O010O10GSQN^Omn1a0:O001O100O002N1O1O6HY\gX1
20181030230030Lh_1,U^bc23io16^PNHUo1e0L2N100O100O1000O001N2O1N2N3N1O1J7N1O2O2LiboZ1
20181030230030Lh_2,nd\g13jo14M2M3L301O1O03N2N0O1010N10001O1O1001O00002N10O1N1000O101O00000000O2O0O1O11O1N01O2O0O1O101N2O1O000001N3N1N1O1O1O3C_PN5bYQU2
20181030230030Lh_3,Pm^V23no100O00010O02N2N1O1000000O101N3M100O1O000000O1N2N11000O01O1O001O01N110O10O01000O00O2O1NTSif1
20190605025430Lh_1,mPQc02io19K3L:F4K6J5K5L6K8G6J3N2MfNZRN`0bm1@cRNa0Wm1_OmRNa0Qm1_OPSNa0nl1_OUSN`0jl1^OYSNc0el1[O`SNd0\l1]OgSNc0Tl1^OoSNc0nk1mN[SNIQ1Z1bk1kNlTNT1Rk1kNRUNT1kj1lNXUNT1fj1lN\UNT1bj1kN`UNU1^j1kNdUNV1Yj1iNjUNX1Sj1gNPVN3UNc0kn1N2N1N1O1O2N01001N101O1O1O00001OO01000O1O1N3L3N1O2G9O2N10001N3M2N2N2O1N2O00^OaQND]n17lQNFTn18PRNFom19TRNEkm1:XRNFgm19]RNEbm18dRNE\m1:U1O00L40101O1N1N3O1O10N1K5N3N101O1O0O20O0O2O10O001O01O0O0G:N000O2101O1N2N110O1OO1O01001O1N1O3MFQQNGmn19XQNCfn1?<01O00J53N1O01O0N2N20001O0C>O1O1O1OO10K6N20O2OO0M30_OkQNYOUn1g0oQNWOom1e0YRNWOfm1j0h0O11000O2O1O;YOiPNNSRoR3
20190605025430Lh_2,dS[W14lo11N2O1M3M2N1N20000O1OO101O2O01O00000O1001O010O0001N2L3N3N2O1O10000O10O10O10OO2O00O1O10000O101O000M3O2N2O0100O0100N101O10O10OO2J6B@ZQNa0fn12;L20O2010@nPNH12Ro14?1K05O4M]ojc2
20190607032610Mh_1,agjn13ko13M2O100001O00010O0000010O00010O00010O01O1O001O10O10000O1000O00100O000001O0O100000O01001O01O1O1O1NUXQn1
20190607032610Mh_2,\ReY12lo14N2M2M3M3L4N1O2O1O00100O001O01O010O1O2OO10O002N2N2N100O002O0O00001O0O001O10O10O010000O100O1O2N1O001O1O1O001O1O010O0100O1O2O0O010O1OO2O01O001O1O1O1O10O0100O01O00001O001O01O0010O01O001O0100N1H9N1000001O00001O000O101N1O101O00O1O100000O01O1IQQN]Oon1c062N2O001N2bJUOf[Nk0Zd1VOd[Nk0\d1WO^[Nm0cd1TOZ[Nm0gd1SOY[Nl0id1SOV[Nm0kd1TOS[Nl0nd1TOQ[Nl0Pe1TOoZNe0YKWOki15iZNc0_e1@]ZN`0de1BXZN?je1ATZN?me1BPZN`0Pf1BlYN?Uf1AhYN4ff1MXYN2jf1OTYN0of10oXNNTg12kXNLXg15gXNH]g17bXNGbg18\XNHfg19mWN3Th1LkWN5Vh1KhWN5Zh1JdWN8\h1I\WN>fh1AWWN`0kh1_OSWNb0oh1^OnVNc0Ti1^OhVNd0Yi1\OfVNc0[i1^OcVNa0`i1@ZTNAh1e0Yj1LjSNCk1?^j1:`UNEbj1;]UNCej1>YUNBij1>VUNAlj1>TUNAoj1=oTNDSk1<gTNI\k14bTNNgk1KVTN5mk1KoSN7Rl1KkRN_O8OHk0Wm14iRN8[m1U12M2N2O1N2N3A?I6M4@bQNXOfn17WTiZ2
20190607032610Mh_3,oRYR2;co1201N10002O7H000000O10O0100OO1L32O101O0O01000O010N1O2M2O002O001O001O000000O00101N101O01O010O00O2K5O0O2K5M3N2N1M3O1O0NE;2I700NI:O1OQOVOjRNg0Ym1^ObRNb0_m1BZRN`0hm1@TRNb0mm1@oQNa0Sn1AiQN>Zn1a03L4N2O1O2M2N2O2O0O01000OOJUQN[Okn1c0901M3M4M3GTQog1
20200806072410Th_1,e^jn12mo11N3L4L3N4J9G5O1O1N2O1O0O1O1N2L4ODdQNTO\n1f0b0O1001O00100O0100N0M3001O0O2O1K6N2O0O2O00O10OO1@aQN@an1>`000100001O0O3N1N2N2O1O0010001N010000N2K4O01001O1O011O00001O0000O1N2L4M4MUdUl1
20200806072410Th_2,_ciP22no10O102M5L0N2F;O2M7J01O01O1O1O1000O2N2N2N1N2O101N00010O1O2N0O1O2M2O1O001O10O010000O1001O00000O0100O0O20O1O010N2N2011N000100O0O10O1O1N110O10O001000O1000O10000O1000O100000000000O2O000O1O100O01000O101O0O1O1N2O10O100O0O2O1O1O010N20O10O01O1O001O1O10O010000000O1000O01000O11N2O1N100O2O000O0101O0O101N1O00N3N1010O001O00001000O10010O00001OO01000O1N020O10O01O2N10001N10O01N1O00010101O0O10001O2OO0001O0000O1000000000O1N20000O101O2N1O0O2O01O01O01O001O00O100O10001N10000000O100000000O1001N101O1N2O01O01O00O1i]f_1
20201228202510Mh_1,S\Qb23lo11O1O1O1O1O010O0010O01O0000001O0O100O1000000001O01O01O1O001O000010O010O00010O010O001O000010OO2O10O010O010O1L4N4KXe\Z1
20210101202450Bh_1,YYae0296Ro1OiPN:nn1=ESO^QNQ1]n1<M3N1O2O100001N101N3AgQNRO[n1j0?N3M2N3M4L6J5KVgPY3
20210101202450Bh_2,\bgg27ho13N2M7J000O1N3L3N2O1TOTOcRNm0[m1XO`RNi0_m1[O\RNf0cm1k01000OM4O1O0M4O00]OaNcRN_1`m1kNWRNT1jm1`01M3O2BRRNhNnm1W1=01O1O1O1K5G80J600O2I6O2000O2M2N10K5CiNTRNU1mm1oNoQNQ1Rn1>O1\O]NkRNd1Rm1fNeRN[1\m1c010O2O1O00K6N3M2M3N2O0O2N2O0O2O1OkL_NlWNa1Th1bNhWN^1Yh1eNcWN[1^h1gN^WN[1bh1hNZWNX1hh1kNcVNC_Na1Qk1mNXUN[Od0U2Wj1bNQUNBb0h1aj1hNiTNBf0d1cj1lNcTNBi0b1dj1BZUN=gj1FUUN;kj1FSUN;lj1GSUN8nj1HRUN2Sk1OlTN0Tk13kTNMSk17jTNIWk19fTNGZk1;eTNEZk1<eTND\k1<cTNE\k1=cTNB]k1a0_TN_Ock1X26N3N1O2XMRTN]1ok1aNUTN\1kk1dNVTN[1kk1eNUTNQ1JQNRl1n0UTNn0Ul1ROlSNm0Ul1jNSTNV1nk1hNTTNM_O`0]l1AWTNG[OE9l0Ul1GYTN]O\O0`0h0mk1F^UN9cj1E_UN:bj1E`UN8bj1G_UN7dj1F^UN8dj1E_UN9ej1C]UN<Tm1O2O000O3LedfP1
20210101202450Bh_3,lbUU24ko1101N2O1O1N1N3L3O1O2O1M2M4O001O0000O2O000O010000O1O1O1N2K6M2O1O2O10O01O010O1O000001O000O1O1O1O0O2O1O00100O01000OO2N2NL\QNoNdn1P16M3N4K4F<J[^ff1
20210127110130Ch_1,a[ha26eo16M2N3K4O001O1OIlPNCUo1;70K6001O1O1O101N100O2O00O01000O1O1O10001O01N10001N010000N2000O10001N10001O0O10010O0011O0O010O0002O1N1O100N2O0OPeUZ1
20210127110130Ch_2,cYce25ho14M3M3M2O00K5O1O02N1O10O01N10O2O1010O01O1N1O1000O2M2M4O02M3N6I4M`gZX1
20210127110130Ch_3,]_Ql12fo11]PN2_o1:M2L4O0O11O001O1N3N1N101O1O01O010O010O010O001000O10000O1000000O2N2O1M]adQ2
20210219230330Lh_1,jb_[1:co15kNCVRN1D?Rn1EURN1E=Sn1FURNh0ol1SOXSN>@a0Wm1SOVSNe1jl1\NUSNe1jl1^NSSNa1nl1bNoRN^1Pm1gNkRNX1Wm1f01001O10M4N20O10O10O100O0000BfRNTN]m1a1eRN\Nfm1d1;1N2O00101O000001O0O00[OYNSSNf1ml1[NSSNd1ml1]NQSNc1Qm1^NlRNb1Um1_NiRN`1Zm1bNbRN^1_m1eN\RN]1em1=1J6O11N100O000HSN_RNn1`m181O1D`RNXNam1e1>M2K14LOPRN]Nom1c1700O001N10NIkQNhNVn1X19I`QNnNan1Q18J5O101O00001O0N101O10O100O1NK600110O1O010N3L3N2O3L2N0010M4N1O1FRQNCon1;UQNBkn1><O1O1N3N0O2N20O010O001O0O2M2M3O1N2OGiPNLVo14nPNGTo1990O100O10001N101N2N1ON201N2O1000O01O02N2G801O100O2O00000001O1O001O8XOePN;bo1M10001N102M2N_ePZ2
20210219230330Lh_2,a`aP32mo12O2N0O2O1O1N1O2N1[OH`QN:]n1O[QN3Tn1EoQNR1nm1a00001N2O2N2O04K2N3M2N2M2OaRNeNZl1Z1cSNiN^l1IhRNX1h0ROfl1l0YSNVOhl1h0XSNXOil1h0USNZOkl1e0jRNmNL>Zm1e0iRNnNL>\m1e0dRNQOL<am1h12N1O01O01OO10001N1O102M4M1O0001fMfRNl1\m1oMiRNo1dm10002N?A2O0O1O2O1N2N1O100O001O1O2N1N3N1O1O1YORQN:`o1K1N001O1O1N2Nb]\j0
20210219230330Lh_3,Y_ol24ko13M2O1O001O010O002N2N1O00001O010O001O1O0001N11O000010O0O2O001O001O1O010O0O1M4M2O4M\`\P1
20210607142350Bh_1,X\]j13T11oNNYn1>RRN8km1o0O1NN3O2O1O2M3hNbQN=[o1DjclT2
20210627163630Mh_1,`b`Z14ko12N2O2O1N2O2O2M1001N1O1N101O0000001O010O0000O1001O01O00O001O1O010O00010O01O1O1O01O00100O00001O01O0000001O01O010O10O10O10O010O01O10O10000O0010O000001O01O101N1O2N1Of[[`2
20210627163630Mh_2,RgR^11no12O01O01O1O1O00001O000000000000001N1000000001N100000O10000000O010000O001O0010O0100O0010O0010O001O001O1N1O2N1N3N1010O001CiPNNZo10=LlYo]2
20210627163630Mh_3,Y`UU15Vo1NZQN5Xn1Q1N1N3L4L3L3OL5N1K5J2J:O101GTQN^Omn1a090O01L5N2N2O001O1O1N2JTbRi2
20210627163630Mh_4,b`gl14lo12M2O1O1OO10001N10O10O11N10001N1O1O2O0010O01O100N2O000000O100001N10000O01000O0010O0010O11N1000O01000000O1010O0001N2N10001N10001O0000O01000O101O00001N101O00000O0100O001O101N00100OO2O10O2O000O010001N10OO2N2O010O1001O00002K4LQ`Xl1
20210627163630Mh_5,QgkR25^o1>M3M4M3N2M2M3M3_Oa0O1O1000O1O2M4K:Gc0^O2N0O101O00000O1000000000001O00001O0O10000O02O000N3H8N2N2O1O001O01O1O1N2O1O010O2N2O2N1N101N1O1O100O1O01O01O01O01O01N10001M2O1010O011N01O100O1O1O1N101O0O1O2M3C<L5N1N3N11O1O=B7POUQNN25bo1MoW^f1
20210701163730Mh_1,Tada25ho15L4OO100O1O2N10O000100O1O10O011N00100O2N1O2O001O01O001O1O10O1O1O10O001N2O0000000O20O4K1000O2N101N1O1001O0O1O101N1O0002N1O1O00001O000010O0000000O1000001N11O00001O01O01O0000O11N11O0000100O1O001O1O100O10O01O10O01O0O101O1N1N2001O1N3M3N1O0O101O0O10010O1O0100O1O10O0001O0001O001O100O001000O10O1O010O001O01O01O01O0010O0010O01O01O01O010O001O00010O0010O010O0100O100000O10O10000000O0010O4Le[]R1
20210701163730Mh_2,Xh`c25jo13L4M3M3N1000100001O1001N0O1O1102M1O1O15JO1N100101O2M3M2O202M0O16I1N1N2L9F5L[UQZ1
20210701163730Mh_3,fj^Q32no13N01O00O1O010O1O2N1000001O1O1O2N4K110O2N1lPN[Ojn1f0RQN^Omn1l0O7I7J0O2N3M2N01O1N5L3L200O0121NN1N2N1N3N2N2OO000101N2O6I5I6K5KdRSk0
20210701163730Mh_4,`[mS13mo12M7J0O00N102N0101N101N100000O2N100O1000001O0010O001O01O0010000O0100000O10001O000000000001O00000000000000O10O1000OO1100O2O1O[eTh2
20210701163730Mh_5,f\YS13\o14jPN6nn1b0L3_QNTOim1T1oQNoNnm1T1nQNPOPn1j1FnMZRNm1Un1G3N0001O2M4L5L2N1O26L`RNPNgl1o1USN\Ndl1FUSNd11iNWm1o11O4L4K3L4M3M6I4I7L4N2N1\OfQN_O\n1>d0O2N1N3N3Mn`Vj2
20210701163730Mh_6,b^Yb23io14N2O0O2N1O0N2N2O2N10O2O1M2N2010O00100O1O1N3N1I8A>0O1L4M4L4M4M4AjPNJ^o11ocb[1
20210701163730Mh_7,]_Ug14ko1>A5L3M2N1N2BYOaQNh0^n1=000N1E;O1N4N101O1O2N1K6EePNMjo1NUa^W2
20210708060030Lh_1,la\S16jo12N100O101N2O1O2N1O1O1O12N0O001O2M2N10O00010O001O2OO1M3N101N2O2MV]aj2
20210708060030Lh_2,SbmQ34ko12O001O000O10000O100000O01000OO2M3O001N2oNC\RN?dm1ClQNM1a0Rn1DkQNM1`0Tn1CjQNO0>Vn1DjQN0L>Zn1DfQNj0Yn1?00O10000O100N2L4N2O00101O000O10O1L3O1001N11O001O001O10O10O01O1N1MKURN\Nlm1b19O20O1O002O00O1000O01L4N01L5K4001O1I50L401G81O1O1O1GQRNaNPn1^1901O001OGaNRRN^1om1fNlQN[1Tn19O0000O1O1L4O01O1010O0GhQNjNZn1T182M3N101OM2MAiN^RNV1cm1mNZRNS1fm1oNWRNQ1jm1ROoQNP1Tn1<2IjQNbNWn1\18N2N101N00]OlNZRNW1em1a00O1O010CURNiNjm1U1[RNgNgm1W1b0J6L4J7BmPNJXo12<O2M2OedVe0
20210708060030Lh_3,Ye]m11lo17K3N2O1OO1010^PNE[o1b0N2O0O1O100O1O1O1001O0O10001[OjPN<_o1O00000O001O002O0O2N10O01O1O0010O01O1O001O1NcYho1
20210726041650Uh_1,YbjT13jo16K2O2O00001O1O1O0O100001O010O00010O0001O001O1N101O00O1000O1000O0100O1O1O2N1O101N100O100O1O2O0O10000000001O00000000000000000000000O10000O2O000010O01O00000O1000O01000001N10001O0000000000O2O000O10001O001O00001N100001O00O1000000O10000000001N10000O1001O00001O001O01O000010O01O0O101O0O101O000O2O0001O01O0010O01O01O010O001O00000001O001O1O1O1O1O1O1N101N101O1N2O1O1O1N3N1N\]g_2
20210726041650Uh_2,WYkS16io13L5Jc0^O5L3M3M4L3L4K4O1N2N1O101NlNWRN3im1K\RNDKJhm1b0`RN@LLdm1?gRNBHLam1`0_1N10100O100O2O000O1000000000001O0000000000000000000001O0000000001O0001O01O01O00010O0100O010O010O10O10O01000O0100000000000O10000O010000O2O0O2O1N10000O010000001O001N1001O100N100000000O2O001O001N2O000000000O010O0010O0001O001O01OO2O0O1O2M3M_e^c2
20210726041650Uh_3,jXU`15jo13M1O2N101N10000O1001O00001O00001O0000000001O01O0000010O00010O00100O10O10O010000O0100001O100O3M10O01O1O2N1O1O1O1O01O001O4K2O1N100100O01N2O1O1O0O1000000001O1O1O3M1O10O2MSe`Z2
20210730044930Lh_1,]bdg23mo11O1O002N1O1O1O100001N1O1O0010O00010O00000O2O0001O00001O01O01O000010O00001O00100O001000O010O10O10O010O010O0000100O00100O010O00010O00O10001M20001O01O000O2O001O00001O00010OO10000O1000O101O0O1000O1000000001O0010O0001O10O00010O1O1N2O1O10O0000001O001O00100O00010O01O01O0010O0001O00O10O10O2O000O01000O10O01O001O0O1D;J7K5O0M4M2OYO_QN3bn1GgQNNFJen15iQNOYo1N1N2OY]mm0
20210730044930Lh_2,fbXl15jo13N2O1N2O1O1O001O00O01000O101N3N1O1O00000000O100O100O1O100O0100O001000O101O2N1001N1N100O100O2N1102MO1O001I]PNOZ[]P2
20210730044930Lh_3,ncZ`13lo13N8G2O1N2O001N1001O000000001O0O101N2O1N10001N1O100O10000O2O00001O01O00000000O2Nn[S]2
20210730044930Lh_4,ld\o13mo11O1O2N2N3M2N1014L00O1O001O0001O00000000001O00000000001O0001O0000001O1O01N1O1N2NjYQn1
20210730044930Lh_5,UfRW33lo1201N2O2N1O1O1N4N0O1O2N100O100O0010002ON1O00000000000O1O1O2N2OO00010000O00001O001O001O1O1O2N2N1OYXke0
20210730044930Lh_6,]jbh14ko12O2M2O1O1O0100O10000001O0O101N1010O10000001N1O01O1N1O2O2O01N1O01O1OO010O0010O0O2O000O20O00002O1O03M1N2MQTST2
20210730044930Lh_7,YYed21no12[O2UQN0hn14VQNMin15UQNMhn15VQNMhn16TQNMjn1g0L4K4M4M00K5O2TOaQN6_n1IfQNFK2an16l0O2O1O01000O10000000001O000O01000O010000O1O010O0100O100O01000O100000000000O1000000000000dPNKmn15RQNMmn14QQNMon13PQNNPo12PQNNQo13kPNOUo1>00001O010O0010O011N1001O00001N100O1001O100OO1010O01O2N1O1O000O101O00O010004K2N101O01N100000O1O001O1N[fPT1
20210730044930Lh_8,fZmV24ko11N2L4N3N1O000O1OO3N10100O10000O11O0O101O1N2O0O2N1O1O1O1O010O0100O2O002M200O2N10O101O0O00010OO100O2O0O101N10O10O101N100O2O000O100O01000OO2O1N2N2O1O010O010N101O01O00001O0N2O1010O0001O001O1O100O1O001O1O01O1O002N100O2O0O10O001O1Ogfna1
20210730044930Lh_9,`bYi16jo11O2N100O01000O1O010O00100000O10O010O01O01O100O000O01N2O01O1N10100O100O10O1O01O0O000011000O0O2O100O100O2N100O1O01O1O0O2N2N1100O00100O1O0O2N1O2O0O1O2K5O00100O1N1M4N2N110O0OI6O3M3O11O1N1N3O00O20O10O0100O00O100O2O1O001O010O1O1O1O001O10O01O0010O010O0000O1O20O010O010O1O01N10100N10000O1O01I8N20O01001O1O0O1N3O00O01001N1N2N3CTObQNn0]n1<QOmNaRNK2Y1\m1YOcRNg0[m1]OaRNe0[m1R1N2O@hRNZNXm1d1mRNYNTm1e1PSNVNTm1g1f0L3M2EkQNhNVn1S1?DZQNZOhn1d0;N3M2O1O001OGCQQN<Po1FlPN;To18001OO1L5K4O2O0DSOeQNn0Zn1<0I7N1L4O10H9O001B86G:N2N1O2N10O100001L4M3N2O3I7CePNO_o1MQenh1
20210811072510Th_1,YmVS173M^o1<N3L5K4M;E]O]QNMbn1GlQN9Qn1ESRN;lm1CWRN=im1@ZRN?dn1010O0001N1O2N1O10O00010O1O001O01O001O1O001O010O00010O01O01O100O2N1NUQoi2
20210811072510Th_2,h]kP33lo12N11O01O00001O2M3N2N1O001O1O1002O0O1N2N20N2O0O01O1O000O2O101N2N1O3Lbanl0
20211119005210Mh_1,R^Xa13lo12N1O2O2M3N5K7I6J4M04M18HN1N8H2O1N113M01O02M100N100O2N10000010O1O1O00O101O1O1O01O1O01N1O1N2N2O1N2Nh_c[2
20211119005210Mh_2,c`]e02lo13N100O1iNLbQN1h03Um1OWRN?<CZm1Q1cRNoN[m1T1cRNmN\m1U1cRNjN]m1W1bRNjN\m1X1dRNhNZm1[1dRNeN[m1]1dRNcN\m1^1cRNcN\m1`1`RNbN_m1o100O10ZNbRNk0^m1TOfRNi0Zm1WOgRNh0Ym1XOjRNe0Vm1\OQSNAA?^m1OaSNN`l10dSNM]l11eSNL^l12fSNEal1:b101O1O0010O0010O0100O010O100000O1000000O10000O101O0O10000O2N1N2OXbhV3
20211214174010Mh_1,`a^n09fo12O0000000O101O00000000000001O000O1O10000O10O1000000O101O0O101O00001O0010O010O1O2O0O000O2M2N3M^^an2
20211224120130Ch_1,Tcf^2470Yo1a0J5L6J1O18H5L0OeQN@Um1a0gRNCXm1=fRNEYm1=cRNF^m1?PRNXON>Rn1X16J3L3J5H9Jb0ZO:K\[o_1
20211224120130Ch_2,VY_U24lo11O001O100O2O0O010O100O2O1OO010O00001N1000O0100O01O00001OO1000O1O100000000O010O1O0100000010O0O100O10O10O1000O2N1O1O1O1O1N1002F;MXh^f1
20211224120130Ch_3,l]W^22no1101N1O10O01000000O10O02O4K2N10O10003M1OO0100O10O01O0100O10O100O0010O00100O001O1O10O000001O01O010O0101cPNDRo1>jPNEVo1b010O00010N102N0001N1N2O10000O0110O0001O01O000101O00O10O01O010O1O100O001O2N3M0000O1000O011O0O101N1O1O10000O01000O100O1O1O2O00010O0O1000OO200001O0001O0001O0O10000O10001O001N10001N10001N010000O2O00001O1O001OO10O01O101N1000O01001N0100O010O2O000O1000O01000O1000O1O1O1O1O010O10O10O1O1O2N100O010O10O10O10O2O01O01N10000O0000OB\OdQNb0]n1_ObQNa0_n1_O`QNb0_n1_OaQNa0_n1^OaQNb0`n1_O^QNa0bn1@]QN`0dn1@[QN`0fn1BVQN?jn1;1O001O1N1O00N30O1O1O2O1O101OO01000O1O1O10M2O3N2^OmPN5bo1LQbZR1
20211224120130Ch_4,Tb[j25io12O20OO10000N2N2000O101O0O10O2O000O2M101EBSQN?kn1EQQN=on1:0O0100O001O100O0101O01O00001N10O10O1000000000O2O1O0O1010N1001O10O0001O0000O2O000010O000O10O10O10O101O0O1000O010O1O000LRQNWOmn1i0240O10O10OO2N101OO2O10O10O10O10O0N1010100O3N000O20N10000O1O00100O12N2N00001OOO2N2O01O01000O0100O0O1000000010O00100O001O1O1000O1N2L3O2N2O001O0001DFQQN:nn1JnPN8Qo1<O00O2000O01000O101O01N2O00001OO0100OO1001O0O2O1O1O10O10O10O100F^OUQNc0in1ASQN`0mn190O20O10O01000O100O100O101N4M2N0O2O000010O00011N2N010N100000O0010000O010010O00010O000O10O1O010O001O10O10O01O10O0100O002N100O2O1N1000000O2O000N3M2O100010OO10000O_O^QNFbn18bQNF]n1:dQNF\n19fQNFZn17iQNJVn14lQNLUn12mQNMSn12oQNLQn15PRNIQn16m00O1O01O01O010O0001O01N100010O1O010O010O10O001O010O0010O001000O01000O2O0O10O010O011DcPN2ho1NmaZa0
20211224120130Ch_5,hda[22mo13N3L2O2N2O9F1O001O1O2N3M01O0001O00002N3N1N1O2M2O000O2O0O101O10O1N1O2N2N3N001N2O1O1N2O2N1O00001OO0100O00001O001O1O101O0O2O001N101O00001N1O2N1N3NiZl_1
20211231180850Bh_1,gaVX2;co1<D3N2N2M3M3N2M4K4L3O1O01ZOfQNFYn16SRNCmm1;[RN]Ofm1c0k0O2K5N2N2N3N2JT_Yf1
20211231180850Bh_2,\hVU16io14L2O1O1O1O100001O001O00000000O10O100O10O00010O00001O001O0O10000000O1O001O1O0010000O100000001O001O1O0O2O0O2O0O2OSWWg2
20211231180850Bh_3,jY][24ko12O1O001O0O10000O01000O010O1O001O10O0100O010O1O00100O01000000O10000O10O01000O010O100O001O2N1N2O2N1O001O001O1O001O1N20N1I7O1O100O101O0000O101N1001N100000001N101O1O2M2O100O1O2M3NjgP_1
20211231180850Bh_4,m]Ye25io13M2O3M3gPNCkn1n0J3N4K2O010O001O1000O9G2O1N102M2O1N5K2N1N2O0O2N2N2N2N3LVadX1
20220124155050Bh_1,Qbfn02mo12N1O1O100O100O1O1O0010000O0O2O1O1O1O01O000001O00001O010O0100O010O100O01000O010O10O0100O0100O0100O1O1000O011O000O2O000O100O100O1000O1O1O1O2N1O1O10O10O10000O2O0O101O0O2NP_ok2
20220124155050Bh_2,gcnf12mo19G4M3N1N2O1O1O3N2M102N2N00004L001N0001001O0O000O110100N2N2N:E2O1O1O1O001O00O100000O1001N1O100O01O100O1O2N0010O0001O100O001000O10O10O01O1N3N1O000O2O0O1O^YWT2
20220124155050Bh_3,[\gQ21no12O000O101OO0100N101O100O1O00001N101O1O001O100O1O010O010O10O01O00010O00O1O101O00010O001O010O01O00000001O010O010O10O01O10O000100O100O1O1N2O1NReji1
20220328035030Lh_1,cbRR17fo18G;G<C5L2N2SOdNTSN\1kl1QOhRNP1Ym1j011000O02O0O1NQOdRN@Ym1?kRNAQm1?SSN@kl1<\SNBdl1FnRNJh0=Zl1G[TN8dk1EaTN:_k1^OiTNb0[m11O2O0000O01O0001O018J5J0N1N1O001O1N4Lg[Wk2
20220328035030Lh_2,deb_23io17K4M4M2M3N2N110O1003L2N1O0O2O0O1O010O1O2O000O10000O11N100O010O100001O0000O11O00000000O100001O0001N2O1O1O1O1O1N3N3M1OO2O1O1N3N3M3L2OO1O11O00000O101N1O1N4LkWa[1
20220328035030Lh_3,iZma01lo16K5L2M3K4K5M2N101O1O1O1N2O1OO101N1O10N3O1O100O01N2N2J6O101O01O1O001O1O1O00C=O1O1O100001O1O010N200O1O1O00O10O001O0O2G9L4O1N2O100100O1N3M3N3M5J4M1N3M3N2M2N3M_hTY3
20220523234912Lh_1,QYl_15jo12N3M2O2L2I7N2O100O1O2O0O1O100O010OO1010O1O010O2N10000O01000O100O100O00O2N1O200O100O0O2N2N2N2O2M2N2O10000O010000O1O100O001O100O100O10000O100O10000O010O1N2N2O0010O001O10O010O01O010O10O10O0100O100O10001O0O10O10O01O01000O1001O0O101O0O2O1N1O101M200O10O001O1N110O000100O010O2N100O2O0O2N1N3N3M3N2M2O1O1O1O101NPOTRNMkm11YRNNfm12[RNNdm12]RNNbm11_RN0`m1ObRNZOG=fm19dRNWOK>am19SSNEml1;USNDjl1<WSNDhl1;[SNDdl1<^SNBbl1>_SNAal1?`SNA`l1>`SNBal1<aSNC_l1<cSNC]l1<dSND]l1:fSNDZl1;hSNCYl1<jSNAVl1>g1O1N101N3M2N4L^iiT2
20220523234912Lh_2,lcb`16ho13N10O00100O0100O001O1O010O100O100O101O0O10O10O0101O0O101O1O2N2N10O00010O0010O1000O1O10O010000O0100O2OO01N101O00001O000000O1000O2Ol[Y[2
20220523234912Lh_3,iZU[2:do14L3N2N1O1O10OO2O00100O010O01O0000O2O00001O001O0000O1O2M2O11O0O2N10001O01O0O1001O0OL40O3O1O0O2O1N10O010O1O100O1O2O0000O1N200O1000O0O2N2O1O0100000O2N^O_OhQNa0im10TRN1km13oQNORn1n00O1001O1000O10O0001mNRRN4nm1HZRNDA7Xn14V1O0O1O101O0O2O0O2O1O1O2Nki\^1
20220523234912Lh_4,`ZQX12lo14N2N2O0O101N10O010O1O1O100O1O10O01N5L2OO00011M3N001N101N3M2O1O0010O001O001O1O1O010O000100O10O010O010O10O010O00010O0000O0100^OKYQN4dn14VQNNhn1e0O2O01O100N2XOUQN9nn1DXQN2nn1Md0MceXc2
20220523234912Lh_5,c_cf25jo14Ma0@O001N3N1O1N10001N10O10O1O01O0000010O1O010O2O000O100O1O1O1O00100O001O1O01OO01L30N4O0001O0010O00O11O1O00000O1O1NO3N2O10000001O000001O0000OO2O0010100O011N100O2N001N2O01O001O1N1N3N10000001O1O1O10000O1000O01000O100O01O10O10O0100O001O1N3N1O1O1O1O2M2K3L5O2N2N1O2O1O1O100O01O1O2N1O1N2O1O1O1O1N2O100O2N10001N10001N10000O10001N100O100O101N10000O10O10O10O01O1O001O1O01O01O000100O010O001O000O2O010O01O10O0100O01O000O1O1N2M4N1L4O1O1O2N0M400001N1O1O101O1N2O1N2O1O1O1O1N2O001O1N1O2N002K5J6NbeZj0
20220523234912Lh_6,idob2>`o13M4L3O000010O100000O00100O1O2N1N2O1O10O010O10O1O010O001O0001O1O001N101O1N1O2N101N10001N1O1O1O1O100O100O1O2N010O1O001O1O001000O01000O11N1O101N101N1OoZZX1
20220621185332Bh_1,d_^o22eo10`PN3]o19O2O0O2O00001O01O01O00001O001O0000O100O101O0O1000010O0002N01O01O01O01O0001O01O0001000O10O10O0101N2N100O010O01O010O100O1O10O01O1O100O10000000O100O1O010O0101O0O1O01O01O1O010O1O2N002N1O100O010O100O10O100O1000O010O00100O100000O100O1O100O10O00100O00010O0000010O00010O00010O0010O00O2O00000010O0001O010O1O010O0000010O0000000001O00000010O00010O1O1O010O2N100O001O0010O01O000100O0002O0N1000O100000010O1O0100O01O1O010O00001O001O0O2O1O1O00010O000O2O001N2O010O001001O1N2O1O2N1OO10O010000O10000000002O01N101N10N2N2N2N5K3E;K4Ne\]`0
20220621185332Bh_2,ZfZg17ho12O001O000000001O00000dJGQ[N9od1JmZN6Te1KkZN5Ve1KiZN5We1LiZN2Ye1NfZN2Ze10dZN0]e11aZNNae13]ZNMce14\ZNLee15YZNKhe16VZNJke16TZNJme17QZNIPf17oYNIRf17mYNITf17kYNIVf17iYNIXf18fYNH[f19cYNG^f19aYNG`f1:^YNFbf1;]YNEdf1<ZYNDgf1<WYNEjf1;UYNElf1;SYNEnf1<oXNERg1<lXNDTg1=jXNDWg1;iXNEXg1:hXNFYg1:fXNGZg18eXNI]g15cXNK^g15aXNL`g14]XNMdg13[XNNeg13XXNOhg14SXNMmg14QXNKRh15mWNJUh16iWNJZh15eWNJ]h16aWNJbh15]WNKdh14\WNKfh15XWNLhh15VWNLkh13UWNLnh13PWNNQi13mVNLUi15iVNHZi1:dVND_i1=^VNCci1=]VNCdi1=[VNBgi1=XVNDji1:VVNEli1;RVNFPj19nUNGTj18lUNHUj18iUNHZj16eUNK\j15aUNLaj14]UNLej14ZUNKhj15VUNLkj14SUNMnj13oTNNSk12kTNOVk11hTN0Yk10dTN2]k1O`TN1bk1O\TN2fk1NWTN2lk1MQTN3Rl1MlSN3Wl1LfSN5\l1L`SN4dl1OQSN5Rm12XRNYO4f0gm1X11N1O2N2N2N7I3L4N3A^QNYOjn1<\QNBgn19[QNFin15YQNI[ZQR2
20220621185332Bh_3,aaTT1456Vo1<N2O1O1002N1000002N0O000000O1O100N101O1M3N2O2M3N1N3N2M3MYObQN0[n1OiQN0Un1KTRN3im1M[RN1dm1O_RN0_m10eRNL[m14hRNFZm1;U101O1N2O1L5Lb^Ui2
20220621185332Bh_4,VfZ`27go15J7J2N2N2OO1O1K5O1N3N100O10000O10001O0001O000010O0001O001O00O1O01000000000010000O101O0O101O001O000O2O0OQ[[\1
20220621185332Bh_5,egbf01no13L3M2O1O1000O1000O01001O000000O100010O00001O1O2N2O01O100O1001N4M3M2NO1N1N2N2M3N3L3N2MhWeV3
20220621185332Bh_6,eg^W31ko19J4N2N0010000O101OO0O2O1O10O100O1N101N1O2O1O3M1O001O1O00O11O2N:F2OO01O01O1O1O1O101N1O001N3M2O1O1O2N1O4K2O0O2O1N100O100000O01O001O00001OO01000O1O100O1000000O1000O10000O10000000000O010000O0100O1O1O1N3LmUWb0
20220621185332Bh_7,VZSh11ho1h0ZO6L5L4L=C5K4L3JlNdRN0Vm12nRNMol11ZSNKdl13cSNKZl14kSNKRl14RTNKkk16XTNHfk18^TNG_k1:cTNEZk1>gTNCSk1a0oTN^Onj1c0UUN]Ofj1f0ZUN\Ocj1e0^UN]O^j1d0bUN]O]j1c0cUN^O\j1b0eUN]O[j1c0fUN\OYj1d0lUNYOSj1e0QVNYOoi1d0UVN[Oki1c0XVN]Ogi1a0\VN@bi1?`VNA`i1=bVNB^i1=dVNC[i1<gVNCYi1<hVNEVi1;lVNDTi1;mVNESi1:oVNFPi19QWNGnh19SWNGmh17VWNIih16XWNJhh15YWNLeh14]WNLbh13`WNM_h11cWN0[h10gWNOYh10hWN1Vh1OlWN1Sh1NoWN2Ph1MRXN2ng1MTXN3jg1MWXN3ig1LYXN3gg1MZXN2eg1N]XN2bg1N^XN2ag1N`XN2`g1MbXN3\g1NeXN3Xg1NhXN4Vg1KlXN5Rg1LnXN5Pg1KRYN4mf1MSYN3mf1LUYN3jf1MWYN2if1NXYN2gf1OZYN0ef10\YN1bf1O_YN1af1N`YN2_f1NbYN3\f1MfYN2Zf1MgYN3Xf1NhYN2Wf1NjYN2Vf1MlYN2Sf1OmYN1Rf1NPZN3oe1LRZN4me1MSZN3le1MTZN5je1KWZN5he1LXZN4he1KXZN7fe1JYZN7fe1JZZN6ee1J[ZN7ee1I[ZN7ee1G[ZN:ee1FZZN=ee1CZZN>fe1A[ZN?de1B]ZN>ae1C`ZNK]K7Sj1MmZN1Re10oZNOod13R[NLmd14T[NMjd14W[NKgd17Z[NHfd18[[NGdd1:\[NEdd1;][NDdd1<][NBdd1>_5O1000000O1O1O1O001O100O10001N10001N1000001O000O02O00O0O200O100O1OQiPo1
20220621185332Bh_8,`\Uj22ko16L2M2O1O0O1O1L400O1O10O100000O1O0110O00001N2O2N100O2N001O1O001O010O1O01O01O001O1OfdVS1
20220626185332Bh_1,m^bT22jo16L3N101O0O2O0O2N2O1N2N3N3L1O10N1O1N3M2O2O1O1O1O01000O0100000O101O000000O010000O11O00000000O1000001O10O0001N11O00010O100O0010O0000000001O00001O001O2N1O1O1O1O001O010000O01O100O1O1O2O0O1O1OO1000000I8M2N3N2N2O0O2O002M4MQacd1
20220626185332Bh_2,Vb`V12lo13O0000001O00011N00100O00101O1N1O01OO2O001O1O10O1O001N10010O0001O1O1O2O0000O10O100O0001O00001O00O1000O2O01O000000010O00010O00001O1O0O2O1O1O1O00001O0O20O01O01O00010O0O101O00O10O100000001O2M20O01O10O01O001O0O101O000O2O01O01O01O010O00001O000000010O01O01O01O01O01O01O0010O00001O00001O001O1O01O01O000000001O0001O0001000O010O01O1O1N^\W_2
20220626185332Bh_3,Scfi25jo12N2N2N1N101N101O000O1M3J]OnPNe0Qo16O10O1001O000010O001O1O1N10100O00010O001O1N2N2O1O1N110O1O10O100O0100O1N2O010O1O001O1N2O3Kn\cR1
20220626185332Bh_4,hfjj14ko12O1O100O1O1O001O1O00000001O00000001O00010O000O2O000O1N3N10001O0010O01O010O2N10O00001OO10O1O01001N101O001O001O1O001O001O001O0010O00010O0001O010O00010O01O0001O00100O0010O010O10O1000O010O10O1000O2O000O011N10O01000000O10O01O101N1O001O01O10O01O010O1O01O01O0000100O0010O00100O1O01O010O2O01O1O1O001N1O2O1N1O1O100002N102M5J2O001N101O0O1000O1O0100O010O1O010O1O001O0010O00010O00000001O010O1O2O10O1O2N2M2O01N2N1O2LnU_h1
20220626185332Bh_5,Zgbo01no15L;E2N010O010O0010O01O10O0010O00100O1O00010O1O101N3N1N2O1O128ION0N4L100O010O002O0O2O0O101N3M2O0O10O001cNnQNl0Pn1ROTRNm0lm1QOWRNJFP1Qn1VObRNg0]m1XOfRNg0Zm1WOhRNh0Yn101O6J1O0O10001O0O010O1O101OO1001O1N100O1O00010O0001O1O1N2O1O1O1O0001O0001O000000000O2O000O2N10O02N10001O1N1000H7O101N2O1O0O2N2O001O010O01000O10O1000O010O1O01O01O001O1O0000001N3N[VWg2
20220626185332Bh_6,cUkZ22lo13N101N101O000O01000O00100O0001O1O10O01000O01000O0100000000000000001O0000010OO10001O01O01O001O1NejRb1
20220626185332Bh_7,gZ]U14ko13N0O2OO01N1N3I6O2M3J5O00N0101O2O1N100N3OK6L4O0001L3000010O1O2N1O2CIkQN]OSn1b0RRN[Omm1e0VRNXOlm1f0g002L3N3M3M3L4M3MThfg2
20220626185332Bh_8,aXQn25jo13N1O1O00O110OgPNLfn14XQN0fn12UQN2kn1b0O1O01O001N10001N100O10O10O1O01N2L3O2C=O1N3N1O10O2AmQNmNWn1k0c0K5M3M2N3M3M6JmgVo0
20220626185332Bh_9,j[g`11no12N2O0000100O001O000000000O2O0000000000010OO10O2O00001O1O1O0001O001O00001O00001O00010O00001O00000000O01000O1O1O100O1O0O2O0010O1O001O10O01O001O010O10O01000O010O00100O00000001O1O001N2N1001O0001N3MndTY2
20220714185352Th_1,d[`Y15jo13N1O0O2O1O0O2O00O0100O001O001O0O0O2O1O2L40O01000O0100O010O10O010OO2K401N1N3N10001O00O0010000C]QN^Obn1b0>KlPN_OTo1`07O01000O01N2O1O0O2N2O1N1N2O11N2N200N2N2N11000O010N2N02M2103L3M2M3M3MffUa2
20220714185352Th_2,]_b^13mo12N3M2M2O1O2M3N1O1O10O010O100010O1O0000O100O2O1O01O4K0001O0O10001N10100O1O2O0001O00001O0O0001O1N200O2N10O2O1O00000000O1O100O1O100O1O100O100O1O2O1N0002O1N2M2O2N2M:G1O001O001O0103M1OO0010O0000000000000O10O100000O2O001N2O010O001O01O01O01O01O0100O1O2O1N1N200O0100000O2O0O1O100O1O100N2O1O1N2O1O1O1O010O001N20O00001O1N1O2M3O000O2O00001N10000O1001N10001O10O00001OO10000000000000000O1000010O00000000000001O01O00001O0010O01O001O1O1O1N101O00O10000O10001N10000000O10000O10O10O100O2O01O001O0O101O000001O0001O001O00001O0001O01O001O00001O001O0O101O00000001O00010O1O00100O1O1O0010O01O001O1O100O100O01O001O01O01O01O00001O00001O001O10O0001O00010O1O0O101O0O20O001O001O01O01O00001O00100O00100O10O10O0100O101N6K0000O2O1N00100O001H_QNPO`n1n0dQNPO]n1o0cQNRO\n1n0eQNQO\n1m0fQNSOYn1n0gQNROYn1m0>O10O01O11N1000O00010O01O001O10O11O010O1N2OO1N200O1O10000O101N100000O1O100O1000O1000O1005L01N00O1000010O01N2N2O1N309GO14K1O00O00002O010O2M100000001O00000O1O3M1N2N2HTQNWOon1e09N2N2M2O1O101N4LgXSe1
20220714185352Th_3,_fX^26io12N2O0O100O101O0000O2N10000O100001O01O010O10O100O1000000O100000O10000001O00100O001O2N11O0N2N3M6I_Xe^1
20220714185352Th_4,ZiPm27[o1b0I7J6K6I4L5K4K4G:MgNhRNNUm10USNKhl12_SNL^l12hSNMUl12PTNMnk12VTNLhk14]TNJ`k16dTNH[k17iTNHUk17nTNHPk16UUNJhj16[UNJcj15`UNK]j16fUNIWj17kUNJPj19RVNG`i1e0aVN\O[i1f0gVNYOWi1h0jVNXOUi1h0lVNXOTi1f0oVNXOQi1e0SWN[Omh1>ZWNBeh1;_WNEah15eWNLZh12hWNNXh12gWNOXh12hWN0eLGXk18TXN;kg1EUXN;jg1FUXN:lg1FTXN:lg1EVXN5aLBXk19WXN1gLDRk1:YXNMiLInj1:[XNIiLOjj18QYNJlf15TYN1gf1OYYN3ef1M[YN4df1L]YN3cf1M_YN1af1OaYN0hKI[j18oYNObKM]j14RZN9me1GTZN:je1EWZN<he1BZZN?fe1_O\ZNa0lK[ORi11U[Nd0fK^OSn1c0iQN_OYn1a0dQN@]n1b0^QN@in1h04M1N2M2O001O00001O1O1^OkPN7ao1N00010O0001O02O00O010O0010N10001N100000O100000O100000001N010O10O001O0010O1O1OYSkk0
20220714185352Th_5,nnb`28go14M1000O100O001O1O00001OO2O00002N4M0O1O1O1O2N1O00JiPNCVo1<8N2N10O1N3O10O0100O1N101O00001000O1O0O2N20O00O1O0011O001O1O00001O0000O1O2N200O10000O101O01O0O10000O100O10000O010000001OO1O0O2O1O01O01O01O01O1O100O1O1O2O1MURmX1
20220714185352Th_6,UXek03lo15K4K3L3O1O1O000O2N1M30000O100O2O1O0O2N1000N2O100E;O1M3O10000000001N2O001O01O001O1O001O10O101O2N2N010N3J\iPQ3
20220714185352Th_7,a\gR25ho14N0O2M3N101N2K4N3M3N1O3N1N2M4M4N1N100OO2L3O2O0O1N2O2N1O01M3001H7N2O100O10O0O2O1O0N2O101O1N20M3O1O1000FZOZQNg0an1=O02O01O2L0N42O001O0O00N101O101L22O00O200002N2N2N3N1N2N1O101O0O10O1010O1O2O10N2N101N3M2N2N0O01N2N10000O1J7N1M4M3M2O1L4O1O101M4L4KRhle1
20220714185352Th_8,SYck23lo13M5L3L000O2N1O10O11OL4O1000010O010N1000000001O001O001O00100O00JdPNH]o1770000O10000O100001O01O01O01O01000O2MhgTQ1
20220714185352Th_9,XbYb12lo15M2N2N00000O10O10O10000O0O2N2N2N2O0O200O01000O100O1N2O1O100O010O1O1O1O001O00O1N2O11O1N011N101O10O001O1O001N2O2OO0100O010O10N2M201O01O100O1O10O01O10O01O10O010O10O100O1N2O100O001O10O1O010O1O1O1O000O02M2O010001O1O00O10000O00101O00O2N10000O10001N1N20O200O100O1000O0100O001O0O2N200O101O0N101O1O000001O000O2O001O10O01O001O01O0100O010O100O1000O10000O001L4N11000O100000000O010O100O2N1O101O0O100O1O3L_a\Q2
20220714185352Th_10,ccaY22mo12M4M5L2M2O2O7H1O001N10000O2O0N2O1O1O100O01010O01N100O2N1N2O001N2M2O1O2N2O10O10O10O1N10001N101N2N101O0000000000100O002O0O101N2N001OO001O1010000O11N11O02N10OO1000O0100O001O2N100O2N1O1000O100O100O001O1N11O0O2M201O0010O1O2N01000O01N2O100O01N010001O000O1O0O110000001O01O101N100O2N00100O00010O1O01000O01000O10O01O101N10O10O1O001O00O10001O1O001O1O10000O100O2O0O1N3M2N2OJ501O1O2O2N100O001O1O001O1O010O10O01O1O0010O01O1O10O10O1000O10000O1O100O1O001O01O1O0010O1O001O10O00001OO01O1O1O100O110O1O0O2O000O1N2HoPN@So1?601O100O101O1O1N2N3N001OXaRV1
20220728185352Th_1,j_hj26ho13M3M3M2O1N2O0OLjPNAUo1?42O101O001OK5O1000001N2O1O001O10O0O2N10000010O001O001O01O10O100010O00001N10000O010000O2O1O1O0010O00010O010O2OO00010O100001O1O10N10O0ePNFQo1;jPNIUo1`02O001O001O00001O00000000000001O0001O0000001O0001OO011O0000100O0011O1O01O01gPNFin1;SQNHnn1d01N2N3M3N1N2O1N2O1N2O000O2O000O2O1O001N2No_el0
20220728185352Th_2,Xf\Y34lo11O1N2O1O01O01O00001O0O2O0000O1O10O0100O01O010O10O01O1000O10O10O10O1O010O1O0100001O0O101O0O100000O2N1O100O100O100O1O1N200O10000O2O01N11O00TZWb0
20220728185352Th_3,gon=2no11M2K4L6M2N2N3M2N2I6001O0O2N1O2O1O1O010O100N10100O01O01O0100O0O2N2N1N3M2N20O1O2M3N2M3K6MQRW_3
20220728185352Th_4,^dY`23lo13XPNL_o1a0`PNBPo1h0N2O1O1O001O100001O00010O0O1000O1000001O00001O1O1O000O1000O001000O010O1O100O1O1N2O00100O01O2K6L4L3N2M3M4M3L5L3Kj[P\1
